10/04/2026 8:15:14 am: System.IO.FileNotFoundException: Could not find file 'C:\Users\DELL\Desktop\Automation Studio\Automation Studio\TagCreator\bin\Debug x64\test.xml'.
File name: 'C:\Users\DELL\Desktop\Automation Studio\Automation Studio\TagCreator\bin\Debug x64\test.xml'
   at System.IO.__Error.WinIOError(Int32 errorCode, String maybeFullPath)
   at System.IO.FileStream.Init(String path, FileMode mode, FileAccess access, Int32 rights, Boolean useRights, FileShare share, Int32 bufferSize, FileOptions options, SECURITY_ATTRIBUTES secAttrs, String msgPath, Boolean bFromProxy, Boolean useLongPath, Boolean checkHost)
   at System.IO.FileStream..ctor(String path, FileMode mode, FileAccess access, FileShare share, Int32 bufferSize, FileOptions options, String msgPath, Boolean bFromProxy, Boolean useLongPath, Boolean checkHost)
   at System.IO.StreamReader..ctor(String path, Encoding encoding, Boolean detectEncodingFromByteOrderMarks, Int32 bufferSize, Boolean checkHost)
   at System.IO.StreamReader..ctor(String path)
   at TagCreator.Project.Load(String filePath) in C:\Users\DELL\Desktop\Automation Studio\Automation Studio\TagCreator\TagCreator\DataModels\ProjectDataModel.cs:line 70
--------
10/04/2026 8:15:14 am: System.NullReferenceException: Object reference not set to an instance of an object.
   at TagCreator.MainWindow.LoadProject(String filePath) in C:\Users\DELL\Desktop\Automation Studio\Automation Studio\TagCreator\TagCreator\MainWindow.xaml.cs:line 311
--------
10/04/2026 8:15:21 am: System.NullReferenceException: Object reference not set to an instance of an object.
   at TagCreator.ModelViewControl._treeView_SelectedItemChanged(Object sender, RoutedPropertyChangedEventArgs`1 e) in C:\Users\DELL\Desktop\Automation Studio\Automation Studio\TagCreator\TagCreator\EngineeringView\ModelViewControl.xaml.cs:line 413
--------
10/04/2026 8:15:23 am: System.NullReferenceException: Object reference not set to an instance of an object.
   at TagCreator.ModelViewControl._treeView_SelectedItemChanged(Object sender, RoutedPropertyChangedEventArgs`1 e) in C:\Users\DELL\Desktop\Automation Studio\Automation Studio\TagCreator\TagCreator\EngineeringView\ModelViewControl.xaml.cs:line 413
--------
10/04/2026 8:15:33 am: System.NullReferenceException: Object reference not set to an instance of an object.
   at TagCreator.ModelViewControl._treeView_SelectedItemChanged(Object sender, RoutedPropertyChangedEventArgs`1 e) in C:\Users\DELL\Desktop\Automation Studio\Automation Studio\TagCreator\TagCreator\EngineeringView\ModelViewControl.xaml.cs:line 413
--------
10/04/2026 8:15:40 am: System.NullReferenceException: Object reference not set to an instance of an object.
   at TagCreator.ModelViewControl._treeView_SelectedItemChanged(Object sender, RoutedPropertyChangedEventArgs`1 e) in C:\Users\DELL\Desktop\Automation Studio\Automation Studio\TagCreator\TagCreator\EngineeringView\ModelViewControl.xaml.cs:line 413
--------
10/04/2026 8:15:41 am: System.NullReferenceException: Object reference not set to an instance of an object.
   at TagCreator.ModelViewControl._treeView_SelectedItemChanged(Object sender, RoutedPropertyChangedEventArgs`1 e) in C:\Users\DELL\Desktop\Automation Studio\Automation Studio\TagCreator\TagCreator\EngineeringView\ModelViewControl.xaml.cs:line 413
--------
10/04/2026 8:15:43 am: System.NullReferenceException: Object reference not set to an instance of an object.
   at TagCreator.ModelViewControl._treeView_SelectedItemChanged(Object sender, RoutedPropertyChangedEventArgs`1 e) in C:\Users\DELL\Desktop\Automation Studio\Automation Studio\TagCreator\TagCreator\EngineeringView\ModelViewControl.xaml.cs:line 413
--------
10/04/2026 8:15:44 am: System.NullReferenceException: Object reference not set to an instance of an object.
   at TagCreator.ModelViewControl._treeView_SelectedItemChanged(Object sender, RoutedPropertyChangedEventArgs`1 e) in C:\Users\DELL\Desktop\Automation Studio\Automation Studio\TagCreator\TagCreator\EngineeringView\ModelViewControl.xaml.cs:line 413
--------
10/04/2026 8:15:48 am: System.NullReferenceException: Object reference not set to an instance of an object.
   at TagCreator.ModelViewControl._treeView_SelectedItemChanged(Object sender, RoutedPropertyChangedEventArgs`1 e) in C:\Users\DELL\Desktop\Automation Studio\Automation Studio\TagCreator\TagCreator\EngineeringView\ModelViewControl.xaml.cs:line 413
--------
10/04/2026 8:15:59 am: System.NullReferenceException: Object reference not set to an instance of an object.
   at TagCreator.ModelViewControl._treeView_SelectedItemChanged(Object sender, RoutedPropertyChangedEventArgs`1 e) in C:\Users\DELL\Desktop\Automation Studio\Automation Studio\TagCreator\TagCreator\EngineeringView\ModelViewControl.xaml.cs:line 413
--------
10/04/2026 8:16:03 am: System.NullReferenceException: Object reference not set to an instance of an object.
   at TagCreator.ModelViewControl._treeView_SelectedItemChanged(Object sender, RoutedPropertyChangedEventArgs`1 e) in C:\Users\DELL\Desktop\Automation Studio\Automation Studio\TagCreator\TagCreator\EngineeringView\ModelViewControl.xaml.cs:line 413
--------
10/04/2026 8:16:13 am: System.NullReferenceException: Object reference not set to an instance of an object.
   at TagCreator.ModelViewControl._treeView_SelectedItemChanged(Object sender, RoutedPropertyChangedEventArgs`1 e) in C:\Users\DELL\Desktop\Automation Studio\Automation Studio\TagCreator\TagCreator\EngineeringView\ModelViewControl.xaml.cs:line 413
--------
10/04/2026 8:16:39 am: System.NullReferenceException: Object reference not set to an instance of an object.
   at TagCreator.ModelViewControl._treeView_SelectedItemChanged(Object sender, RoutedPropertyChangedEventArgs`1 e) in C:\Users\DELL\Desktop\Automation Studio\Automation Studio\TagCreator\TagCreator\EngineeringView\ModelViewControl.xaml.cs:line 413
--------
10/04/2026 8:16:39 am: System.NullReferenceException: Object reference not set to an instance of an object.
   at TagCreator.ModelViewControl._treeView_SelectedItemChanged(Object sender, RoutedPropertyChangedEventArgs`1 e) in C:\Users\DELL\Desktop\Automation Studio\Automation Studio\TagCreator\TagCreator\EngineeringView\ModelViewControl.xaml.cs:line 413
--------
10/04/2026 8:16:41 am: System.ArgumentNullException: Value cannot be null.
Parameter name: key
   at System.ThrowHelper.ThrowArgumentNullException(ExceptionArgument argument)
   at System.Collections.Generic.Dictionary`2.Insert(TKey key, TValue value, Boolean add)
   at System.Linq.Enumerable.ToDictionary[TSource,TKey,TElement](IEnumerable`1 source, Func`2 keySelector, Func`2 elementSelector, IEqualityComparer`1 comparer)
   at System.Linq.Enumerable.ToDictionary[TSource,TKey,TElement](IEnumerable`1 source, Func`2 keySelector, Func`2 elementSelector)
   at TagCreator.IgnitionAPI.<>c__DisplayClass0_0.<UploadAreaAsFolder>b__0(Instance instance) in C:\Users\DELL\Desktop\Automation Studio\Automation Studio\TagCreator\TagCreator\Services\IgnitionAPI.cs:line 29
   at System.Linq.Enumerable.WhereSelectEnumerableIterator`2.MoveNext()
   at System.Collections.Generic.List`1..ctor(IEnumerable`1 collection)
   at System.Linq.Enumerable.ToList[TSource](IEnumerable`1 source)
   at TagCreator.IgnitionAPI.<UploadAreaAsFolder>d__0.MoveNext() in C:\Users\DELL\Desktop\Automation Studio\Automation Studio\TagCreator\TagCreator\Services\IgnitionAPI.cs:line 20
--- End of stack trace from previous location where exception was thrown ---
   at System.Runtime.ExceptionServices.ExceptionDispatchInfo.Throw()
   at System.Runtime.CompilerServices.TaskAwaiter.HandleNonSuccessAndDebuggerNotification(Task task)
   at System.Runtime.CompilerServices.TaskAwaiter.GetResult()
   at TagCreator.ModelViewControl.<UploadAreaToIgnition_Click>d__78.MoveNext() in C:\Users\DELL\Desktop\Automation Studio\Automation Studio\TagCreator\TagCreator\EngineeringView\ModelViewControl.xaml.cs:line 348
--- End of stack trace from previous location where exception was thrown ---
   at System.Runtime.ExceptionServices.ExceptionDispatchInfo.Throw()
   at System.Windows.Threading.ExceptionWrapper.InternalRealCall(Delegate callback, Object args, Int32 numArgs)
   at System.Windows.Threading.ExceptionWrapper.TryCatchWhen(Object source, Delegate callback, Object args, Int32 numArgs, Delegate catchHandler)
--------
10/04/2026 8:23:03 am: System.IO.FileNotFoundException: Could not find file 'C:\Users\DELL\Desktop\Automation Studio\Automation Studio\TagCreator\bin\Debug x64\test.xml'.
File name: 'C:\Users\DELL\Desktop\Automation Studio\Automation Studio\TagCreator\bin\Debug x64\test.xml'
   at System.IO.__Error.WinIOError(Int32 errorCode, String maybeFullPath)
   at System.IO.FileStream.Init(String path, FileMode mode, FileAccess access, Int32 rights, Boolean useRights, FileShare share, Int32 bufferSize, FileOptions options, SECURITY_ATTRIBUTES secAttrs, String msgPath, Boolean bFromProxy, Boolean useLongPath, Boolean checkHost)
   at System.IO.FileStream..ctor(String path, FileMode mode, FileAccess access, FileShare share, Int32 bufferSize, FileOptions options, String msgPath, Boolean bFromProxy, Boolean useLongPath, Boolean checkHost)
   at System.IO.StreamReader..ctor(String path, Encoding encoding, Boolean detectEncodingFromByteOrderMarks, Int32 bufferSize, Boolean checkHost)
   at System.IO.StreamReader..ctor(String path)
   at TagCreator.Project.Load(String filePath) in C:\Users\DELL\Desktop\Automation Studio\Automation Studio\TagCreator\TagCreator\DataModels\ProjectDataModel.cs:line 70
--------
10/04/2026 8:23:03 am: System.NullReferenceException: Object reference not set to an instance of an object.
   at TagCreator.MainWindow.LoadProject(String filePath) in C:\Users\DELL\Desktop\Automation Studio\Automation Studio\TagCreator\TagCreator\MainWindow.xaml.cs:line 311
--------
10/04/2026 8:23:18 am: System.NullReferenceException: Object reference not set to an instance of an object.
   at TagCreator.ModelViewControl._treeView_SelectedItemChanged(Object sender, RoutedPropertyChangedEventArgs`1 e) in C:\Users\DELL\Desktop\Automation Studio\Automation Studio\TagCreator\TagCreator\EngineeringView\ModelViewControl.xaml.cs:line 413
--------
10/04/2026 8:23:18 am: System.NullReferenceException: Object reference not set to an instance of an object.
   at TagCreator.ModelViewControl._treeView_SelectedItemChanged(Object sender, RoutedPropertyChangedEventArgs`1 e) in C:\Users\DELL\Desktop\Automation Studio\Automation Studio\TagCreator\TagCreator\EngineeringView\ModelViewControl.xaml.cs:line 413
--------
10/04/2026 8:23:19 am: System.NullReferenceException: Object reference not set to an instance of an object.
   at TagCreator.ModelViewControl._treeView_SelectedItemChanged(Object sender, RoutedPropertyChangedEventArgs`1 e) in C:\Users\DELL\Desktop\Automation Studio\Automation Studio\TagCreator\TagCreator\EngineeringView\ModelViewControl.xaml.cs:line 413
--------
10/04/2026 8:23:22 am: System.ArgumentNullException: Value cannot be null.
Parameter name: key
   at System.ThrowHelper.ThrowArgumentNullException(ExceptionArgument argument)
   at System.Collections.Generic.Dictionary`2.Insert(TKey key, TValue value, Boolean add)
   at System.Linq.Enumerable.ToDictionary[TSource,TKey,TElement](IEnumerable`1 source, Func`2 keySelector, Func`2 elementSelector, IEqualityComparer`1 comparer)
   at System.Linq.Enumerable.ToDictionary[TSource,TKey,TElement](IEnumerable`1 source, Func`2 keySelector, Func`2 elementSelector)
   at TagCreator.IgnitionAPI.<>c__DisplayClass0_0.<UploadAreaAsFolder>b__0(Instance instance) in C:\Users\DELL\Desktop\Automation Studio\Automation Studio\TagCreator\TagCreator\Services\IgnitionAPI.cs:line 31
   at System.Linq.Enumerable.WhereSelectEnumerableIterator`2.MoveNext()
   at System.Collections.Generic.List`1..ctor(IEnumerable`1 collection)
   at System.Linq.Enumerable.ToList[TSource](IEnumerable`1 source)
   at TagCreator.IgnitionAPI.<UploadAreaAsFolder>d__0.MoveNext() in C:\Users\DELL\Desktop\Automation Studio\Automation Studio\TagCreator\TagCreator\Services\IgnitionAPI.cs:line 22
--- End of stack trace from previous location where exception was thrown ---
   at System.Runtime.ExceptionServices.ExceptionDispatchInfo.Throw()
   at System.Runtime.CompilerServices.TaskAwaiter.HandleNonSuccessAndDebuggerNotification(Task task)
   at System.Runtime.CompilerServices.TaskAwaiter.GetResult()
   at TagCreator.ModelViewControl.<UploadAreaToIgnition_Click>d__78.MoveNext() in C:\Users\DELL\Desktop\Automation Studio\Automation Studio\TagCreator\TagCreator\EngineeringView\ModelViewControl.xaml.cs:line 348
--- End of stack trace from previous location where exception was thrown ---
   at System.Runtime.ExceptionServices.ExceptionDispatchInfo.Throw()
   at System.Windows.Threading.ExceptionWrapper.InternalRealCall(Delegate callback, Object args, Int32 numArgs)
   at System.Windows.Threading.ExceptionWrapper.TryCatchWhen(Object source, Delegate callback, Object args, Int32 numArgs, Delegate catchHandler)
--------
10/04/2026 8:28:44 am: System.IO.FileNotFoundException: Could not find file 'C:\Users\DELL\Desktop\Automation Studio\Automation Studio\TagCreator\bin\Debug x64\test.xml'.
File name: 'C:\Users\DELL\Desktop\Automation Studio\Automation Studio\TagCreator\bin\Debug x64\test.xml'
   at System.IO.__Error.WinIOError(Int32 errorCode, String maybeFullPath)
   at System.IO.FileStream.Init(String path, FileMode mode, FileAccess access, Int32 rights, Boolean useRights, FileShare share, Int32 bufferSize, FileOptions options, SECURITY_ATTRIBUTES secAttrs, String msgPath, Boolean bFromProxy, Boolean useLongPath, Boolean checkHost)
   at System.IO.FileStream..ctor(String path, FileMode mode, FileAccess access, FileShare share, Int32 bufferSize, FileOptions options, String msgPath, Boolean bFromProxy, Boolean useLongPath, Boolean checkHost)
   at System.IO.StreamReader..ctor(String path, Encoding encoding, Boolean detectEncodingFromByteOrderMarks, Int32 bufferSize, Boolean checkHost)
   at System.IO.StreamReader..ctor(String path)
   at TagCreator.Project.Load(String filePath) in C:\Users\DELL\Desktop\Automation Studio\Automation Studio\TagCreator\TagCreator\DataModels\ProjectDataModel.cs:line 70
--------
10/04/2026 8:28:44 am: System.NullReferenceException: Object reference not set to an instance of an object.
   at TagCreator.MainWindow.LoadProject(String filePath) in C:\Users\DELL\Desktop\Automation Studio\Automation Studio\TagCreator\TagCreator\MainWindow.xaml.cs:line 311
--------
10/04/2026 8:28:52 am: System.NullReferenceException: Object reference not set to an instance of an object.
   at TagCreator.ModelViewControl._treeView_SelectedItemChanged(Object sender, RoutedPropertyChangedEventArgs`1 e) in C:\Users\DELL\Desktop\Automation Studio\Automation Studio\TagCreator\TagCreator\EngineeringView\ModelViewControl.xaml.cs:line 427
--------
10/04/2026 8:28:55 am: System.NullReferenceException: Object reference not set to an instance of an object.
   at TagCreator.ModelViewControl._treeView_SelectedItemChanged(Object sender, RoutedPropertyChangedEventArgs`1 e) in C:\Users\DELL\Desktop\Automation Studio\Automation Studio\TagCreator\TagCreator\EngineeringView\ModelViewControl.xaml.cs:line 427
--------
10/04/2026 8:28:56 am: System.NullReferenceException: Object reference not set to an instance of an object.
   at TagCreator.ModelViewControl._treeView_SelectedItemChanged(Object sender, RoutedPropertyChangedEventArgs`1 e) in C:\Users\DELL\Desktop\Automation Studio\Automation Studio\TagCreator\TagCreator\EngineeringView\ModelViewControl.xaml.cs:line 427
--------
10/04/2026 8:28:57 am: System.NullReferenceException: Object reference not set to an instance of an object.
   at TagCreator.ModelViewControl._treeView_SelectedItemChanged(Object sender, RoutedPropertyChangedEventArgs`1 e) in C:\Users\DELL\Desktop\Automation Studio\Automation Studio\TagCreator\TagCreator\EngineeringView\ModelViewControl.xaml.cs:line 427
--------
10/04/2026 8:28:59 am: System.NullReferenceException: Object reference not set to an instance of an object.
   at TagCreator.ModelViewControl._treeView_SelectedItemChanged(Object sender, RoutedPropertyChangedEventArgs`1 e) in C:\Users\DELL\Desktop\Automation Studio\Automation Studio\TagCreator\TagCreator\EngineeringView\ModelViewControl.xaml.cs:line 427
--------
10/04/2026 8:29:03 am: System.NullReferenceException: Object reference not set to an instance of an object.
   at TagCreator.ModelViewControl._treeView_SelectedItemChanged(Object sender, RoutedPropertyChangedEventArgs`1 e) in C:\Users\DELL\Desktop\Automation Studio\Automation Studio\TagCreator\TagCreator\EngineeringView\ModelViewControl.xaml.cs:line 427
--------
10/04/2026 8:29:11 am: System.NullReferenceException: Object reference not set to an instance of an object.
   at TagCreator.ModelViewControl._treeView_SelectedItemChanged(Object sender, RoutedPropertyChangedEventArgs`1 e) in C:\Users\DELL\Desktop\Automation Studio\Automation Studio\TagCreator\TagCreator\EngineeringView\ModelViewControl.xaml.cs:line 427
--------
10/04/2026 8:29:16 am: System.NullReferenceException: Object reference not set to an instance of an object.
   at TagCreator.ModelViewControl._treeView_SelectedItemChanged(Object sender, RoutedPropertyChangedEventArgs`1 e) in C:\Users\DELL\Desktop\Automation Studio\Automation Studio\TagCreator\TagCreator\EngineeringView\ModelViewControl.xaml.cs:line 427
--------
10/04/2026 8:29:17 am: System.NullReferenceException: Object reference not set to an instance of an object.
   at TagCreator.ModelViewControl._treeView_SelectedItemChanged(Object sender, RoutedPropertyChangedEventArgs`1 e) in C:\Users\DELL\Desktop\Automation Studio\Automation Studio\TagCreator\TagCreator\EngineeringView\ModelViewControl.xaml.cs:line 427
--------
10/04/2026 8:29:17 am: System.NullReferenceException: Object reference not set to an instance of an object.
   at TagCreator.ModelViewControl._treeView_SelectedItemChanged(Object sender, RoutedPropertyChangedEventArgs`1 e) in C:\Users\DELL\Desktop\Automation Studio\Automation Studio\TagCreator\TagCreator\EngineeringView\ModelViewControl.xaml.cs:line 427
--------
10/04/2026 8:29:26 am: System.NullReferenceException: Object reference not set to an instance of an object.
   at TagCreator.ModelViewControl._treeView_SelectedItemChanged(Object sender, RoutedPropertyChangedEventArgs`1 e) in C:\Users\DELL\Desktop\Automation Studio\Automation Studio\TagCreator\TagCreator\EngineeringView\ModelViewControl.xaml.cs:line 427
--------
10/04/2026 8:29:33 am: System.NullReferenceException: Object reference not set to an instance of an object.
   at TagCreator.ModelViewControl._treeView_SelectedItemChanged(Object sender, RoutedPropertyChangedEventArgs`1 e) in C:\Users\DELL\Desktop\Automation Studio\Automation Studio\TagCreator\TagCreator\EngineeringView\ModelViewControl.xaml.cs:line 427
--------
10/04/2026 8:29:37 am: System.NullReferenceException: Object reference not set to an instance of an object.
   at TagCreator.ModelViewControl._treeView_SelectedItemChanged(Object sender, RoutedPropertyChangedEventArgs`1 e) in C:\Users\DELL\Desktop\Automation Studio\Automation Studio\TagCreator\TagCreator\EngineeringView\ModelViewControl.xaml.cs:line 427
--------
10/04/2026 8:29:46 am: System.NullReferenceException: Object reference not set to an instance of an object.
   at TagCreator.ModelViewControl._treeView_SelectedItemChanged(Object sender, RoutedPropertyChangedEventArgs`1 e) in C:\Users\DELL\Desktop\Automation Studio\Automation Studio\TagCreator\TagCreator\EngineeringView\ModelViewControl.xaml.cs:line 427
--------
10/04/2026 8:29:47 am: System.NullReferenceException: Object reference not set to an instance of an object.
   at TagCreator.ModelViewControl._treeView_SelectedItemChanged(Object sender, RoutedPropertyChangedEventArgs`1 e) in C:\Users\DELL\Desktop\Automation Studio\Automation Studio\TagCreator\TagCreator\EngineeringView\ModelViewControl.xaml.cs:line 427
--------
10/04/2026 8:29:50 am: System.NullReferenceException: Object reference not set to an instance of an object.
   at TagCreator.ModelViewControl._treeView_SelectedItemChanged(Object sender, RoutedPropertyChangedEventArgs`1 e) in C:\Users\DELL\Desktop\Automation Studio\Automation Studio\TagCreator\TagCreator\EngineeringView\ModelViewControl.xaml.cs:line 427
--------
10/04/2026 8:29:55 am: System.NullReferenceException: Object reference not set to an instance of an object.
   at TagCreator.ModelViewControl._treeView_SelectedItemChanged(Object sender, RoutedPropertyChangedEventArgs`1 e) in C:\Users\DELL\Desktop\Automation Studio\Automation Studio\TagCreator\TagCreator\EngineeringView\ModelViewControl.xaml.cs:line 427
--------
10/04/2026 8:30:03 am: System.NullReferenceException: Object reference not set to an instance of an object.
   at TagCreator.ModelViewControl._treeView_SelectedItemChanged(Object sender, RoutedPropertyChangedEventArgs`1 e) in C:\Users\DELL\Desktop\Automation Studio\Automation Studio\TagCreator\TagCreator\EngineeringView\ModelViewControl.xaml.cs:line 427
--------
10/04/2026 8:30:05 am: System.NullReferenceException: Object reference not set to an instance of an object.
   at TagCreator.ModelViewControl._treeView_SelectedItemChanged(Object sender, RoutedPropertyChangedEventArgs`1 e) in C:\Users\DELL\Desktop\Automation Studio\Automation Studio\TagCreator\TagCreator\EngineeringView\ModelViewControl.xaml.cs:line 427
--------
10/04/2026 8:30:07 am: System.NullReferenceException: Object reference not set to an instance of an object.
   at TagCreator.ModelViewControl._treeView_SelectedItemChanged(Object sender, RoutedPropertyChangedEventArgs`1 e) in C:\Users\DELL\Desktop\Automation Studio\Automation Studio\TagCreator\TagCreator\EngineeringView\ModelViewControl.xaml.cs:line 427
--------
10/04/2026 8:30:08 am: System.NullReferenceException: Object reference not set to an instance of an object.
   at TagCreator.ModelViewControl._treeView_SelectedItemChanged(Object sender, RoutedPropertyChangedEventArgs`1 e) in C:\Users\DELL\Desktop\Automation Studio\Automation Studio\TagCreator\TagCreator\EngineeringView\ModelViewControl.xaml.cs:line 427
--------
10/04/2026 8:30:10 am: System.ArgumentNullException: Value cannot be null.
Parameter name: key
   at System.ThrowHelper.ThrowArgumentNullException(ExceptionArgument argument)
   at System.Collections.Generic.Dictionary`2.Insert(TKey key, TValue value, Boolean add)
   at System.Linq.Enumerable.ToDictionary[TSource,TKey,TElement](IEnumerable`1 source, Func`2 keySelector, Func`2 elementSelector, IEqualityComparer`1 comparer)
   at System.Linq.Enumerable.ToDictionary[TSource,TKey,TElement](IEnumerable`1 source, Func`2 keySelector, Func`2 elementSelector)
   at TagCreator.IgnitionAPI.<>c__DisplayClass0_0.<UploadAllAreasAsFolders>b__2(Instance instance) in C:\Users\DELL\Desktop\Automation Studio\Automation Studio\TagCreator\TagCreator\Services\IgnitionAPI.cs:line 34
   at System.Linq.Enumerable.WhereSelectEnumerableIterator`2.MoveNext()
   at System.Collections.Generic.List`1..ctor(IEnumerable`1 collection)
   at System.Linq.Enumerable.ToList[TSource](IEnumerable`1 source)
   at TagCreator.IgnitionAPI.<>c__DisplayClass0_0.<UploadAllAreasAsFolders>b__0(Area area) in C:\Users\DELL\Desktop\Automation Studio\Automation Studio\TagCreator\TagCreator\Services\IgnitionAPI.cs:line 25
   at System.Linq.Enumerable.WhereSelectEnumerableIterator`2.MoveNext()
   at System.Linq.Enumerable.WhereEnumerableIterator`1.MoveNext()
   at System.Collections.Generic.List`1..ctor(IEnumerable`1 collection)
   at System.Linq.Enumerable.ToList[TSource](IEnumerable`1 source)
   at TagCreator.IgnitionAPI.<UploadAllAreasAsFolders>d__0.MoveNext() in C:\Users\DELL\Desktop\Automation Studio\Automation Studio\TagCreator\TagCreator\Services\IgnitionAPI.cs:line 20
--- End of stack trace from previous location where exception was thrown ---
   at System.Runtime.ExceptionServices.ExceptionDispatchInfo.Throw()
   at System.Runtime.CompilerServices.TaskAwaiter.HandleNonSuccessAndDebuggerNotification(Task task)
   at System.Runtime.CompilerServices.TaskAwaiter.GetResult()
   at TagCreator.ModelViewControl.<UploadAllAreasToIgnition_Click>d__78.MoveNext() in C:\Users\DELL\Desktop\Automation Studio\Automation Studio\TagCreator\TagCreator\EngineeringView\ModelViewControl.xaml.cs:line 348
--- End of stack trace from previous location where exception was thrown ---
   at System.Runtime.ExceptionServices.ExceptionDispatchInfo.Throw()
   at System.Windows.Threading.ExceptionWrapper.InternalRealCall(Delegate callback, Object args, Int32 numArgs)
   at System.Windows.Threading.ExceptionWrapper.TryCatchWhen(Object source, Delegate callback, Object args, Int32 numArgs, Delegate catchHandler)
--------
10/04/2026 8:38:50 am: System.IO.FileNotFoundException: Could not find file 'C:\Users\DELL\Desktop\Automation Studio\Automation Studio\TagCreator\bin\Debug x64\test.xml'.
File name: 'C:\Users\DELL\Desktop\Automation Studio\Automation Studio\TagCreator\bin\Debug x64\test.xml'
   at System.IO.__Error.WinIOError(Int32 errorCode, String maybeFullPath)
   at System.IO.FileStream.Init(String path, FileMode mode, FileAccess access, Int32 rights, Boolean useRights, FileShare share, Int32 bufferSize, FileOptions options, SECURITY_ATTRIBUTES secAttrs, String msgPath, Boolean bFromProxy, Boolean useLongPath, Boolean checkHost)
   at System.IO.FileStream..ctor(String path, FileMode mode, FileAccess access, FileShare share, Int32 bufferSize, FileOptions options, String msgPath, Boolean bFromProxy, Boolean useLongPath, Boolean checkHost)
   at System.IO.StreamReader..ctor(String path, Encoding encoding, Boolean detectEncodingFromByteOrderMarks, Int32 bufferSize, Boolean checkHost)
   at System.IO.StreamReader..ctor(String path)
   at TagCreator.Project.Load(String filePath) in C:\Users\DELL\Desktop\Automation Studio\Automation Studio\TagCreator\TagCreator\DataModels\ProjectDataModel.cs:line 70
--------
10/04/2026 8:38:50 am: System.NullReferenceException: Object reference not set to an instance of an object.
   at TagCreator.MainWindow.LoadProject(String filePath) in C:\Users\DELL\Desktop\Automation Studio\Automation Studio\TagCreator\TagCreator\MainWindow.xaml.cs:line 311
--------
10/04/2026 8:38:59 am: System.NullReferenceException: Object reference not set to an instance of an object.
   at TagCreator.ModelViewControl._treeView_SelectedItemChanged(Object sender, RoutedPropertyChangedEventArgs`1 e) in C:\Users\DELL\Desktop\Automation Studio\Automation Studio\TagCreator\TagCreator\EngineeringView\ModelViewControl.xaml.cs:line 427
--------
10/04/2026 8:39:00 am: System.NullReferenceException: Object reference not set to an instance of an object.
   at TagCreator.ModelViewControl._treeView_SelectedItemChanged(Object sender, RoutedPropertyChangedEventArgs`1 e) in C:\Users\DELL\Desktop\Automation Studio\Automation Studio\TagCreator\TagCreator\EngineeringView\ModelViewControl.xaml.cs:line 427
--------
10/04/2026 8:39:09 am: System.NullReferenceException: Object reference not set to an instance of an object.
   at TagCreator.ModelViewControl._treeView_SelectedItemChanged(Object sender, RoutedPropertyChangedEventArgs`1 e) in C:\Users\DELL\Desktop\Automation Studio\Automation Studio\TagCreator\TagCreator\EngineeringView\ModelViewControl.xaml.cs:line 427
--------
10/04/2026 8:39:19 am: System.NullReferenceException: Object reference not set to an instance of an object.
   at TagCreator.ModelViewControl._treeView_SelectedItemChanged(Object sender, RoutedPropertyChangedEventArgs`1 e) in C:\Users\DELL\Desktop\Automation Studio\Automation Studio\TagCreator\TagCreator\EngineeringView\ModelViewControl.xaml.cs:line 427
--------
10/04/2026 8:39:25 am: System.NullReferenceException: Object reference not set to an instance of an object.
   at TagCreator.ModelViewControl._treeView_SelectedItemChanged(Object sender, RoutedPropertyChangedEventArgs`1 e) in C:\Users\DELL\Desktop\Automation Studio\Automation Studio\TagCreator\TagCreator\EngineeringView\ModelViewControl.xaml.cs:line 427
--------
10/04/2026 8:39:26 am: System.NullReferenceException: Object reference not set to an instance of an object.
   at TagCreator.ModelViewControl._treeView_SelectedItemChanged(Object sender, RoutedPropertyChangedEventArgs`1 e) in C:\Users\DELL\Desktop\Automation Studio\Automation Studio\TagCreator\TagCreator\EngineeringView\ModelViewControl.xaml.cs:line 427
--------
10/04/2026 8:39:35 am: System.NullReferenceException: Object reference not set to an instance of an object.
   at TagCreator.ModelViewControl._treeView_SelectedItemChanged(Object sender, RoutedPropertyChangedEventArgs`1 e) in C:\Users\DELL\Desktop\Automation Studio\Automation Studio\TagCreator\TagCreator\EngineeringView\ModelViewControl.xaml.cs:line 427
--------
10/04/2026 8:39:36 am: System.NullReferenceException: Object reference not set to an instance of an object.
   at TagCreator.ModelViewControl._treeView_SelectedItemChanged(Object sender, RoutedPropertyChangedEventArgs`1 e) in C:\Users\DELL\Desktop\Automation Studio\Automation Studio\TagCreator\TagCreator\EngineeringView\ModelViewControl.xaml.cs:line 427
--------
10/04/2026 8:39:39 am: System.NullReferenceException: Object reference not set to an instance of an object.
   at TagCreator.ModelViewControl._treeView_SelectedItemChanged(Object sender, RoutedPropertyChangedEventArgs`1 e) in C:\Users\DELL\Desktop\Automation Studio\Automation Studio\TagCreator\TagCreator\EngineeringView\ModelViewControl.xaml.cs:line 427
--------
10/04/2026 8:39:41 am: System.NullReferenceException: Object reference not set to an instance of an object.
   at TagCreator.ModelViewControl._treeView_SelectedItemChanged(Object sender, RoutedPropertyChangedEventArgs`1 e) in C:\Users\DELL\Desktop\Automation Studio\Automation Studio\TagCreator\TagCreator\EngineeringView\ModelViewControl.xaml.cs:line 427
--------
10/04/2026 8:39:45 am: System.NullReferenceException: Object reference not set to an instance of an object.
   at TagCreator.ModelViewControl._treeView_SelectedItemChanged(Object sender, RoutedPropertyChangedEventArgs`1 e) in C:\Users\DELL\Desktop\Automation Studio\Automation Studio\TagCreator\TagCreator\EngineeringView\ModelViewControl.xaml.cs:line 427
--------
10/04/2026 8:39:53 am: System.NullReferenceException: Object reference not set to an instance of an object.
   at TagCreator.ModelViewControl._treeView_SelectedItemChanged(Object sender, RoutedPropertyChangedEventArgs`1 e) in C:\Users\DELL\Desktop\Automation Studio\Automation Studio\TagCreator\TagCreator\EngineeringView\ModelViewControl.xaml.cs:line 427
--------
10/04/2026 8:39:57 am: System.NullReferenceException: Object reference not set to an instance of an object.
   at TagCreator.ModelViewControl._treeView_SelectedItemChanged(Object sender, RoutedPropertyChangedEventArgs`1 e) in C:\Users\DELL\Desktop\Automation Studio\Automation Studio\TagCreator\TagCreator\EngineeringView\ModelViewControl.xaml.cs:line 427
--------
10/04/2026 8:39:57 am: System.NullReferenceException: Object reference not set to an instance of an object.
   at TagCreator.ModelViewControl._treeView_SelectedItemChanged(Object sender, RoutedPropertyChangedEventArgs`1 e) in C:\Users\DELL\Desktop\Automation Studio\Automation Studio\TagCreator\TagCreator\EngineeringView\ModelViewControl.xaml.cs:line 427
--------
10/04/2026 8:41:31 am: System.IO.FileNotFoundException: Could not find file 'C:\Users\DELL\Desktop\Automation Studio\Automation Studio\TagCreator\bin\Debug x64\test.xml'.
File name: 'C:\Users\DELL\Desktop\Automation Studio\Automation Studio\TagCreator\bin\Debug x64\test.xml'
   at System.IO.__Error.WinIOError(Int32 errorCode, String maybeFullPath)
   at System.IO.FileStream.Init(String path, FileMode mode, FileAccess access, Int32 rights, Boolean useRights, FileShare share, Int32 bufferSize, FileOptions options, SECURITY_ATTRIBUTES secAttrs, String msgPath, Boolean bFromProxy, Boolean useLongPath, Boolean checkHost)
   at System.IO.FileStream..ctor(String path, FileMode mode, FileAccess access, FileShare share, Int32 bufferSize, FileOptions options, String msgPath, Boolean bFromProxy, Boolean useLongPath, Boolean checkHost)
   at System.IO.StreamReader..ctor(String path, Encoding encoding, Boolean detectEncodingFromByteOrderMarks, Int32 bufferSize, Boolean checkHost)
   at System.IO.StreamReader..ctor(String path)
   at TagCreator.Project.Load(String filePath) in C:\Users\DELL\Desktop\Automation Studio\Automation Studio\TagCreator\TagCreator\DataModels\ProjectDataModel.cs:line 70
--------
10/04/2026 8:41:31 am: System.NullReferenceException: Object reference not set to an instance of an object.
   at TagCreator.MainWindow.LoadProject(String filePath) in C:\Users\DELL\Desktop\Automation Studio\Automation Studio\TagCreator\TagCreator\MainWindow.xaml.cs:line 311
--------
10/04/2026 8:41:37 am: System.NullReferenceException: Object reference not set to an instance of an object.
   at TagCreator.ModelViewControl._treeView_SelectedItemChanged(Object sender, RoutedPropertyChangedEventArgs`1 e) in C:\Users\DELL\Desktop\Automation Studio\Automation Studio\TagCreator\TagCreator\EngineeringView\ModelViewControl.xaml.cs:line 427
--------
10/04/2026 8:41:37 am: System.NullReferenceException: Object reference not set to an instance of an object.
   at TagCreator.ModelViewControl._treeView_SelectedItemChanged(Object sender, RoutedPropertyChangedEventArgs`1 e) in C:\Users\DELL\Desktop\Automation Studio\Automation Studio\TagCreator\TagCreator\EngineeringView\ModelViewControl.xaml.cs:line 427
--------
10/04/2026 8:41:42 am: System.NullReferenceException: Object reference not set to an instance of an object.
   at TagCreator.ModelViewControl._treeView_SelectedItemChanged(Object sender, RoutedPropertyChangedEventArgs`1 e) in C:\Users\DELL\Desktop\Automation Studio\Automation Studio\TagCreator\TagCreator\EngineeringView\ModelViewControl.xaml.cs:line 427
--------
10/04/2026 8:41:43 am: System.NullReferenceException: Object reference not set to an instance of an object.
   at TagCreator.ModelViewControl._treeView_SelectedItemChanged(Object sender, RoutedPropertyChangedEventArgs`1 e) in C:\Users\DELL\Desktop\Automation Studio\Automation Studio\TagCreator\TagCreator\EngineeringView\ModelViewControl.xaml.cs:line 427
--------
10/04/2026 8:43:29 am: System.IO.FileNotFoundException: Could not find file 'C:\Users\DELL\Desktop\Automation Studio\Automation Studio\TagCreator\bin\Debug x64\test.xml'.
File name: 'C:\Users\DELL\Desktop\Automation Studio\Automation Studio\TagCreator\bin\Debug x64\test.xml'
   at System.IO.__Error.WinIOError(Int32 errorCode, String maybeFullPath)
   at System.IO.FileStream.Init(String path, FileMode mode, FileAccess access, Int32 rights, Boolean useRights, FileShare share, Int32 bufferSize, FileOptions options, SECURITY_ATTRIBUTES secAttrs, String msgPath, Boolean bFromProxy, Boolean useLongPath, Boolean checkHost)
   at System.IO.FileStream..ctor(String path, FileMode mode, FileAccess access, FileShare share, Int32 bufferSize, FileOptions options, String msgPath, Boolean bFromProxy, Boolean useLongPath, Boolean checkHost)
   at System.IO.StreamReader..ctor(String path, Encoding encoding, Boolean detectEncodingFromByteOrderMarks, Int32 bufferSize, Boolean checkHost)
   at System.IO.StreamReader..ctor(String path)
   at TagCreator.Project.Load(String filePath) in C:\Users\DELL\Desktop\Automation Studio\Automation Studio\TagCreator\TagCreator\DataModels\ProjectDataModel.cs:line 70
--------
10/04/2026 8:43:29 am: System.NullReferenceException: Object reference not set to an instance of an object.
   at TagCreator.MainWindow.LoadProject(String filePath) in C:\Users\DELL\Desktop\Automation Studio\Automation Studio\TagCreator\TagCreator\MainWindow.xaml.cs:line 311
--------
10/04/2026 8:43:35 am: System.NullReferenceException: Object reference not set to an instance of an object.
   at TagCreator.ModelViewControl._treeView_SelectedItemChanged(Object sender, RoutedPropertyChangedEventArgs`1 e) in C:\Users\DELL\Desktop\Automation Studio\Automation Studio\TagCreator\TagCreator\EngineeringView\ModelViewControl.xaml.cs:line 427
--------
10/04/2026 8:43:36 am: System.NullReferenceException: Object reference not set to an instance of an object.
   at TagCreator.ModelViewControl._treeView_SelectedItemChanged(Object sender, RoutedPropertyChangedEventArgs`1 e) in C:\Users\DELL\Desktop\Automation Studio\Automation Studio\TagCreator\TagCreator\EngineeringView\ModelViewControl.xaml.cs:line 427
--------
10/04/2026 8:43:49 am: System.NullReferenceException: Object reference not set to an instance of an object.
   at TagCreator.ModelViewControl._treeView_SelectedItemChanged(Object sender, RoutedPropertyChangedEventArgs`1 e) in C:\Users\DELL\Desktop\Automation Studio\Automation Studio\TagCreator\TagCreator\EngineeringView\ModelViewControl.xaml.cs:line 427
--------
10/04/2026 8:50:25 am: System.IO.FileNotFoundException: Could not find file 'C:\Users\DELL\Desktop\Automation Studio\Automation Studio\TagCreator\bin\Debug x64\test.xml'.
File name: 'C:\Users\DELL\Desktop\Automation Studio\Automation Studio\TagCreator\bin\Debug x64\test.xml'
   at System.IO.__Error.WinIOError(Int32 errorCode, String maybeFullPath)
   at System.IO.FileStream.Init(String path, FileMode mode, FileAccess access, Int32 rights, Boolean useRights, FileShare share, Int32 bufferSize, FileOptions options, SECURITY_ATTRIBUTES secAttrs, String msgPath, Boolean bFromProxy, Boolean useLongPath, Boolean checkHost)
   at System.IO.FileStream..ctor(String path, FileMode mode, FileAccess access, FileShare share, Int32 bufferSize, FileOptions options, String msgPath, Boolean bFromProxy, Boolean useLongPath, Boolean checkHost)
   at System.IO.StreamReader..ctor(String path, Encoding encoding, Boolean detectEncodingFromByteOrderMarks, Int32 bufferSize, Boolean checkHost)
   at System.IO.StreamReader..ctor(String path)
   at TagCreator.Project.Load(String filePath) in C:\Users\DELL\Desktop\Automation Studio\Automation Studio\TagCreator\TagCreator\DataModels\ProjectDataModel.cs:line 70
--------
10/04/2026 8:50:25 am: System.NullReferenceException: Object reference not set to an instance of an object.
   at TagCreator.MainWindow.LoadProject(String filePath) in C:\Users\DELL\Desktop\Automation Studio\Automation Studio\TagCreator\TagCreator\MainWindow.xaml.cs:line 311
--------
10/04/2026 8:50:40 am: System.NullReferenceException: Object reference not set to an instance of an object.
   at TagCreator.ModelViewControl._treeView_SelectedItemChanged(Object sender, RoutedPropertyChangedEventArgs`1 e) in C:\Users\DELL\Desktop\Automation Studio\Automation Studio\TagCreator\TagCreator\EngineeringView\ModelViewControl.xaml.cs:line 427
--------
10/04/2026 8:50:41 am: System.NullReferenceException: Object reference not set to an instance of an object.
   at TagCreator.ModelViewControl._treeView_SelectedItemChanged(Object sender, RoutedPropertyChangedEventArgs`1 e) in C:\Users\DELL\Desktop\Automation Studio\Automation Studio\TagCreator\TagCreator\EngineeringView\ModelViewControl.xaml.cs:line 427
--------
10/04/2026 8:50:44 am: System.NullReferenceException: Object reference not set to an instance of an object.
   at TagCreator.ModelViewControl._treeView_SelectedItemChanged(Object sender, RoutedPropertyChangedEventArgs`1 e) in C:\Users\DELL\Desktop\Automation Studio\Automation Studio\TagCreator\TagCreator\EngineeringView\ModelViewControl.xaml.cs:line 427
--------
10/04/2026 8:50:44 am: System.NullReferenceException: Object reference not set to an instance of an object.
   at TagCreator.ModelViewControl._treeView_SelectedItemChanged(Object sender, RoutedPropertyChangedEventArgs`1 e) in C:\Users\DELL\Desktop\Automation Studio\Automation Studio\TagCreator\TagCreator\EngineeringView\ModelViewControl.xaml.cs:line 427
--------
10/04/2026 8:50:45 am: System.NullReferenceException: Object reference not set to an instance of an object.
   at TagCreator.ModelViewControl._treeView_SelectedItemChanged(Object sender, RoutedPropertyChangedEventArgs`1 e) in C:\Users\DELL\Desktop\Automation Studio\Automation Studio\TagCreator\TagCreator\EngineeringView\ModelViewControl.xaml.cs:line 427
--------
10/04/2026 8:50:47 am: System.NullReferenceException: Object reference not set to an instance of an object.
   at TagCreator.ModelViewControl._treeView_SelectedItemChanged(Object sender, RoutedPropertyChangedEventArgs`1 e) in C:\Users\DELL\Desktop\Automation Studio\Automation Studio\TagCreator\TagCreator\EngineeringView\ModelViewControl.xaml.cs:line 427
--------
10/04/2026 8:50:49 am: System.NullReferenceException: Object reference not set to an instance of an object.
   at TagCreator.ModelViewControl._treeView_SelectedItemChanged(Object sender, RoutedPropertyChangedEventArgs`1 e) in C:\Users\DELL\Desktop\Automation Studio\Automation Studio\TagCreator\TagCreator\EngineeringView\ModelViewControl.xaml.cs:line 427
--------
10/04/2026 8:50:57 am: System.NullReferenceException: Object reference not set to an instance of an object.
   at TagCreator.ModelViewControl._treeView_SelectedItemChanged(Object sender, RoutedPropertyChangedEventArgs`1 e) in C:\Users\DELL\Desktop\Automation Studio\Automation Studio\TagCreator\TagCreator\EngineeringView\ModelViewControl.xaml.cs:line 427
--------
10/04/2026 8:51:01 am: System.NullReferenceException: Object reference not set to an instance of an object.
   at TagCreator.ModelViewControl._treeView_SelectedItemChanged(Object sender, RoutedPropertyChangedEventArgs`1 e) in C:\Users\DELL\Desktop\Automation Studio\Automation Studio\TagCreator\TagCreator\EngineeringView\ModelViewControl.xaml.cs:line 427
--------
10/04/2026 8:51:07 am: System.NullReferenceException: Object reference not set to an instance of an object.
   at TagCreator.ModelViewControl._treeView_SelectedItemChanged(Object sender, RoutedPropertyChangedEventArgs`1 e) in C:\Users\DELL\Desktop\Automation Studio\Automation Studio\TagCreator\TagCreator\EngineeringView\ModelViewControl.xaml.cs:line 427
--------
10/04/2026 8:51:10 am: System.NullReferenceException: Object reference not set to an instance of an object.
   at TagCreator.ModelViewControl._treeView_SelectedItemChanged(Object sender, RoutedPropertyChangedEventArgs`1 e) in C:\Users\DELL\Desktop\Automation Studio\Automation Studio\TagCreator\TagCreator\EngineeringView\ModelViewControl.xaml.cs:line 427
--------
10/04/2026 8:51:13 am: System.NullReferenceException: Object reference not set to an instance of an object.
   at TagCreator.ModelViewControl._treeView_SelectedItemChanged(Object sender, RoutedPropertyChangedEventArgs`1 e) in C:\Users\DELL\Desktop\Automation Studio\Automation Studio\TagCreator\TagCreator\EngineeringView\ModelViewControl.xaml.cs:line 427
--------
10/04/2026 8:51:16 am: System.NullReferenceException: Object reference not set to an instance of an object.
   at TagCreator.ModelViewControl._treeView_SelectedItemChanged(Object sender, RoutedPropertyChangedEventArgs`1 e) in C:\Users\DELL\Desktop\Automation Studio\Automation Studio\TagCreator\TagCreator\EngineeringView\ModelViewControl.xaml.cs:line 427
--------
10/04/2026 8:51:18 am: System.NullReferenceException: Object reference not set to an instance of an object.
   at TagCreator.ModelViewControl._treeView_SelectedItemChanged(Object sender, RoutedPropertyChangedEventArgs`1 e) in C:\Users\DELL\Desktop\Automation Studio\Automation Studio\TagCreator\TagCreator\EngineeringView\ModelViewControl.xaml.cs:line 427
--------
10/04/2026 8:51:20 am: System.NullReferenceException: Object reference not set to an instance of an object.
   at TagCreator.ModelViewControl._treeView_SelectedItemChanged(Object sender, RoutedPropertyChangedEventArgs`1 e) in C:\Users\DELL\Desktop\Automation Studio\Automation Studio\TagCreator\TagCreator\EngineeringView\ModelViewControl.xaml.cs:line 427
--------
10/04/2026 8:51:21 am: System.NullReferenceException: Object reference not set to an instance of an object.
   at TagCreator.ModelViewControl._treeView_SelectedItemChanged(Object sender, RoutedPropertyChangedEventArgs`1 e) in C:\Users\DELL\Desktop\Automation Studio\Automation Studio\TagCreator\TagCreator\EngineeringView\ModelViewControl.xaml.cs:line 427
--------
10/04/2026 8:51:24 am: System.NullReferenceException: Object reference not set to an instance of an object.
   at TagCreator.ModelViewControl._treeView_SelectedItemChanged(Object sender, RoutedPropertyChangedEventArgs`1 e) in C:\Users\DELL\Desktop\Automation Studio\Automation Studio\TagCreator\TagCreator\EngineeringView\ModelViewControl.xaml.cs:line 427
--------
10/04/2026 8:51:25 am: System.NullReferenceException: Object reference not set to an instance of an object.
   at TagCreator.ModelViewControl._treeView_SelectedItemChanged(Object sender, RoutedPropertyChangedEventArgs`1 e) in C:\Users\DELL\Desktop\Automation Studio\Automation Studio\TagCreator\TagCreator\EngineeringView\ModelViewControl.xaml.cs:line 427
--------
10/04/2026 8:51:29 am: System.NullReferenceException: Object reference not set to an instance of an object.
   at TagCreator.ModelViewControl._treeView_SelectedItemChanged(Object sender, RoutedPropertyChangedEventArgs`1 e) in C:\Users\DELL\Desktop\Automation Studio\Automation Studio\TagCreator\TagCreator\EngineeringView\ModelViewControl.xaml.cs:line 427
--------
10/04/2026 8:59:25 am: System.NullReferenceException: Object reference not set to an instance of an object.
   at TagCreator.ModelViewControl._treeView_SelectedItemChanged(Object sender, RoutedPropertyChangedEventArgs`1 e) in C:\Users\DELL\Desktop\Automation Studio\Automation Studio\TagCreator\TagCreator\EngineeringView\ModelViewControl.xaml.cs:line 427
--------
10/04/2026 8:59:25 am: System.NullReferenceException: Object reference not set to an instance of an object.
   at TagCreator.ModelViewControl._treeView_SelectedItemChanged(Object sender, RoutedPropertyChangedEventArgs`1 e) in C:\Users\DELL\Desktop\Automation Studio\Automation Studio\TagCreator\TagCreator\EngineeringView\ModelViewControl.xaml.cs:line 427
--------
10/04/2026 8:59:25 am: System.NullReferenceException: Object reference not set to an instance of an object.
   at TagCreator.ModelViewControl._treeView_SelectedItemChanged(Object sender, RoutedPropertyChangedEventArgs`1 e) in C:\Users\DELL\Desktop\Automation Studio\Automation Studio\TagCreator\TagCreator\EngineeringView\ModelViewControl.xaml.cs:line 427
--------
10/04/2026 9:01:35 am: System.NullReferenceException: Object reference not set to an instance of an object.
   at TagCreator.ModelViewControl._treeView_SelectedItemChanged(Object sender, RoutedPropertyChangedEventArgs`1 e) in C:\Users\DELL\Desktop\Automation Studio\Automation Studio\TagCreator\TagCreator\EngineeringView\ModelViewControl.xaml.cs:line 427
--------
10/04/2026 9:01:35 am: System.NullReferenceException: Object reference not set to an instance of an object.
   at TagCreator.ModelViewControl._treeView_SelectedItemChanged(Object sender, RoutedPropertyChangedEventArgs`1 e) in C:\Users\DELL\Desktop\Automation Studio\Automation Studio\TagCreator\TagCreator\EngineeringView\ModelViewControl.xaml.cs:line 427
--------
10/04/2026 9:01:35 am: System.NullReferenceException: Object reference not set to an instance of an object.
   at TagCreator.ModelViewControl._treeView_SelectedItemChanged(Object sender, RoutedPropertyChangedEventArgs`1 e) in C:\Users\DELL\Desktop\Automation Studio\Automation Studio\TagCreator\TagCreator\EngineeringView\ModelViewControl.xaml.cs:line 427
--------
10/04/2026 9:01:37 am: System.NullReferenceException: Object reference not set to an instance of an object.
   at TagCreator.ModelViewControl._treeView_SelectedItemChanged(Object sender, RoutedPropertyChangedEventArgs`1 e) in C:\Users\DELL\Desktop\Automation Studio\Automation Studio\TagCreator\TagCreator\EngineeringView\ModelViewControl.xaml.cs:line 427
--------
10/04/2026 9:02:15 am: System.ArgumentNullException: Value cannot be null.
Parameter name: key
   at System.ThrowHelper.ThrowArgumentNullException(ExceptionArgument argument)
   at System.Collections.Generic.Dictionary`2.Insert(TKey key, TValue value, Boolean add)
   at System.Linq.Enumerable.ToDictionary[TSource,TKey,TElement](IEnumerable`1 source, Func`2 keySelector, Func`2 elementSelector, IEqualityComparer`1 comparer)
   at System.Linq.Enumerable.ToDictionary[TSource,TKey,TElement](IEnumerable`1 source, Func`2 keySelector, Func`2 elementSelector)
   at TagCreator.IgnitionAPI.<>c__DisplayClass0_0.<UploadAllAreasAsFolders>b__0(Instance instance) in C:\Users\DELL\Desktop\Automation Studio\Automation Studio\TagCreator\TagCreator\Services\IgnitionAPI.cs:line 77
   at System.Linq.Enumerable.WhereSelectEnumerableIterator`2.MoveNext()
   at System.Collections.Generic.List`1..ctor(IEnumerable`1 collection)
   at System.Linq.Enumerable.ToList[TSource](IEnumerable`1 source)
   at TagCreator.IgnitionAPI.<UploadAllAreasAsFolders>d__0.MoveNext() in C:\Users\DELL\Desktop\Automation Studio\Automation Studio\TagCreator\TagCreator\Services\IgnitionAPI.cs:line 68
--- End of stack trace from previous location where exception was thrown ---
   at System.Runtime.ExceptionServices.ExceptionDispatchInfo.Throw()
   at System.Runtime.CompilerServices.TaskAwaiter.HandleNonSuccessAndDebuggerNotification(Task task)
   at System.Runtime.CompilerServices.TaskAwaiter.GetResult()
   at TagCreator.ModelViewControl.<UploadAllAreasToIgnition_Click>d__78.MoveNext() in C:\Users\DELL\Desktop\Automation Studio\Automation Studio\TagCreator\TagCreator\EngineeringView\ModelViewControl.xaml.cs:line 348
--- End of stack trace from previous location where exception was thrown ---
   at System.Runtime.ExceptionServices.ExceptionDispatchInfo.Throw()
   at System.Windows.Threading.ExceptionWrapper.InternalRealCall(Delegate callback, Object args, Int32 numArgs)
   at System.Windows.Threading.ExceptionWrapper.TryCatchWhen(Object source, Delegate callback, Object args, Int32 numArgs, Delegate catchHandler)
--------
10/04/2026 9:02:34 am: System.IO.FileNotFoundException: Could not find file 'C:\Users\DELL\Desktop\Automation Studio\Automation Studio\TagCreator\bin\Debug x64\test.xml'.
File name: 'C:\Users\DELL\Desktop\Automation Studio\Automation Studio\TagCreator\bin\Debug x64\test.xml'
   at System.IO.__Error.WinIOError(Int32 errorCode, String maybeFullPath)
   at System.IO.FileStream.Init(String path, FileMode mode, FileAccess access, Int32 rights, Boolean useRights, FileShare share, Int32 bufferSize, FileOptions options, SECURITY_ATTRIBUTES secAttrs, String msgPath, Boolean bFromProxy, Boolean useLongPath, Boolean checkHost)
   at System.IO.FileStream..ctor(String path, FileMode mode, FileAccess access, FileShare share, Int32 bufferSize, FileOptions options, String msgPath, Boolean bFromProxy, Boolean useLongPath, Boolean checkHost)
   at System.IO.StreamReader..ctor(String path, Encoding encoding, Boolean detectEncodingFromByteOrderMarks, Int32 bufferSize, Boolean checkHost)
   at System.IO.StreamReader..ctor(String path)
   at TagCreator.Project.Load(String filePath) in C:\Users\DELL\Desktop\Automation Studio\Automation Studio\TagCreator\TagCreator\DataModels\ProjectDataModel.cs:line 70
--------
10/04/2026 9:02:34 am: System.NullReferenceException: Object reference not set to an instance of an object.
   at TagCreator.MainWindow.LoadProject(String filePath) in C:\Users\DELL\Desktop\Automation Studio\Automation Studio\TagCreator\TagCreator\MainWindow.xaml.cs:line 311
--------
10/04/2026 9:02:40 am: System.NullReferenceException: Object reference not set to an instance of an object.
   at TagCreator.ModelViewControl._treeView_SelectedItemChanged(Object sender, RoutedPropertyChangedEventArgs`1 e) in C:\Users\DELL\Desktop\Automation Studio\Automation Studio\TagCreator\TagCreator\EngineeringView\ModelViewControl.xaml.cs:line 427
--------
10/04/2026 9:02:46 am: System.ArgumentNullException: Value cannot be null.
Parameter name: key
   at System.ThrowHelper.ThrowArgumentNullException(ExceptionArgument argument)
   at System.Collections.Generic.Dictionary`2.Insert(TKey key, TValue value, Boolean add)
   at System.Linq.Enumerable.ToDictionary[TSource,TKey,TElement](IEnumerable`1 source, Func`2 keySelector, Func`2 elementSelector, IEqualityComparer`1 comparer)
   at System.Linq.Enumerable.ToDictionary[TSource,TKey,TElement](IEnumerable`1 source, Func`2 keySelector, Func`2 elementSelector)
   at TagCreator.IgnitionAPI.<>c__DisplayClass0_0.<UploadAllAreasAsFolders>b__0(Instance instance) in C:\Users\DELL\Desktop\Automation Studio\Automation Studio\TagCreator\TagCreator\Services\IgnitionAPI.cs:line 77
   at System.Linq.Enumerable.WhereSelectEnumerableIterator`2.MoveNext()
   at System.Collections.Generic.List`1..ctor(IEnumerable`1 collection)
   at System.Linq.Enumerable.ToList[TSource](IEnumerable`1 source)
   at TagCreator.IgnitionAPI.<UploadAllAreasAsFolders>d__0.MoveNext() in C:\Users\DELL\Desktop\Automation Studio\Automation Studio\TagCreator\TagCreator\Services\IgnitionAPI.cs:line 68
--- End of stack trace from previous location where exception was thrown ---
   at System.Runtime.ExceptionServices.ExceptionDispatchInfo.Throw()
   at System.Runtime.CompilerServices.TaskAwaiter.HandleNonSuccessAndDebuggerNotification(Task task)
   at System.Runtime.CompilerServices.TaskAwaiter.GetResult()
   at TagCreator.ModelViewControl.<UploadAllAreasToIgnition_Click>d__78.MoveNext() in C:\Users\DELL\Desktop\Automation Studio\Automation Studio\TagCreator\TagCreator\EngineeringView\ModelViewControl.xaml.cs:line 348
--- End of stack trace from previous location where exception was thrown ---
   at System.Runtime.ExceptionServices.ExceptionDispatchInfo.Throw()
   at System.Windows.Threading.ExceptionWrapper.InternalRealCall(Delegate callback, Object args, Int32 numArgs)
   at System.Windows.Threading.ExceptionWrapper.TryCatchWhen(Object source, Delegate callback, Object args, Int32 numArgs, Delegate catchHandler)
--------
10/04/2026 9:02:52 am: System.IO.FileNotFoundException: Could not find file 'C:\Users\DELL\Desktop\Automation Studio\Automation Studio\TagCreator\bin\Debug x64\test.xml'.
File name: 'C:\Users\DELL\Desktop\Automation Studio\Automation Studio\TagCreator\bin\Debug x64\test.xml'
   at System.IO.__Error.WinIOError(Int32 errorCode, String maybeFullPath)
   at System.IO.FileStream.Init(String path, FileMode mode, FileAccess access, Int32 rights, Boolean useRights, FileShare share, Int32 bufferSize, FileOptions options, SECURITY_ATTRIBUTES secAttrs, String msgPath, Boolean bFromProxy, Boolean useLongPath, Boolean checkHost)
   at System.IO.FileStream..ctor(String path, FileMode mode, FileAccess access, FileShare share, Int32 bufferSize, FileOptions options, String msgPath, Boolean bFromProxy, Boolean useLongPath, Boolean checkHost)
   at System.IO.StreamReader..ctor(String path, Encoding encoding, Boolean detectEncodingFromByteOrderMarks, Int32 bufferSize, Boolean checkHost)
   at System.IO.StreamReader..ctor(String path)
   at TagCreator.Project.Load(String filePath) in C:\Users\DELL\Desktop\Automation Studio\Automation Studio\TagCreator\TagCreator\DataModels\ProjectDataModel.cs:line 70
--------
10/04/2026 9:02:52 am: System.NullReferenceException: Object reference not set to an instance of an object.
   at TagCreator.MainWindow.LoadProject(String filePath) in C:\Users\DELL\Desktop\Automation Studio\Automation Studio\TagCreator\TagCreator\MainWindow.xaml.cs:line 311
--------
10/04/2026 9:03:00 am: System.NullReferenceException: Object reference not set to an instance of an object.
   at TagCreator.ModelViewControl._treeView_SelectedItemChanged(Object sender, RoutedPropertyChangedEventArgs`1 e) in C:\Users\DELL\Desktop\Automation Studio\Automation Studio\TagCreator\TagCreator\EngineeringView\ModelViewControl.xaml.cs:line 427
--------
10/04/2026 9:03:01 am: System.NullReferenceException: Object reference not set to an instance of an object.
   at TagCreator.ModelViewControl._treeView_SelectedItemChanged(Object sender, RoutedPropertyChangedEventArgs`1 e) in C:\Users\DELL\Desktop\Automation Studio\Automation Studio\TagCreator\TagCreator\EngineeringView\ModelViewControl.xaml.cs:line 427
--------
10/04/2026 9:03:02 am: System.ArgumentNullException: Value cannot be null.
Parameter name: key
   at System.ThrowHelper.ThrowArgumentNullException(ExceptionArgument argument)
   at System.Collections.Generic.Dictionary`2.Insert(TKey key, TValue value, Boolean add)
   at System.Linq.Enumerable.ToDictionary[TSource,TKey,TElement](IEnumerable`1 source, Func`2 keySelector, Func`2 elementSelector, IEqualityComparer`1 comparer)
   at System.Linq.Enumerable.ToDictionary[TSource,TKey,TElement](IEnumerable`1 source, Func`2 keySelector, Func`2 elementSelector)
   at TagCreator.IgnitionAPI.<>c__DisplayClass0_0.<UploadAllAreasAsFolders>b__0(Instance instance) in C:\Users\DELL\Desktop\Automation Studio\Automation Studio\TagCreator\TagCreator\Services\IgnitionAPI.cs:line 77
   at System.Linq.Enumerable.WhereSelectEnumerableIterator`2.MoveNext()
   at System.Collections.Generic.List`1..ctor(IEnumerable`1 collection)
   at System.Linq.Enumerable.ToList[TSource](IEnumerable`1 source)
   at TagCreator.IgnitionAPI.<UploadAllAreasAsFolders>d__0.MoveNext() in C:\Users\DELL\Desktop\Automation Studio\Automation Studio\TagCreator\TagCreator\Services\IgnitionAPI.cs:line 68
--- End of stack trace from previous location where exception was thrown ---
   at System.Runtime.ExceptionServices.ExceptionDispatchInfo.Throw()
   at System.Runtime.CompilerServices.TaskAwaiter.HandleNonSuccessAndDebuggerNotification(Task task)
   at System.Runtime.CompilerServices.TaskAwaiter.GetResult()
   at TagCreator.ModelViewControl.<UploadAllAreasToIgnition_Click>d__78.MoveNext() in C:\Users\DELL\Desktop\Automation Studio\Automation Studio\TagCreator\TagCreator\EngineeringView\ModelViewControl.xaml.cs:line 348
--- End of stack trace from previous location where exception was thrown ---
   at System.Runtime.ExceptionServices.ExceptionDispatchInfo.Throw()
   at System.Windows.Threading.ExceptionWrapper.InternalRealCall(Delegate callback, Object args, Int32 numArgs)
   at System.Windows.Threading.ExceptionWrapper.TryCatchWhen(Object source, Delegate callback, Object args, Int32 numArgs, Delegate catchHandler)
--------
10/04/2026 9:03:08 am: System.IO.FileNotFoundException: Could not find file 'C:\Users\DELL\Desktop\Automation Studio\Automation Studio\TagCreator\bin\Debug x64\test.xml'.
File name: 'C:\Users\DELL\Desktop\Automation Studio\Automation Studio\TagCreator\bin\Debug x64\test.xml'
   at System.IO.__Error.WinIOError(Int32 errorCode, String maybeFullPath)
   at System.IO.FileStream.Init(String path, FileMode mode, FileAccess access, Int32 rights, Boolean useRights, FileShare share, Int32 bufferSize, FileOptions options, SECURITY_ATTRIBUTES secAttrs, String msgPath, Boolean bFromProxy, Boolean useLongPath, Boolean checkHost)
   at System.IO.FileStream..ctor(String path, FileMode mode, FileAccess access, FileShare share, Int32 bufferSize, FileOptions options, String msgPath, Boolean bFromProxy, Boolean useLongPath, Boolean checkHost)
   at System.IO.StreamReader..ctor(String path, Encoding encoding, Boolean detectEncodingFromByteOrderMarks, Int32 bufferSize, Boolean checkHost)
   at System.IO.StreamReader..ctor(String path)
   at TagCreator.Project.Load(String filePath) in C:\Users\DELL\Desktop\Automation Studio\Automation Studio\TagCreator\TagCreator\DataModels\ProjectDataModel.cs:line 70
--------
10/04/2026 9:03:08 am: System.NullReferenceException: Object reference not set to an instance of an object.
   at TagCreator.MainWindow.LoadProject(String filePath) in C:\Users\DELL\Desktop\Automation Studio\Automation Studio\TagCreator\TagCreator\MainWindow.xaml.cs:line 311
--------
10/04/2026 9:03:16 am: System.NullReferenceException: Object reference not set to an instance of an object.
   at TagCreator.ModelViewControl._treeView_SelectedItemChanged(Object sender, RoutedPropertyChangedEventArgs`1 e) in C:\Users\DELL\Desktop\Automation Studio\Automation Studio\TagCreator\TagCreator\EngineeringView\ModelViewControl.xaml.cs:line 427
--------
10/04/2026 9:03:19 am: System.NullReferenceException: Object reference not set to an instance of an object.
   at TagCreator.ModelViewControl._treeView_SelectedItemChanged(Object sender, RoutedPropertyChangedEventArgs`1 e) in C:\Users\DELL\Desktop\Automation Studio\Automation Studio\TagCreator\TagCreator\EngineeringView\ModelViewControl.xaml.cs:line 427
--------
10/04/2026 9:03:20 am: System.NullReferenceException: Object reference not set to an instance of an object.
   at TagCreator.ModelViewControl._treeView_SelectedItemChanged(Object sender, RoutedPropertyChangedEventArgs`1 e) in C:\Users\DELL\Desktop\Automation Studio\Automation Studio\TagCreator\TagCreator\EngineeringView\ModelViewControl.xaml.cs:line 427
--------
10/04/2026 9:03:22 am: System.NullReferenceException: Object reference not set to an instance of an object.
   at TagCreator.ModelViewControl._treeView_SelectedItemChanged(Object sender, RoutedPropertyChangedEventArgs`1 e) in C:\Users\DELL\Desktop\Automation Studio\Automation Studio\TagCreator\TagCreator\EngineeringView\ModelViewControl.xaml.cs:line 427
--------
10/04/2026 9:03:24 am: System.NullReferenceException: Object reference not set to an instance of an object.
   at TagCreator.ModelViewControl._treeView_SelectedItemChanged(Object sender, RoutedPropertyChangedEventArgs`1 e) in C:\Users\DELL\Desktop\Automation Studio\Automation Studio\TagCreator\TagCreator\EngineeringView\ModelViewControl.xaml.cs:line 427
--------
10/04/2026 9:03:24 am: System.NullReferenceException: Object reference not set to an instance of an object.
   at TagCreator.ModelViewControl._treeView_SelectedItemChanged(Object sender, RoutedPropertyChangedEventArgs`1 e) in C:\Users\DELL\Desktop\Automation Studio\Automation Studio\TagCreator\TagCreator\EngineeringView\ModelViewControl.xaml.cs:line 427
--------
10/04/2026 9:03:26 am: System.ArgumentNullException: Value cannot be null.
Parameter name: key
   at System.ThrowHelper.ThrowArgumentNullException(ExceptionArgument argument)
   at System.Collections.Generic.Dictionary`2.Insert(TKey key, TValue value, Boolean add)
   at System.Linq.Enumerable.ToDictionary[TSource,TKey,TElement](IEnumerable`1 source, Func`2 keySelector, Func`2 elementSelector, IEqualityComparer`1 comparer)
   at System.Linq.Enumerable.ToDictionary[TSource,TKey,TElement](IEnumerable`1 source, Func`2 keySelector, Func`2 elementSelector)
   at TagCreator.IgnitionAPI.<>c__DisplayClass0_0.<UploadAllAreasAsFolders>b__0(Instance instance) in C:\Users\DELL\Desktop\Automation Studio\Automation Studio\TagCreator\TagCreator\Services\IgnitionAPI.cs:line 77
   at System.Linq.Enumerable.WhereSelectEnumerableIterator`2.MoveNext()
   at System.Collections.Generic.List`1..ctor(IEnumerable`1 collection)
   at System.Linq.Enumerable.ToList[TSource](IEnumerable`1 source)
   at TagCreator.IgnitionAPI.<UploadAllAreasAsFolders>d__0.MoveNext() in C:\Users\DELL\Desktop\Automation Studio\Automation Studio\TagCreator\TagCreator\Services\IgnitionAPI.cs:line 68
--- End of stack trace from previous location where exception was thrown ---
   at System.Runtime.ExceptionServices.ExceptionDispatchInfo.Throw()
   at System.Runtime.CompilerServices.TaskAwaiter.HandleNonSuccessAndDebuggerNotification(Task task)
   at System.Runtime.CompilerServices.TaskAwaiter.GetResult()
   at TagCreator.ModelViewControl.<UploadAllAreasToIgnition_Click>d__78.MoveNext() in C:\Users\DELL\Desktop\Automation Studio\Automation Studio\TagCreator\TagCreator\EngineeringView\ModelViewControl.xaml.cs:line 348
--- End of stack trace from previous location where exception was thrown ---
   at System.Runtime.ExceptionServices.ExceptionDispatchInfo.Throw()
   at System.Windows.Threading.ExceptionWrapper.InternalRealCall(Delegate callback, Object args, Int32 numArgs)
   at System.Windows.Threading.ExceptionWrapper.TryCatchWhen(Object source, Delegate callback, Object args, Int32 numArgs, Delegate catchHandler)
--------
10/04/2026 9:03:48 am: System.IO.FileNotFoundException: Could not find file 'C:\Users\DELL\Desktop\Automation Studio\Automation Studio\TagCreator\bin\Debug x64\test.xml'.
File name: 'C:\Users\DELL\Desktop\Automation Studio\Automation Studio\TagCreator\bin\Debug x64\test.xml'
   at System.IO.__Error.WinIOError(Int32 errorCode, String maybeFullPath)
   at System.IO.FileStream.Init(String path, FileMode mode, FileAccess access, Int32 rights, Boolean useRights, FileShare share, Int32 bufferSize, FileOptions options, SECURITY_ATTRIBUTES secAttrs, String msgPath, Boolean bFromProxy, Boolean useLongPath, Boolean checkHost)
   at System.IO.FileStream..ctor(String path, FileMode mode, FileAccess access, FileShare share, Int32 bufferSize, FileOptions options, String msgPath, Boolean bFromProxy, Boolean useLongPath, Boolean checkHost)
   at System.IO.StreamReader..ctor(String path, Encoding encoding, Boolean detectEncodingFromByteOrderMarks, Int32 bufferSize, Boolean checkHost)
   at System.IO.StreamReader..ctor(String path)
   at TagCreator.Project.Load(String filePath) in C:\Users\DELL\Desktop\Automation Studio\Automation Studio\TagCreator\TagCreator\DataModels\ProjectDataModel.cs:line 70
--------
10/04/2026 9:03:48 am: System.NullReferenceException: Object reference not set to an instance of an object.
   at TagCreator.MainWindow.LoadProject(String filePath) in C:\Users\DELL\Desktop\Automation Studio\Automation Studio\TagCreator\TagCreator\MainWindow.xaml.cs:line 311
--------
10/04/2026 9:03:54 am: System.NullReferenceException: Object reference not set to an instance of an object.
   at TagCreator.ModelViewControl._treeView_SelectedItemChanged(Object sender, RoutedPropertyChangedEventArgs`1 e) in C:\Users\DELL\Desktop\Automation Studio\Automation Studio\TagCreator\TagCreator\EngineeringView\ModelViewControl.xaml.cs:line 427
--------
10/04/2026 9:03:55 am: System.NullReferenceException: Object reference not set to an instance of an object.
   at TagCreator.ModelViewControl._treeView_SelectedItemChanged(Object sender, RoutedPropertyChangedEventArgs`1 e) in C:\Users\DELL\Desktop\Automation Studio\Automation Studio\TagCreator\TagCreator\EngineeringView\ModelViewControl.xaml.cs:line 427
--------
10/04/2026 9:03:55 am: System.NullReferenceException: Object reference not set to an instance of an object.
   at TagCreator.ModelViewControl._treeView_SelectedItemChanged(Object sender, RoutedPropertyChangedEventArgs`1 e) in C:\Users\DELL\Desktop\Automation Studio\Automation Studio\TagCreator\TagCreator\EngineeringView\ModelViewControl.xaml.cs:line 427
--------
10/04/2026 9:03:55 am: System.NullReferenceException: Object reference not set to an instance of an object.
   at TagCreator.ModelViewControl._treeView_SelectedItemChanged(Object sender, RoutedPropertyChangedEventArgs`1 e) in C:\Users\DELL\Desktop\Automation Studio\Automation Studio\TagCreator\TagCreator\EngineeringView\ModelViewControl.xaml.cs:line 427
--------
10/04/2026 9:03:57 am: System.NullReferenceException: Object reference not set to an instance of an object.
   at TagCreator.ModelViewControl._treeView_SelectedItemChanged(Object sender, RoutedPropertyChangedEventArgs`1 e) in C:\Users\DELL\Desktop\Automation Studio\Automation Studio\TagCreator\TagCreator\EngineeringView\ModelViewControl.xaml.cs:line 427
--------
10/04/2026 9:03:57 am: System.NullReferenceException: Object reference not set to an instance of an object.
   at TagCreator.ModelViewControl._treeView_SelectedItemChanged(Object sender, RoutedPropertyChangedEventArgs`1 e) in C:\Users\DELL\Desktop\Automation Studio\Automation Studio\TagCreator\TagCreator\EngineeringView\ModelViewControl.xaml.cs:line 427
--------
10/04/2026 9:04:01 am: System.ArgumentNullException: Value cannot be null.
Parameter name: key
   at System.ThrowHelper.ThrowArgumentNullException(ExceptionArgument argument)
   at System.Collections.Generic.Dictionary`2.Insert(TKey key, TValue value, Boolean add)
   at System.Linq.Enumerable.ToDictionary[TSource,TKey,TElement](IEnumerable`1 source, Func`2 keySelector, Func`2 elementSelector, IEqualityComparer`1 comparer)
   at System.Linq.Enumerable.ToDictionary[TSource,TKey,TElement](IEnumerable`1 source, Func`2 keySelector, Func`2 elementSelector)
   at TagCreator.IgnitionAPI.<>c__DisplayClass1_0.<UploadAreaAsFolder>b__0(Instance instance) in C:\Users\DELL\Desktop\Automation Studio\Automation Studio\TagCreator\TagCreator\Services\IgnitionAPI.cs:line 148
   at System.Linq.Enumerable.WhereSelectEnumerableIterator`2.MoveNext()
   at System.Collections.Generic.List`1..ctor(IEnumerable`1 collection)
   at System.Linq.Enumerable.ToList[TSource](IEnumerable`1 source)
   at TagCreator.IgnitionAPI.<UploadAreaAsFolder>d__1.MoveNext() in C:\Users\DELL\Desktop\Automation Studio\Automation Studio\TagCreator\TagCreator\Services\IgnitionAPI.cs:line 139
--- End of stack trace from previous location where exception was thrown ---
   at System.Runtime.ExceptionServices.ExceptionDispatchInfo.Throw()
   at System.Runtime.CompilerServices.TaskAwaiter.HandleNonSuccessAndDebuggerNotification(Task task)
   at System.Runtime.CompilerServices.TaskAwaiter.GetResult()
   at TagCreator.ModelViewControl.<UploadAreaToIgnition_Click>d__79.MoveNext() in C:\Users\DELL\Desktop\Automation Studio\Automation Studio\TagCreator\TagCreator\EngineeringView\ModelViewControl.xaml.cs:line 362
--- End of stack trace from previous location where exception was thrown ---
   at System.Runtime.ExceptionServices.ExceptionDispatchInfo.Throw()
   at System.Windows.Threading.ExceptionWrapper.InternalRealCall(Delegate callback, Object args, Int32 numArgs)
   at System.Windows.Threading.ExceptionWrapper.TryCatchWhen(Object source, Delegate callback, Object args, Int32 numArgs, Delegate catchHandler)
--------
10/04/2026 9:05:37 am: System.IO.FileNotFoundException: Could not find file 'C:\Users\DELL\Desktop\Automation Studio\Automation Studio\TagCreator\bin\Debug x64\test.xml'.
File name: 'C:\Users\DELL\Desktop\Automation Studio\Automation Studio\TagCreator\bin\Debug x64\test.xml'
   at System.IO.__Error.WinIOError(Int32 errorCode, String maybeFullPath)
   at System.IO.FileStream.Init(String path, FileMode mode, FileAccess access, Int32 rights, Boolean useRights, FileShare share, Int32 bufferSize, FileOptions options, SECURITY_ATTRIBUTES secAttrs, String msgPath, Boolean bFromProxy, Boolean useLongPath, Boolean checkHost)
   at System.IO.FileStream..ctor(String path, FileMode mode, FileAccess access, FileShare share, Int32 bufferSize, FileOptions options, String msgPath, Boolean bFromProxy, Boolean useLongPath, Boolean checkHost)
   at System.IO.StreamReader..ctor(String path, Encoding encoding, Boolean detectEncodingFromByteOrderMarks, Int32 bufferSize, Boolean checkHost)
   at System.IO.StreamReader..ctor(String path)
   at TagCreator.Project.Load(String filePath) in C:\Users\DELL\Desktop\Automation Studio\Automation Studio\TagCreator\TagCreator\DataModels\ProjectDataModel.cs:line 70
--------
10/04/2026 9:05:37 am: System.NullReferenceException: Object reference not set to an instance of an object.
   at TagCreator.MainWindow.LoadProject(String filePath) in C:\Users\DELL\Desktop\Automation Studio\Automation Studio\TagCreator\TagCreator\MainWindow.xaml.cs:line 311
--------
10/04/2026 9:05:49 am: System.NullReferenceException: Object reference not set to an instance of an object.
   at TagCreator.ModelViewControl._treeView_SelectedItemChanged(Object sender, RoutedPropertyChangedEventArgs`1 e) in C:\Users\DELL\Desktop\Automation Studio\Automation Studio\TagCreator\TagCreator\EngineeringView\ModelViewControl.xaml.cs:line 427
--------
10/04/2026 9:05:49 am: System.NullReferenceException: Object reference not set to an instance of an object.
   at TagCreator.ModelViewControl._treeView_SelectedItemChanged(Object sender, RoutedPropertyChangedEventArgs`1 e) in C:\Users\DELL\Desktop\Automation Studio\Automation Studio\TagCreator\TagCreator\EngineeringView\ModelViewControl.xaml.cs:line 427
--------
10/04/2026 9:05:52 am: System.NullReferenceException: Object reference not set to an instance of an object.
   at TagCreator.ModelViewControl._treeView_SelectedItemChanged(Object sender, RoutedPropertyChangedEventArgs`1 e) in C:\Users\DELL\Desktop\Automation Studio\Automation Studio\TagCreator\TagCreator\EngineeringView\ModelViewControl.xaml.cs:line 427
--------
10/04/2026 9:05:53 am: System.NullReferenceException: Object reference not set to an instance of an object.
   at TagCreator.ModelViewControl._treeView_SelectedItemChanged(Object sender, RoutedPropertyChangedEventArgs`1 e) in C:\Users\DELL\Desktop\Automation Studio\Automation Studio\TagCreator\TagCreator\EngineeringView\ModelViewControl.xaml.cs:line 427
--------
10/04/2026 9:05:55 am: System.NullReferenceException: Object reference not set to an instance of an object.
   at TagCreator.ModelViewControl._treeView_SelectedItemChanged(Object sender, RoutedPropertyChangedEventArgs`1 e) in C:\Users\DELL\Desktop\Automation Studio\Automation Studio\TagCreator\TagCreator\EngineeringView\ModelViewControl.xaml.cs:line 427
--------
10/04/2026 9:05:55 am: System.NullReferenceException: Object reference not set to an instance of an object.
   at TagCreator.ModelViewControl._treeView_SelectedItemChanged(Object sender, RoutedPropertyChangedEventArgs`1 e) in C:\Users\DELL\Desktop\Automation Studio\Automation Studio\TagCreator\TagCreator\EngineeringView\ModelViewControl.xaml.cs:line 427
--------
10/04/2026 9:05:57 am: System.NullReferenceException: Object reference not set to an instance of an object.
   at TagCreator.ModelViewControl._treeView_SelectedItemChanged(Object sender, RoutedPropertyChangedEventArgs`1 e) in C:\Users\DELL\Desktop\Automation Studio\Automation Studio\TagCreator\TagCreator\EngineeringView\ModelViewControl.xaml.cs:line 427
--------
10/04/2026 9:05:58 am: System.NullReferenceException: Object reference not set to an instance of an object.
   at TagCreator.ModelViewControl._treeView_SelectedItemChanged(Object sender, RoutedPropertyChangedEventArgs`1 e) in C:\Users\DELL\Desktop\Automation Studio\Automation Studio\TagCreator\TagCreator\EngineeringView\ModelViewControl.xaml.cs:line 427
--------
10/04/2026 9:05:58 am: System.NullReferenceException: Object reference not set to an instance of an object.
   at TagCreator.ModelViewControl._treeView_SelectedItemChanged(Object sender, RoutedPropertyChangedEventArgs`1 e) in C:\Users\DELL\Desktop\Automation Studio\Automation Studio\TagCreator\TagCreator\EngineeringView\ModelViewControl.xaml.cs:line 427
--------
10/04/2026 9:06:00 am: System.NullReferenceException: Object reference not set to an instance of an object.
   at TagCreator.ModelViewControl._treeView_SelectedItemChanged(Object sender, RoutedPropertyChangedEventArgs`1 e) in C:\Users\DELL\Desktop\Automation Studio\Automation Studio\TagCreator\TagCreator\EngineeringView\ModelViewControl.xaml.cs:line 427
--------
10/04/2026 9:06:03 am: System.NullReferenceException: Object reference not set to an instance of an object.
   at TagCreator.ModelViewControl._treeView_SelectedItemChanged(Object sender, RoutedPropertyChangedEventArgs`1 e) in C:\Users\DELL\Desktop\Automation Studio\Automation Studio\TagCreator\TagCreator\EngineeringView\ModelViewControl.xaml.cs:line 427
--------
10/04/2026 9:06:06 am: System.NullReferenceException: Object reference not set to an instance of an object.
   at TagCreator.ModelViewControl._treeView_SelectedItemChanged(Object sender, RoutedPropertyChangedEventArgs`1 e) in C:\Users\DELL\Desktop\Automation Studio\Automation Studio\TagCreator\TagCreator\EngineeringView\ModelViewControl.xaml.cs:line 427
--------
10/04/2026 9:06:14 am: System.NullReferenceException: Object reference not set to an instance of an object.
   at TagCreator.ModelViewControl._treeView_SelectedItemChanged(Object sender, RoutedPropertyChangedEventArgs`1 e) in C:\Users\DELL\Desktop\Automation Studio\Automation Studio\TagCreator\TagCreator\EngineeringView\ModelViewControl.xaml.cs:line 427
--------
10/04/2026 9:06:16 am: System.NullReferenceException: Object reference not set to an instance of an object.
   at TagCreator.ModelViewControl._treeView_SelectedItemChanged(Object sender, RoutedPropertyChangedEventArgs`1 e) in C:\Users\DELL\Desktop\Automation Studio\Automation Studio\TagCreator\TagCreator\EngineeringView\ModelViewControl.xaml.cs:line 427
--------
10/04/2026 9:06:19 am: System.NullReferenceException: Object reference not set to an instance of an object.
   at TagCreator.ModelViewControl._treeView_SelectedItemChanged(Object sender, RoutedPropertyChangedEventArgs`1 e) in C:\Users\DELL\Desktop\Automation Studio\Automation Studio\TagCreator\TagCreator\EngineeringView\ModelViewControl.xaml.cs:line 427
--------
10/04/2026 9:06:21 am: System.NullReferenceException: Object reference not set to an instance of an object.
   at TagCreator.ModelViewControl._treeView_SelectedItemChanged(Object sender, RoutedPropertyChangedEventArgs`1 e) in C:\Users\DELL\Desktop\Automation Studio\Automation Studio\TagCreator\TagCreator\EngineeringView\ModelViewControl.xaml.cs:line 427
--------
10/04/2026 9:06:26 am: System.NullReferenceException: Object reference not set to an instance of an object.
   at TagCreator.ModelViewControl._treeView_SelectedItemChanged(Object sender, RoutedPropertyChangedEventArgs`1 e) in C:\Users\DELL\Desktop\Automation Studio\Automation Studio\TagCreator\TagCreator\EngineeringView\ModelViewControl.xaml.cs:line 427
--------
10/04/2026 9:06:28 am: System.NullReferenceException: Object reference not set to an instance of an object.
   at TagCreator.ModelViewControl._treeView_SelectedItemChanged(Object sender, RoutedPropertyChangedEventArgs`1 e) in C:\Users\DELL\Desktop\Automation Studio\Automation Studio\TagCreator\TagCreator\EngineeringView\ModelViewControl.xaml.cs:line 427
--------
10/04/2026 9:06:35 am: System.NullReferenceException: Object reference not set to an instance of an object.
   at TagCreator.ModelViewControl._treeView_SelectedItemChanged(Object sender, RoutedPropertyChangedEventArgs`1 e) in C:\Users\DELL\Desktop\Automation Studio\Automation Studio\TagCreator\TagCreator\EngineeringView\ModelViewControl.xaml.cs:line 427
--------
10/04/2026 9:06:37 am: System.NullReferenceException: Object reference not set to an instance of an object.
   at TagCreator.ModelViewControl._treeView_SelectedItemChanged(Object sender, RoutedPropertyChangedEventArgs`1 e) in C:\Users\DELL\Desktop\Automation Studio\Automation Studio\TagCreator\TagCreator\EngineeringView\ModelViewControl.xaml.cs:line 427
--------
10/04/2026 9:06:43 am: System.NullReferenceException: Object reference not set to an instance of an object.
   at TagCreator.ModelViewControl._treeView_SelectedItemChanged(Object sender, RoutedPropertyChangedEventArgs`1 e) in C:\Users\DELL\Desktop\Automation Studio\Automation Studio\TagCreator\TagCreator\EngineeringView\ModelViewControl.xaml.cs:line 427
--------
10/04/2026 9:06:45 am: System.NullReferenceException: Object reference not set to an instance of an object.
   at TagCreator.ModelViewControl._treeView_SelectedItemChanged(Object sender, RoutedPropertyChangedEventArgs`1 e) in C:\Users\DELL\Desktop\Automation Studio\Automation Studio\TagCreator\TagCreator\EngineeringView\ModelViewControl.xaml.cs:line 427
--------
10/04/2026 9:06:46 am: System.NullReferenceException: Object reference not set to an instance of an object.
   at TagCreator.ModelViewControl._treeView_SelectedItemChanged(Object sender, RoutedPropertyChangedEventArgs`1 e) in C:\Users\DELL\Desktop\Automation Studio\Automation Studio\TagCreator\TagCreator\EngineeringView\ModelViewControl.xaml.cs:line 427
--------
10/04/2026 9:06:48 am: System.NullReferenceException: Object reference not set to an instance of an object.
   at TagCreator.ModelViewControl._treeView_SelectedItemChanged(Object sender, RoutedPropertyChangedEventArgs`1 e) in C:\Users\DELL\Desktop\Automation Studio\Automation Studio\TagCreator\TagCreator\EngineeringView\ModelViewControl.xaml.cs:line 427
--------
10/04/2026 9:06:50 am: System.NullReferenceException: Object reference not set to an instance of an object.
   at TagCreator.ModelViewControl._treeView_SelectedItemChanged(Object sender, RoutedPropertyChangedEventArgs`1 e) in C:\Users\DELL\Desktop\Automation Studio\Automation Studio\TagCreator\TagCreator\EngineeringView\ModelViewControl.xaml.cs:line 427
--------
10/04/2026 9:06:52 am: System.NullReferenceException: Object reference not set to an instance of an object.
   at TagCreator.ModelViewControl._treeView_SelectedItemChanged(Object sender, RoutedPropertyChangedEventArgs`1 e) in C:\Users\DELL\Desktop\Automation Studio\Automation Studio\TagCreator\TagCreator\EngineeringView\ModelViewControl.xaml.cs:line 427
--------
10/04/2026 9:06:56 am: System.NullReferenceException: Object reference not set to an instance of an object.
   at TagCreator.ModelViewControl._treeView_SelectedItemChanged(Object sender, RoutedPropertyChangedEventArgs`1 e) in C:\Users\DELL\Desktop\Automation Studio\Automation Studio\TagCreator\TagCreator\EngineeringView\ModelViewControl.xaml.cs:line 427
--------
10/04/2026 9:06:56 am: System.NullReferenceException: Object reference not set to an instance of an object.
   at TagCreator.ModelViewControl._treeView_SelectedItemChanged(Object sender, RoutedPropertyChangedEventArgs`1 e) in C:\Users\DELL\Desktop\Automation Studio\Automation Studio\TagCreator\TagCreator\EngineeringView\ModelViewControl.xaml.cs:line 427
--------
10/04/2026 9:07:10 am: System.IO.FileNotFoundException: Could not find file 'C:\Users\DELL\Desktop\Automation Studio\Automation Studio\TagCreator\bin\Debug x64\test.xml'.
File name: 'C:\Users\DELL\Desktop\Automation Studio\Automation Studio\TagCreator\bin\Debug x64\test.xml'
   at System.IO.__Error.WinIOError(Int32 errorCode, String maybeFullPath)
   at System.IO.FileStream.Init(String path, FileMode mode, FileAccess access, Int32 rights, Boolean useRights, FileShare share, Int32 bufferSize, FileOptions options, SECURITY_ATTRIBUTES secAttrs, String msgPath, Boolean bFromProxy, Boolean useLongPath, Boolean checkHost)
   at System.IO.FileStream..ctor(String path, FileMode mode, FileAccess access, FileShare share, Int32 bufferSize, FileOptions options, String msgPath, Boolean bFromProxy, Boolean useLongPath, Boolean checkHost)
   at System.IO.StreamReader..ctor(String path, Encoding encoding, Boolean detectEncodingFromByteOrderMarks, Int32 bufferSize, Boolean checkHost)
   at System.IO.StreamReader..ctor(String path)
   at TagCreator.Project.Load(String filePath) in C:\Users\DELL\Desktop\Automation Studio\Automation Studio\TagCreator\TagCreator\DataModels\ProjectDataModel.cs:line 70
--------
10/04/2026 9:07:10 am: System.NullReferenceException: Object reference not set to an instance of an object.
   at TagCreator.MainWindow.LoadProject(String filePath) in C:\Users\DELL\Desktop\Automation Studio\Automation Studio\TagCreator\TagCreator\MainWindow.xaml.cs:line 311
--------
10/04/2026 9:07:16 am: System.NullReferenceException: Object reference not set to an instance of an object.
   at TagCreator.ModelViewControl._treeView_SelectedItemChanged(Object sender, RoutedPropertyChangedEventArgs`1 e) in C:\Users\DELL\Desktop\Automation Studio\Automation Studio\TagCreator\TagCreator\EngineeringView\ModelViewControl.xaml.cs:line 427
--------
10/04/2026 9:07:16 am: System.NullReferenceException: Object reference not set to an instance of an object.
   at TagCreator.ModelViewControl._treeView_SelectedItemChanged(Object sender, RoutedPropertyChangedEventArgs`1 e) in C:\Users\DELL\Desktop\Automation Studio\Automation Studio\TagCreator\TagCreator\EngineeringView\ModelViewControl.xaml.cs:line 427
--------
10/04/2026 9:07:17 am: System.NullReferenceException: Object reference not set to an instance of an object.
   at TagCreator.ModelViewControl._treeView_SelectedItemChanged(Object sender, RoutedPropertyChangedEventArgs`1 e) in C:\Users\DELL\Desktop\Automation Studio\Automation Studio\TagCreator\TagCreator\EngineeringView\ModelViewControl.xaml.cs:line 427
--------
10/04/2026 9:07:17 am: System.NullReferenceException: Object reference not set to an instance of an object.
   at TagCreator.ModelViewControl._treeView_SelectedItemChanged(Object sender, RoutedPropertyChangedEventArgs`1 e) in C:\Users\DELL\Desktop\Automation Studio\Automation Studio\TagCreator\TagCreator\EngineeringView\ModelViewControl.xaml.cs:line 427
--------
10/04/2026 9:07:19 am: System.NullReferenceException: Object reference not set to an instance of an object.
   at TagCreator.ModelViewControl._treeView_SelectedItemChanged(Object sender, RoutedPropertyChangedEventArgs`1 e) in C:\Users\DELL\Desktop\Automation Studio\Automation Studio\TagCreator\TagCreator\EngineeringView\ModelViewControl.xaml.cs:line 427
--------
10/04/2026 9:07:19 am: System.NullReferenceException: Object reference not set to an instance of an object.
   at TagCreator.ModelViewControl._treeView_SelectedItemChanged(Object sender, RoutedPropertyChangedEventArgs`1 e) in C:\Users\DELL\Desktop\Automation Studio\Automation Studio\TagCreator\TagCreator\EngineeringView\ModelViewControl.xaml.cs:line 427
--------
10/04/2026 9:07:21 am: System.ArgumentNullException: Value cannot be null.
Parameter name: key
   at System.ThrowHelper.ThrowArgumentNullException(ExceptionArgument argument)
   at System.Collections.Generic.Dictionary`2.Insert(TKey key, TValue value, Boolean add)
   at System.Linq.Enumerable.ToDictionary[TSource,TKey,TElement](IEnumerable`1 source, Func`2 keySelector, Func`2 elementSelector, IEqualityComparer`1 comparer)
   at System.Linq.Enumerable.ToDictionary[TSource,TKey,TElement](IEnumerable`1 source, Func`2 keySelector, Func`2 elementSelector)
   at TagCreator.IgnitionAPI.<>c__DisplayClass0_0.<UploadAllAreasAsFolders>b__0(Instance instance) in C:\Users\DELL\Desktop\Automation Studio\Automation Studio\TagCreator\TagCreator\Services\IgnitionAPI.cs:line 77
   at System.Linq.Enumerable.WhereSelectEnumerableIterator`2.MoveNext()
   at System.Collections.Generic.List`1..ctor(IEnumerable`1 collection)
   at System.Linq.Enumerable.ToList[TSource](IEnumerable`1 source)
   at TagCreator.IgnitionAPI.<UploadAllAreasAsFolders>d__0.MoveNext() in C:\Users\DELL\Desktop\Automation Studio\Automation Studio\TagCreator\TagCreator\Services\IgnitionAPI.cs:line 68
--- End of stack trace from previous location where exception was thrown ---
   at System.Runtime.ExceptionServices.ExceptionDispatchInfo.Throw()
   at System.Runtime.CompilerServices.TaskAwaiter.HandleNonSuccessAndDebuggerNotification(Task task)
   at System.Runtime.CompilerServices.TaskAwaiter.GetResult()
   at TagCreator.ModelViewControl.<UploadAllAreasToIgnition_Click>d__78.MoveNext() in C:\Users\DELL\Desktop\Automation Studio\Automation Studio\TagCreator\TagCreator\EngineeringView\ModelViewControl.xaml.cs:line 348
--- End of stack trace from previous location where exception was thrown ---
   at System.Runtime.ExceptionServices.ExceptionDispatchInfo.Throw()
   at System.Windows.Threading.ExceptionWrapper.InternalRealCall(Delegate callback, Object args, Int32 numArgs)
   at System.Windows.Threading.ExceptionWrapper.TryCatchWhen(Object source, Delegate callback, Object args, Int32 numArgs, Delegate catchHandler)
--------
10/04/2026 9:07:56 am: System.IO.FileNotFoundException: Could not find file 'C:\Users\DELL\Desktop\Automation Studio\Automation Studio\TagCreator\bin\Debug x64\test.xml'.
File name: 'C:\Users\DELL\Desktop\Automation Studio\Automation Studio\TagCreator\bin\Debug x64\test.xml'
   at System.IO.__Error.WinIOError(Int32 errorCode, String maybeFullPath)
   at System.IO.FileStream.Init(String path, FileMode mode, FileAccess access, Int32 rights, Boolean useRights, FileShare share, Int32 bufferSize, FileOptions options, SECURITY_ATTRIBUTES secAttrs, String msgPath, Boolean bFromProxy, Boolean useLongPath, Boolean checkHost)
   at System.IO.FileStream..ctor(String path, FileMode mode, FileAccess access, FileShare share, Int32 bufferSize, FileOptions options, String msgPath, Boolean bFromProxy, Boolean useLongPath, Boolean checkHost)
   at System.IO.StreamReader..ctor(String path, Encoding encoding, Boolean detectEncodingFromByteOrderMarks, Int32 bufferSize, Boolean checkHost)
   at System.IO.StreamReader..ctor(String path)
   at TagCreator.Project.Load(String filePath) in C:\Users\DELL\Desktop\Automation Studio\Automation Studio\TagCreator\TagCreator\DataModels\ProjectDataModel.cs:line 70
--------
10/04/2026 9:07:56 am: System.NullReferenceException: Object reference not set to an instance of an object.
   at TagCreator.MainWindow.LoadProject(String filePath) in C:\Users\DELL\Desktop\Automation Studio\Automation Studio\TagCreator\TagCreator\MainWindow.xaml.cs:line 311
--------
10/04/2026 9:08:05 am: System.NullReferenceException: Object reference not set to an instance of an object.
   at TagCreator.ModelViewControl._treeView_SelectedItemChanged(Object sender, RoutedPropertyChangedEventArgs`1 e) in C:\Users\DELL\Desktop\Automation Studio\Automation Studio\TagCreator\TagCreator\EngineeringView\ModelViewControl.xaml.cs:line 427
--------
10/04/2026 9:08:08 am: System.NullReferenceException: Object reference not set to an instance of an object.
   at TagCreator.ModelViewControl._treeView_SelectedItemChanged(Object sender, RoutedPropertyChangedEventArgs`1 e) in C:\Users\DELL\Desktop\Automation Studio\Automation Studio\TagCreator\TagCreator\EngineeringView\ModelViewControl.xaml.cs:line 427
--------
10/04/2026 9:08:10 am: System.NullReferenceException: Object reference not set to an instance of an object.
   at TagCreator.ModelViewControl._treeView_SelectedItemChanged(Object sender, RoutedPropertyChangedEventArgs`1 e) in C:\Users\DELL\Desktop\Automation Studio\Automation Studio\TagCreator\TagCreator\EngineeringView\ModelViewControl.xaml.cs:line 427
--------
10/04/2026 9:08:10 am: System.NullReferenceException: Object reference not set to an instance of an object.
   at TagCreator.ModelViewControl._treeView_SelectedItemChanged(Object sender, RoutedPropertyChangedEventArgs`1 e) in C:\Users\DELL\Desktop\Automation Studio\Automation Studio\TagCreator\TagCreator\EngineeringView\ModelViewControl.xaml.cs:line 427
--------
10/04/2026 9:08:10 am: System.NullReferenceException: Object reference not set to an instance of an object.
   at TagCreator.ModelViewControl._treeView_SelectedItemChanged(Object sender, RoutedPropertyChangedEventArgs`1 e) in C:\Users\DELL\Desktop\Automation Studio\Automation Studio\TagCreator\TagCreator\EngineeringView\ModelViewControl.xaml.cs:line 427
--------
10/04/2026 9:08:12 am: System.NullReferenceException: Object reference not set to an instance of an object.
   at TagCreator.ModelViewControl._treeView_SelectedItemChanged(Object sender, RoutedPropertyChangedEventArgs`1 e) in C:\Users\DELL\Desktop\Automation Studio\Automation Studio\TagCreator\TagCreator\EngineeringView\ModelViewControl.xaml.cs:line 427
--------
10/04/2026 9:08:13 am: System.NullReferenceException: Object reference not set to an instance of an object.
   at TagCreator.ModelViewControl._treeView_SelectedItemChanged(Object sender, RoutedPropertyChangedEventArgs`1 e) in C:\Users\DELL\Desktop\Automation Studio\Automation Studio\TagCreator\TagCreator\EngineeringView\ModelViewControl.xaml.cs:line 427
--------
10/04/2026 9:08:13 am: System.NullReferenceException: Object reference not set to an instance of an object.
   at TagCreator.ModelViewControl._treeView_SelectedItemChanged(Object sender, RoutedPropertyChangedEventArgs`1 e) in C:\Users\DELL\Desktop\Automation Studio\Automation Studio\TagCreator\TagCreator\EngineeringView\ModelViewControl.xaml.cs:line 427
--------
10/04/2026 9:08:15 am: System.NullReferenceException: Object reference not set to an instance of an object.
   at TagCreator.ModelViewControl._treeView_SelectedItemChanged(Object sender, RoutedPropertyChangedEventArgs`1 e) in C:\Users\DELL\Desktop\Automation Studio\Automation Studio\TagCreator\TagCreator\EngineeringView\ModelViewControl.xaml.cs:line 427
--------
10/04/2026 9:08:17 am: System.NullReferenceException: Object reference not set to an instance of an object.
   at TagCreator.ModelViewControl._treeView_SelectedItemChanged(Object sender, RoutedPropertyChangedEventArgs`1 e) in C:\Users\DELL\Desktop\Automation Studio\Automation Studio\TagCreator\TagCreator\EngineeringView\ModelViewControl.xaml.cs:line 427
--------
10/04/2026 9:08:18 am: System.ArgumentNullException: Value cannot be null.
Parameter name: key
   at System.ThrowHelper.ThrowArgumentNullException(ExceptionArgument argument)
   at System.Collections.Generic.Dictionary`2.Insert(TKey key, TValue value, Boolean add)
   at System.Linq.Enumerable.ToDictionary[TSource,TKey,TElement](IEnumerable`1 source, Func`2 keySelector, Func`2 elementSelector, IEqualityComparer`1 comparer)
   at System.Linq.Enumerable.ToDictionary[TSource,TKey,TElement](IEnumerable`1 source, Func`2 keySelector, Func`2 elementSelector)
   at TagCreator.IgnitionAPI.<UploadAllAreasAsFolders>d__0.MoveNext() in C:\Users\DELL\Desktop\Automation Studio\Automation Studio\TagCreator\TagCreator\Services\IgnitionAPI.cs:line 36
--- End of stack trace from previous location where exception was thrown ---
   at System.Runtime.ExceptionServices.ExceptionDispatchInfo.Throw()
   at System.Runtime.CompilerServices.TaskAwaiter.HandleNonSuccessAndDebuggerNotification(Task task)
   at System.Runtime.CompilerServices.TaskAwaiter.GetResult()
   at TagCreator.ModelViewControl.<UploadAllAreasToIgnition_Click>d__78.MoveNext() in C:\Users\DELL\Desktop\Automation Studio\Automation Studio\TagCreator\TagCreator\EngineeringView\ModelViewControl.xaml.cs:line 348
--- End of stack trace from previous location where exception was thrown ---
   at System.Runtime.ExceptionServices.ExceptionDispatchInfo.Throw()
   at System.Windows.Threading.ExceptionWrapper.InternalRealCall(Delegate callback, Object args, Int32 numArgs)
   at System.Windows.Threading.ExceptionWrapper.TryCatchWhen(Object source, Delegate callback, Object args, Int32 numArgs, Delegate catchHandler)
--------
10/04/2026 9:08:24 am: System.IO.FileNotFoundException: Could not find file 'C:\Users\DELL\Desktop\Automation Studio\Automation Studio\TagCreator\bin\Debug x64\test.xml'.
File name: 'C:\Users\DELL\Desktop\Automation Studio\Automation Studio\TagCreator\bin\Debug x64\test.xml'
   at System.IO.__Error.WinIOError(Int32 errorCode, String maybeFullPath)
   at System.IO.FileStream.Init(String path, FileMode mode, FileAccess access, Int32 rights, Boolean useRights, FileShare share, Int32 bufferSize, FileOptions options, SECURITY_ATTRIBUTES secAttrs, String msgPath, Boolean bFromProxy, Boolean useLongPath, Boolean checkHost)
   at System.IO.FileStream..ctor(String path, FileMode mode, FileAccess access, FileShare share, Int32 bufferSize, FileOptions options, String msgPath, Boolean bFromProxy, Boolean useLongPath, Boolean checkHost)
   at System.IO.StreamReader..ctor(String path, Encoding encoding, Boolean detectEncodingFromByteOrderMarks, Int32 bufferSize, Boolean checkHost)
   at System.IO.StreamReader..ctor(String path)
   at TagCreator.Project.Load(String filePath) in C:\Users\DELL\Desktop\Automation Studio\Automation Studio\TagCreator\TagCreator\DataModels\ProjectDataModel.cs:line 70
--------
10/04/2026 9:08:24 am: System.NullReferenceException: Object reference not set to an instance of an object.
   at TagCreator.MainWindow.LoadProject(String filePath) in C:\Users\DELL\Desktop\Automation Studio\Automation Studio\TagCreator\TagCreator\MainWindow.xaml.cs:line 311
--------
10/04/2026 9:08:29 am: System.NullReferenceException: Object reference not set to an instance of an object.
   at TagCreator.ModelViewControl._treeView_SelectedItemChanged(Object sender, RoutedPropertyChangedEventArgs`1 e) in C:\Users\DELL\Desktop\Automation Studio\Automation Studio\TagCreator\TagCreator\EngineeringView\ModelViewControl.xaml.cs:line 427
--------
10/04/2026 9:08:29 am: System.NullReferenceException: Object reference not set to an instance of an object.
   at TagCreator.ModelViewControl._treeView_SelectedItemChanged(Object sender, RoutedPropertyChangedEventArgs`1 e) in C:\Users\DELL\Desktop\Automation Studio\Automation Studio\TagCreator\TagCreator\EngineeringView\ModelViewControl.xaml.cs:line 427
--------
10/04/2026 9:08:30 am: System.ArgumentNullException: Value cannot be null.
Parameter name: key
   at System.ThrowHelper.ThrowArgumentNullException(ExceptionArgument argument)
   at System.Collections.Generic.Dictionary`2.Insert(TKey key, TValue value, Boolean add)
   at System.Linq.Enumerable.ToDictionary[TSource,TKey,TElement](IEnumerable`1 source, Func`2 keySelector, Func`2 elementSelector, IEqualityComparer`1 comparer)
   at System.Linq.Enumerable.ToDictionary[TSource,TKey,TElement](IEnumerable`1 source, Func`2 keySelector, Func`2 elementSelector)
   at TagCreator.IgnitionAPI.<>c__DisplayClass0_0.<UploadAllAreasAsFolders>b__0(Instance instance) in C:\Users\DELL\Desktop\Automation Studio\Automation Studio\TagCreator\TagCreator\Services\IgnitionAPI.cs:line 77
   at System.Linq.Enumerable.WhereSelectEnumerableIterator`2.MoveNext()
   at System.Collections.Generic.List`1..ctor(IEnumerable`1 collection)
   at System.Linq.Enumerable.ToList[TSource](IEnumerable`1 source)
   at TagCreator.IgnitionAPI.<UploadAllAreasAsFolders>d__0.MoveNext() in C:\Users\DELL\Desktop\Automation Studio\Automation Studio\TagCreator\TagCreator\Services\IgnitionAPI.cs:line 68
--- End of stack trace from previous location where exception was thrown ---
   at System.Runtime.ExceptionServices.ExceptionDispatchInfo.Throw()
   at System.Runtime.CompilerServices.TaskAwaiter.HandleNonSuccessAndDebuggerNotification(Task task)
   at System.Runtime.CompilerServices.TaskAwaiter.GetResult()
   at TagCreator.ModelViewControl.<UploadAllAreasToIgnition_Click>d__78.MoveNext() in C:\Users\DELL\Desktop\Automation Studio\Automation Studio\TagCreator\TagCreator\EngineeringView\ModelViewControl.xaml.cs:line 348
--- End of stack trace from previous location where exception was thrown ---
   at System.Runtime.ExceptionServices.ExceptionDispatchInfo.Throw()
   at System.Windows.Threading.ExceptionWrapper.InternalRealCall(Delegate callback, Object args, Int32 numArgs)
   at System.Windows.Threading.ExceptionWrapper.TryCatchWhen(Object source, Delegate callback, Object args, Int32 numArgs, Delegate catchHandler)
--------
10/04/2026 9:08:36 am: System.IO.FileNotFoundException: Could not find file 'C:\Users\DELL\Desktop\Automation Studio\Automation Studio\TagCreator\bin\Debug x64\test.xml'.
File name: 'C:\Users\DELL\Desktop\Automation Studio\Automation Studio\TagCreator\bin\Debug x64\test.xml'
   at System.IO.__Error.WinIOError(Int32 errorCode, String maybeFullPath)
   at System.IO.FileStream.Init(String path, FileMode mode, FileAccess access, Int32 rights, Boolean useRights, FileShare share, Int32 bufferSize, FileOptions options, SECURITY_ATTRIBUTES secAttrs, String msgPath, Boolean bFromProxy, Boolean useLongPath, Boolean checkHost)
   at System.IO.FileStream..ctor(String path, FileMode mode, FileAccess access, FileShare share, Int32 bufferSize, FileOptions options, String msgPath, Boolean bFromProxy, Boolean useLongPath, Boolean checkHost)
   at System.IO.StreamReader..ctor(String path, Encoding encoding, Boolean detectEncodingFromByteOrderMarks, Int32 bufferSize, Boolean checkHost)
   at System.IO.StreamReader..ctor(String path)
   at TagCreator.Project.Load(String filePath) in C:\Users\DELL\Desktop\Automation Studio\Automation Studio\TagCreator\TagCreator\DataModels\ProjectDataModel.cs:line 70
--------
10/04/2026 9:08:36 am: System.NullReferenceException: Object reference not set to an instance of an object.
   at TagCreator.MainWindow.LoadProject(String filePath) in C:\Users\DELL\Desktop\Automation Studio\Automation Studio\TagCreator\TagCreator\MainWindow.xaml.cs:line 311
--------
10/04/2026 9:08:41 am: System.NullReferenceException: Object reference not set to an instance of an object.
   at TagCreator.ModelViewControl._treeView_SelectedItemChanged(Object sender, RoutedPropertyChangedEventArgs`1 e) in C:\Users\DELL\Desktop\Automation Studio\Automation Studio\TagCreator\TagCreator\EngineeringView\ModelViewControl.xaml.cs:line 427
--------
10/04/2026 9:08:41 am: System.NullReferenceException: Object reference not set to an instance of an object.
   at TagCreator.ModelViewControl._treeView_SelectedItemChanged(Object sender, RoutedPropertyChangedEventArgs`1 e) in C:\Users\DELL\Desktop\Automation Studio\Automation Studio\TagCreator\TagCreator\EngineeringView\ModelViewControl.xaml.cs:line 427
--------
10/04/2026 9:08:44 am: System.ArgumentNullException: Value cannot be null.
Parameter name: key
   at System.ThrowHelper.ThrowArgumentNullException(ExceptionArgument argument)
   at System.Collections.Generic.Dictionary`2.Insert(TKey key, TValue value, Boolean add)
   at System.Linq.Enumerable.ToDictionary[TSource,TKey,TElement](IEnumerable`1 source, Func`2 keySelector, Func`2 elementSelector, IEqualityComparer`1 comparer)
   at System.Linq.Enumerable.ToDictionary[TSource,TKey,TElement](IEnumerable`1 source, Func`2 keySelector, Func`2 elementSelector)
   at TagCreator.IgnitionAPI.<>c__DisplayClass1_0.<UploadAreaAsFolder>b__0(Instance instance) in C:\Users\DELL\Desktop\Automation Studio\Automation Studio\TagCreator\TagCreator\Services\IgnitionAPI.cs:line 148
   at System.Linq.Enumerable.WhereSelectEnumerableIterator`2.MoveNext()
   at System.Collections.Generic.List`1..ctor(IEnumerable`1 collection)
   at System.Linq.Enumerable.ToList[TSource](IEnumerable`1 source)
   at TagCreator.IgnitionAPI.<UploadAreaAsFolder>d__1.MoveNext() in C:\Users\DELL\Desktop\Automation Studio\Automation Studio\TagCreator\TagCreator\Services\IgnitionAPI.cs:line 139
--- End of stack trace from previous location where exception was thrown ---
   at System.Runtime.ExceptionServices.ExceptionDispatchInfo.Throw()
   at System.Runtime.CompilerServices.TaskAwaiter.HandleNonSuccessAndDebuggerNotification(Task task)
   at System.Runtime.CompilerServices.TaskAwaiter.GetResult()
   at TagCreator.ModelViewControl.<UploadAreaToIgnition_Click>d__79.MoveNext() in C:\Users\DELL\Desktop\Automation Studio\Automation Studio\TagCreator\TagCreator\EngineeringView\ModelViewControl.xaml.cs:line 362
--- End of stack trace from previous location where exception was thrown ---
   at System.Runtime.ExceptionServices.ExceptionDispatchInfo.Throw()
   at System.Windows.Threading.ExceptionWrapper.InternalRealCall(Delegate callback, Object args, Int32 numArgs)
   at System.Windows.Threading.ExceptionWrapper.TryCatchWhen(Object source, Delegate callback, Object args, Int32 numArgs, Delegate catchHandler)
--------
10/04/2026 9:08:49 am: System.IO.FileNotFoundException: Could not find file 'C:\Users\DELL\Desktop\Automation Studio\Automation Studio\TagCreator\bin\Debug x64\test.xml'.
File name: 'C:\Users\DELL\Desktop\Automation Studio\Automation Studio\TagCreator\bin\Debug x64\test.xml'
   at System.IO.__Error.WinIOError(Int32 errorCode, String maybeFullPath)
   at System.IO.FileStream.Init(String path, FileMode mode, FileAccess access, Int32 rights, Boolean useRights, FileShare share, Int32 bufferSize, FileOptions options, SECURITY_ATTRIBUTES secAttrs, String msgPath, Boolean bFromProxy, Boolean useLongPath, Boolean checkHost)
   at System.IO.FileStream..ctor(String path, FileMode mode, FileAccess access, FileShare share, Int32 bufferSize, FileOptions options, String msgPath, Boolean bFromProxy, Boolean useLongPath, Boolean checkHost)
   at System.IO.StreamReader..ctor(String path, Encoding encoding, Boolean detectEncodingFromByteOrderMarks, Int32 bufferSize, Boolean checkHost)
   at System.IO.StreamReader..ctor(String path)
   at TagCreator.Project.Load(String filePath) in C:\Users\DELL\Desktop\Automation Studio\Automation Studio\TagCreator\TagCreator\DataModels\ProjectDataModel.cs:line 70
--------
10/04/2026 9:08:49 am: System.NullReferenceException: Object reference not set to an instance of an object.
   at TagCreator.MainWindow.LoadProject(String filePath) in C:\Users\DELL\Desktop\Automation Studio\Automation Studio\TagCreator\TagCreator\MainWindow.xaml.cs:line 311
--------
10/04/2026 9:08:54 am: System.NullReferenceException: Object reference not set to an instance of an object.
   at TagCreator.ModelViewControl._treeView_SelectedItemChanged(Object sender, RoutedPropertyChangedEventArgs`1 e) in C:\Users\DELL\Desktop\Automation Studio\Automation Studio\TagCreator\TagCreator\EngineeringView\ModelViewControl.xaml.cs:line 427
--------
10/04/2026 9:08:55 am: System.NullReferenceException: Object reference not set to an instance of an object.
   at TagCreator.ModelViewControl._treeView_SelectedItemChanged(Object sender, RoutedPropertyChangedEventArgs`1 e) in C:\Users\DELL\Desktop\Automation Studio\Automation Studio\TagCreator\TagCreator\EngineeringView\ModelViewControl.xaml.cs:line 427
--------
10/04/2026 9:08:57 am: System.ArgumentNullException: Value cannot be null.
Parameter name: key
   at System.ThrowHelper.ThrowArgumentNullException(ExceptionArgument argument)
   at System.Collections.Generic.Dictionary`2.Insert(TKey key, TValue value, Boolean add)
   at System.Linq.Enumerable.ToDictionary[TSource,TKey,TElement](IEnumerable`1 source, Func`2 keySelector, Func`2 elementSelector, IEqualityComparer`1 comparer)
   at System.Linq.Enumerable.ToDictionary[TSource,TKey,TElement](IEnumerable`1 source, Func`2 keySelector, Func`2 elementSelector)
   at TagCreator.IgnitionAPI.<>c__DisplayClass0_0.<UploadAllAreasAsFolders>b__0(Instance instance) in C:\Users\DELL\Desktop\Automation Studio\Automation Studio\TagCreator\TagCreator\Services\IgnitionAPI.cs:line 77
   at System.Linq.Enumerable.WhereSelectEnumerableIterator`2.MoveNext()
   at System.Collections.Generic.List`1..ctor(IEnumerable`1 collection)
   at System.Linq.Enumerable.ToList[TSource](IEnumerable`1 source)
   at TagCreator.IgnitionAPI.<UploadAllAreasAsFolders>d__0.MoveNext() in C:\Users\DELL\Desktop\Automation Studio\Automation Studio\TagCreator\TagCreator\Services\IgnitionAPI.cs:line 68
--- End of stack trace from previous location where exception was thrown ---
   at System.Runtime.ExceptionServices.ExceptionDispatchInfo.Throw()
   at System.Runtime.CompilerServices.TaskAwaiter.HandleNonSuccessAndDebuggerNotification(Task task)
   at System.Runtime.CompilerServices.TaskAwaiter.GetResult()
   at TagCreator.ModelViewControl.<UploadAllAreasToIgnition_Click>d__78.MoveNext() in C:\Users\DELL\Desktop\Automation Studio\Automation Studio\TagCreator\TagCreator\EngineeringView\ModelViewControl.xaml.cs:line 348
--- End of stack trace from previous location where exception was thrown ---
   at System.Runtime.ExceptionServices.ExceptionDispatchInfo.Throw()
   at System.Windows.Threading.ExceptionWrapper.InternalRealCall(Delegate callback, Object args, Int32 numArgs)
   at System.Windows.Threading.ExceptionWrapper.TryCatchWhen(Object source, Delegate callback, Object args, Int32 numArgs, Delegate catchHandler)
--------
10/04/2026 9:10:01 am: System.IO.FileNotFoundException: Could not find file 'C:\Users\DELL\Desktop\Automation Studio\Automation Studio\TagCreator\bin\Debug x64\test.xml'.
File name: 'C:\Users\DELL\Desktop\Automation Studio\Automation Studio\TagCreator\bin\Debug x64\test.xml'
   at System.IO.__Error.WinIOError(Int32 errorCode, String maybeFullPath)
   at System.IO.FileStream.Init(String path, FileMode mode, FileAccess access, Int32 rights, Boolean useRights, FileShare share, Int32 bufferSize, FileOptions options, SECURITY_ATTRIBUTES secAttrs, String msgPath, Boolean bFromProxy, Boolean useLongPath, Boolean checkHost)
   at System.IO.FileStream..ctor(String path, FileMode mode, FileAccess access, FileShare share, Int32 bufferSize, FileOptions options, String msgPath, Boolean bFromProxy, Boolean useLongPath, Boolean checkHost)
   at System.IO.StreamReader..ctor(String path, Encoding encoding, Boolean detectEncodingFromByteOrderMarks, Int32 bufferSize, Boolean checkHost)
   at System.IO.StreamReader..ctor(String path)
   at TagCreator.Project.Load(String filePath) in C:\Users\DELL\Desktop\Automation Studio\Automation Studio\TagCreator\TagCreator\DataModels\ProjectDataModel.cs:line 70
--------
10/04/2026 9:10:01 am: System.NullReferenceException: Object reference not set to an instance of an object.
   at TagCreator.MainWindow.LoadProject(String filePath) in C:\Users\DELL\Desktop\Automation Studio\Automation Studio\TagCreator\TagCreator\MainWindow.xaml.cs:line 311
--------
10/04/2026 9:10:06 am: System.NullReferenceException: Object reference not set to an instance of an object.
   at TagCreator.ModelViewControl._treeView_SelectedItemChanged(Object sender, RoutedPropertyChangedEventArgs`1 e) in C:\Users\DELL\Desktop\Automation Studio\Automation Studio\TagCreator\TagCreator\EngineeringView\ModelViewControl.xaml.cs:line 427
--------
10/04/2026 9:10:07 am: System.NullReferenceException: Object reference not set to an instance of an object.
   at TagCreator.ModelViewControl._treeView_SelectedItemChanged(Object sender, RoutedPropertyChangedEventArgs`1 e) in C:\Users\DELL\Desktop\Automation Studio\Automation Studio\TagCreator\TagCreator\EngineeringView\ModelViewControl.xaml.cs:line 427
--------
10/04/2026 9:17:32 am: System.IO.FileNotFoundException: Could not find file 'C:\Users\DELL\Desktop\Automation Studio\Automation Studio\TagCreator\bin\Debug x64\test.xml'.
File name: 'C:\Users\DELL\Desktop\Automation Studio\Automation Studio\TagCreator\bin\Debug x64\test.xml'
   at System.IO.__Error.WinIOError(Int32 errorCode, String maybeFullPath)
   at System.IO.FileStream.Init(String path, FileMode mode, FileAccess access, Int32 rights, Boolean useRights, FileShare share, Int32 bufferSize, FileOptions options, SECURITY_ATTRIBUTES secAttrs, String msgPath, Boolean bFromProxy, Boolean useLongPath, Boolean checkHost)
   at System.IO.FileStream..ctor(String path, FileMode mode, FileAccess access, FileShare share, Int32 bufferSize, FileOptions options, String msgPath, Boolean bFromProxy, Boolean useLongPath, Boolean checkHost)
   at System.IO.StreamReader..ctor(String path, Encoding encoding, Boolean detectEncodingFromByteOrderMarks, Int32 bufferSize, Boolean checkHost)
   at System.IO.StreamReader..ctor(String path)
   at TagCreator.Project.Load(String filePath) in C:\Users\DELL\Desktop\Automation Studio\Automation Studio\TagCreator\TagCreator\DataModels\ProjectDataModel.cs:line 70
--------
10/04/2026 9:17:32 am: System.NullReferenceException: Object reference not set to an instance of an object.
   at TagCreator.MainWindow.LoadProject(String filePath) in C:\Users\DELL\Desktop\Automation Studio\Automation Studio\TagCreator\TagCreator\MainWindow.xaml.cs:line 311
--------
10/04/2026 9:17:39 am: System.NullReferenceException: Object reference not set to an instance of an object.
   at TagCreator.ModelViewControl._treeView_SelectedItemChanged(Object sender, RoutedPropertyChangedEventArgs`1 e) in C:\Users\DELL\Desktop\Automation Studio\Automation Studio\TagCreator\TagCreator\EngineeringView\ModelViewControl.xaml.cs:line 438
--------
10/04/2026 9:17:40 am: System.NullReferenceException: Object reference not set to an instance of an object.
   at TagCreator.ModelViewControl._treeView_SelectedItemChanged(Object sender, RoutedPropertyChangedEventArgs`1 e) in C:\Users\DELL\Desktop\Automation Studio\Automation Studio\TagCreator\TagCreator\EngineeringView\ModelViewControl.xaml.cs:line 438
--------
10/04/2026 9:17:43 am: System.ArgumentNullException: Value cannot be null.
Parameter name: key
   at System.ThrowHelper.ThrowArgumentNullException(ExceptionArgument argument)
   at System.Collections.Generic.Dictionary`2.Insert(TKey key, TValue value, Boolean add)
   at System.Linq.Enumerable.ToDictionary[TSource,TKey,TElement](IEnumerable`1 source, Func`2 keySelector, Func`2 elementSelector, IEqualityComparer`1 comparer)
   at System.Linq.Enumerable.ToDictionary[TSource,TKey,TElement](IEnumerable`1 source, Func`2 keySelector, Func`2 elementSelector)
   at TagCreator.IgnitionAPI.<>c__DisplayClass1_0.<UploadAreaAsFolder>b__0(Instance instance) in C:\Users\DELL\Desktop\Automation Studio\Automation Studio\TagCreator\TagCreator\Services\IgnitionAPI.cs:line 148
   at System.Linq.Enumerable.WhereSelectEnumerableIterator`2.MoveNext()
   at System.Collections.Generic.List`1..ctor(IEnumerable`1 collection)
   at System.Linq.Enumerable.ToList[TSource](IEnumerable`1 source)
   at TagCreator.IgnitionAPI.<UploadAreaAsFolder>d__1.MoveNext() in C:\Users\DELL\Desktop\Automation Studio\Automation Studio\TagCreator\TagCreator\Services\IgnitionAPI.cs:line 139
--- End of stack trace from previous location where exception was thrown ---
   at System.Runtime.ExceptionServices.ExceptionDispatchInfo.Throw()
   at System.Runtime.CompilerServices.TaskAwaiter.HandleNonSuccessAndDebuggerNotification(Task task)
   at System.Runtime.CompilerServices.TaskAwaiter.GetResult()
   at TagCreator.ModelViewControl.<UploadAreaToIgnition_Click>d__79.MoveNext() in C:\Users\DELL\Desktop\Automation Studio\Automation Studio\TagCreator\TagCreator\EngineeringView\ModelViewControl.xaml.cs:line 367
--- End of stack trace from previous location where exception was thrown ---
   at System.Runtime.ExceptionServices.ExceptionDispatchInfo.Throw()
   at System.Windows.Threading.ExceptionWrapper.InternalRealCall(Delegate callback, Object args, Int32 numArgs)
   at System.Windows.Threading.ExceptionWrapper.TryCatchWhen(Object source, Delegate callback, Object args, Int32 numArgs, Delegate catchHandler)
--------
10/04/2026 9:18:10 am: System.IO.FileNotFoundException: Could not find file 'C:\Users\DELL\Desktop\Automation Studio\Automation Studio\TagCreator\bin\Debug x64\test.xml'.
File name: 'C:\Users\DELL\Desktop\Automation Studio\Automation Studio\TagCreator\bin\Debug x64\test.xml'
   at System.IO.__Error.WinIOError(Int32 errorCode, String maybeFullPath)
   at System.IO.FileStream.Init(String path, FileMode mode, FileAccess access, Int32 rights, Boolean useRights, FileShare share, Int32 bufferSize, FileOptions options, SECURITY_ATTRIBUTES secAttrs, String msgPath, Boolean bFromProxy, Boolean useLongPath, Boolean checkHost)
   at System.IO.FileStream..ctor(String path, FileMode mode, FileAccess access, FileShare share, Int32 bufferSize, FileOptions options, String msgPath, Boolean bFromProxy, Boolean useLongPath, Boolean checkHost)
   at System.IO.StreamReader..ctor(String path, Encoding encoding, Boolean detectEncodingFromByteOrderMarks, Int32 bufferSize, Boolean checkHost)
   at System.IO.StreamReader..ctor(String path)
   at TagCreator.Project.Load(String filePath) in C:\Users\DELL\Desktop\Automation Studio\Automation Studio\TagCreator\TagCreator\DataModels\ProjectDataModel.cs:line 70
--------
10/04/2026 9:18:10 am: System.NullReferenceException: Object reference not set to an instance of an object.
   at TagCreator.MainWindow.LoadProject(String filePath) in C:\Users\DELL\Desktop\Automation Studio\Automation Studio\TagCreator\TagCreator\MainWindow.xaml.cs:line 311
--------
10/04/2026 9:22:52 am: System.NullReferenceException: Object reference not set to an instance of an object.
   at TagCreator.ModelViewControl._treeView_SelectedItemChanged(Object sender, RoutedPropertyChangedEventArgs`1 e) in C:\Users\DELL\Desktop\Automation Studio\Automation Studio\TagCreator\TagCreator\EngineeringView\ModelViewControl.xaml.cs:line 438
--------
10/04/2026 9:22:53 am: System.NullReferenceException: Object reference not set to an instance of an object.
   at TagCreator.ModelViewControl._treeView_SelectedItemChanged(Object sender, RoutedPropertyChangedEventArgs`1 e) in C:\Users\DELL\Desktop\Automation Studio\Automation Studio\TagCreator\TagCreator\EngineeringView\ModelViewControl.xaml.cs:line 438
--------
10/04/2026 9:23:16 am: System.NullReferenceException: Object reference not set to an instance of an object.
   at TagCreator.ModelViewControl._treeView_SelectedItemChanged(Object sender, RoutedPropertyChangedEventArgs`1 e) in C:\Users\DELL\Desktop\Automation Studio\Automation Studio\TagCreator\TagCreator\EngineeringView\ModelViewControl.xaml.cs:line 438
--------
10/04/2026 9:23:17 am: System.NullReferenceException: Object reference not set to an instance of an object.
   at TagCreator.ModelViewControl._treeView_SelectedItemChanged(Object sender, RoutedPropertyChangedEventArgs`1 e) in C:\Users\DELL\Desktop\Automation Studio\Automation Studio\TagCreator\TagCreator\EngineeringView\ModelViewControl.xaml.cs:line 438
--------
10/04/2026 9:23:17 am: System.NullReferenceException: Object reference not set to an instance of an object.
   at TagCreator.ModelViewControl._treeView_SelectedItemChanged(Object sender, RoutedPropertyChangedEventArgs`1 e) in C:\Users\DELL\Desktop\Automation Studio\Automation Studio\TagCreator\TagCreator\EngineeringView\ModelViewControl.xaml.cs:line 438
--------
10/04/2026 9:23:33 am: System.NullReferenceException: Object reference not set to an instance of an object.
   at TagCreator.ModelViewControl._treeView_SelectedItemChanged(Object sender, RoutedPropertyChangedEventArgs`1 e) in C:\Users\DELL\Desktop\Automation Studio\Automation Studio\TagCreator\TagCreator\EngineeringView\ModelViewControl.xaml.cs:line 438
--------
10/04/2026 9:23:58 am: System.NullReferenceException: Object reference not set to an instance of an object.
   at TagCreator.ModelViewControl._treeView_SelectedItemChanged(Object sender, RoutedPropertyChangedEventArgs`1 e) in C:\Users\DELL\Desktop\Automation Studio\Automation Studio\TagCreator\TagCreator\EngineeringView\ModelViewControl.xaml.cs:line 438
--------
10/04/2026 9:24:05 am: System.NullReferenceException: Object reference not set to an instance of an object.
   at TagCreator.ModelViewControl._treeView_SelectedItemChanged(Object sender, RoutedPropertyChangedEventArgs`1 e) in C:\Users\DELL\Desktop\Automation Studio\Automation Studio\TagCreator\TagCreator\EngineeringView\ModelViewControl.xaml.cs:line 438
--------
10/04/2026 9:24:05 am: System.NullReferenceException: Object reference not set to an instance of an object.
   at TagCreator.ModelViewControl._treeView_SelectedItemChanged(Object sender, RoutedPropertyChangedEventArgs`1 e) in C:\Users\DELL\Desktop\Automation Studio\Automation Studio\TagCreator\TagCreator\EngineeringView\ModelViewControl.xaml.cs:line 438
--------
10/04/2026 9:24:10 am: System.NullReferenceException: Object reference not set to an instance of an object.
   at TagCreator.ModelViewControl._treeView_SelectedItemChanged(Object sender, RoutedPropertyChangedEventArgs`1 e) in C:\Users\DELL\Desktop\Automation Studio\Automation Studio\TagCreator\TagCreator\EngineeringView\ModelViewControl.xaml.cs:line 438
--------
10/04/2026 9:24:10 am: System.NullReferenceException: Object reference not set to an instance of an object.
   at TagCreator.ModelViewControl._treeView_SelectedItemChanged(Object sender, RoutedPropertyChangedEventArgs`1 e) in C:\Users\DELL\Desktop\Automation Studio\Automation Studio\TagCreator\TagCreator\EngineeringView\ModelViewControl.xaml.cs:line 438
--------
10/04/2026 9:24:14 am: System.NullReferenceException: Object reference not set to an instance of an object.
   at TagCreator.ModelViewControl._treeView_SelectedItemChanged(Object sender, RoutedPropertyChangedEventArgs`1 e) in C:\Users\DELL\Desktop\Automation Studio\Automation Studio\TagCreator\TagCreator\EngineeringView\ModelViewControl.xaml.cs:line 438
--------
10/04/2026 9:24:14 am: System.NullReferenceException: Object reference not set to an instance of an object.
   at TagCreator.ModelViewControl._treeView_SelectedItemChanged(Object sender, RoutedPropertyChangedEventArgs`1 e) in C:\Users\DELL\Desktop\Automation Studio\Automation Studio\TagCreator\TagCreator\EngineeringView\ModelViewControl.xaml.cs:line 438
--------
10/04/2026 9:24:18 am: System.NullReferenceException: Object reference not set to an instance of an object.
   at TagCreator.ModelViewControl._treeView_SelectedItemChanged(Object sender, RoutedPropertyChangedEventArgs`1 e) in C:\Users\DELL\Desktop\Automation Studio\Automation Studio\TagCreator\TagCreator\EngineeringView\ModelViewControl.xaml.cs:line 438
--------
10/04/2026 9:24:18 am: System.NullReferenceException: Object reference not set to an instance of an object.
   at TagCreator.ModelViewControl._treeView_SelectedItemChanged(Object sender, RoutedPropertyChangedEventArgs`1 e) in C:\Users\DELL\Desktop\Automation Studio\Automation Studio\TagCreator\TagCreator\EngineeringView\ModelViewControl.xaml.cs:line 438
--------
10/04/2026 9:24:22 am: System.NullReferenceException: Object reference not set to an instance of an object.
   at TagCreator.ModelViewControl._treeView_SelectedItemChanged(Object sender, RoutedPropertyChangedEventArgs`1 e) in C:\Users\DELL\Desktop\Automation Studio\Automation Studio\TagCreator\TagCreator\EngineeringView\ModelViewControl.xaml.cs:line 438
--------
10/04/2026 9:24:25 am: System.NullReferenceException: Object reference not set to an instance of an object.
   at TagCreator.ModelViewControl._treeView_SelectedItemChanged(Object sender, RoutedPropertyChangedEventArgs`1 e) in C:\Users\DELL\Desktop\Automation Studio\Automation Studio\TagCreator\TagCreator\EngineeringView\ModelViewControl.xaml.cs:line 438
--------
10/04/2026 9:25:18 am: System.IO.FileNotFoundException: Could not find file 'C:\Users\DELL\Desktop\Automation Studio\Automation Studio\TagCreator\bin\Debug x64\test.xml'.
File name: 'C:\Users\DELL\Desktop\Automation Studio\Automation Studio\TagCreator\bin\Debug x64\test.xml'
   at System.IO.__Error.WinIOError(Int32 errorCode, String maybeFullPath)
   at System.IO.FileStream.Init(String path, FileMode mode, FileAccess access, Int32 rights, Boolean useRights, FileShare share, Int32 bufferSize, FileOptions options, SECURITY_ATTRIBUTES secAttrs, String msgPath, Boolean bFromProxy, Boolean useLongPath, Boolean checkHost)
   at System.IO.FileStream..ctor(String path, FileMode mode, FileAccess access, FileShare share, Int32 bufferSize, FileOptions options, String msgPath, Boolean bFromProxy, Boolean useLongPath, Boolean checkHost)
   at System.IO.StreamReader..ctor(String path, Encoding encoding, Boolean detectEncodingFromByteOrderMarks, Int32 bufferSize, Boolean checkHost)
   at System.IO.StreamReader..ctor(String path)
   at TagCreator.Project.Load(String filePath) in C:\Users\DELL\Desktop\Automation Studio\Automation Studio\TagCreator\TagCreator\DataModels\ProjectDataModel.cs:line 70
--------
10/04/2026 9:25:18 am: System.NullReferenceException: Object reference not set to an instance of an object.
   at TagCreator.MainWindow.LoadProject(String filePath) in C:\Users\DELL\Desktop\Automation Studio\Automation Studio\TagCreator\TagCreator\MainWindow.xaml.cs:line 311
--------
10/04/2026 9:25:23 am: System.NullReferenceException: Object reference not set to an instance of an object.
   at TagCreator.ModelViewControl._treeView_SelectedItemChanged(Object sender, RoutedPropertyChangedEventArgs`1 e) in C:\Users\DELL\Desktop\Automation Studio\Automation Studio\TagCreator\TagCreator\EngineeringView\ModelViewControl.xaml.cs:line 438
--------
10/04/2026 9:25:24 am: System.NullReferenceException: Object reference not set to an instance of an object.
   at TagCreator.ModelViewControl._treeView_SelectedItemChanged(Object sender, RoutedPropertyChangedEventArgs`1 e) in C:\Users\DELL\Desktop\Automation Studio\Automation Studio\TagCreator\TagCreator\EngineeringView\ModelViewControl.xaml.cs:line 438
--------
10/04/2026 9:25:27 am: System.ArgumentNullException: Value cannot be null.
Parameter name: key
   at System.ThrowHelper.ThrowArgumentNullException(ExceptionArgument argument)
   at System.Collections.Generic.Dictionary`2.Insert(TKey key, TValue value, Boolean add)
   at System.Linq.Enumerable.ToDictionary[TSource,TKey,TElement](IEnumerable`1 source, Func`2 keySelector, Func`2 elementSelector, IEqualityComparer`1 comparer)
   at System.Linq.Enumerable.ToDictionary[TSource,TKey,TElement](IEnumerable`1 source, Func`2 keySelector, Func`2 elementSelector)
   at TagCreator.IgnitionAPI.<>c__DisplayClass1_0.<UploadAreaAsFolder>b__0(Instance instance) in C:\Users\DELL\Desktop\Automation Studio\Automation Studio\TagCreator\TagCreator\Services\IgnitionAPI.cs:line 148
   at System.Linq.Enumerable.WhereSelectEnumerableIterator`2.MoveNext()
   at System.Collections.Generic.List`1..ctor(IEnumerable`1 collection)
   at System.Linq.Enumerable.ToList[TSource](IEnumerable`1 source)
   at TagCreator.IgnitionAPI.<UploadAreaAsFolder>d__1.MoveNext() in C:\Users\DELL\Desktop\Automation Studio\Automation Studio\TagCreator\TagCreator\Services\IgnitionAPI.cs:line 139
--- End of stack trace from previous location where exception was thrown ---
   at System.Runtime.ExceptionServices.ExceptionDispatchInfo.Throw()
   at System.Runtime.CompilerServices.TaskAwaiter.HandleNonSuccessAndDebuggerNotification(Task task)
   at System.Runtime.CompilerServices.TaskAwaiter.GetResult()
   at TagCreator.ModelViewControl.<UploadAreaToIgnition_Click>d__79.MoveNext() in C:\Users\DELL\Desktop\Automation Studio\Automation Studio\TagCreator\TagCreator\EngineeringView\ModelViewControl.xaml.cs:line 367
--- End of stack trace from previous location where exception was thrown ---
   at System.Runtime.ExceptionServices.ExceptionDispatchInfo.Throw()
   at System.Windows.Threading.ExceptionWrapper.InternalRealCall(Delegate callback, Object args, Int32 numArgs)
   at System.Windows.Threading.ExceptionWrapper.TryCatchWhen(Object source, Delegate callback, Object args, Int32 numArgs, Delegate catchHandler)
--------
10/04/2026 9:25:32 am: System.IO.FileNotFoundException: Could not find file 'C:\Users\DELL\Desktop\Automation Studio\Automation Studio\TagCreator\bin\Debug x64\test.xml'.
File name: 'C:\Users\DELL\Desktop\Automation Studio\Automation Studio\TagCreator\bin\Debug x64\test.xml'
   at System.IO.__Error.WinIOError(Int32 errorCode, String maybeFullPath)
   at System.IO.FileStream.Init(String path, FileMode mode, FileAccess access, Int32 rights, Boolean useRights, FileShare share, Int32 bufferSize, FileOptions options, SECURITY_ATTRIBUTES secAttrs, String msgPath, Boolean bFromProxy, Boolean useLongPath, Boolean checkHost)
   at System.IO.FileStream..ctor(String path, FileMode mode, FileAccess access, FileShare share, Int32 bufferSize, FileOptions options, String msgPath, Boolean bFromProxy, Boolean useLongPath, Boolean checkHost)
   at System.IO.StreamReader..ctor(String path, Encoding encoding, Boolean detectEncodingFromByteOrderMarks, Int32 bufferSize, Boolean checkHost)
   at System.IO.StreamReader..ctor(String path)
   at TagCreator.Project.Load(String filePath) in C:\Users\DELL\Desktop\Automation Studio\Automation Studio\TagCreator\TagCreator\DataModels\ProjectDataModel.cs:line 70
--------
10/04/2026 9:25:32 am: System.NullReferenceException: Object reference not set to an instance of an object.
   at TagCreator.MainWindow.LoadProject(String filePath) in C:\Users\DELL\Desktop\Automation Studio\Automation Studio\TagCreator\TagCreator\MainWindow.xaml.cs:line 311
--------
10/04/2026 9:25:41 am: System.NullReferenceException: Object reference not set to an instance of an object.
   at TagCreator.ModelViewControl._treeView_SelectedItemChanged(Object sender, RoutedPropertyChangedEventArgs`1 e) in C:\Users\DELL\Desktop\Automation Studio\Automation Studio\TagCreator\TagCreator\EngineeringView\ModelViewControl.xaml.cs:line 438
--------
10/04/2026 9:25:41 am: System.NullReferenceException: Object reference not set to an instance of an object.
   at TagCreator.ModelViewControl._treeView_SelectedItemChanged(Object sender, RoutedPropertyChangedEventArgs`1 e) in C:\Users\DELL\Desktop\Automation Studio\Automation Studio\TagCreator\TagCreator\EngineeringView\ModelViewControl.xaml.cs:line 438
--------
10/04/2026 9:25:42 am: System.NullReferenceException: Object reference not set to an instance of an object.
   at TagCreator.ModelViewControl._treeView_SelectedItemChanged(Object sender, RoutedPropertyChangedEventArgs`1 e) in C:\Users\DELL\Desktop\Automation Studio\Automation Studio\TagCreator\TagCreator\EngineeringView\ModelViewControl.xaml.cs:line 438
--------
10/04/2026 9:25:43 am: System.NullReferenceException: Object reference not set to an instance of an object.
   at TagCreator.ModelViewControl._treeView_SelectedItemChanged(Object sender, RoutedPropertyChangedEventArgs`1 e) in C:\Users\DELL\Desktop\Automation Studio\Automation Studio\TagCreator\TagCreator\EngineeringView\ModelViewControl.xaml.cs:line 438
--------
10/04/2026 9:25:44 am: System.NullReferenceException: Object reference not set to an instance of an object.
   at TagCreator.ModelViewControl._treeView_SelectedItemChanged(Object sender, RoutedPropertyChangedEventArgs`1 e) in C:\Users\DELL\Desktop\Automation Studio\Automation Studio\TagCreator\TagCreator\EngineeringView\ModelViewControl.xaml.cs:line 438
--------
10/04/2026 9:25:44 am: System.NullReferenceException: Object reference not set to an instance of an object.
   at TagCreator.ModelViewControl._treeView_SelectedItemChanged(Object sender, RoutedPropertyChangedEventArgs`1 e) in C:\Users\DELL\Desktop\Automation Studio\Automation Studio\TagCreator\TagCreator\EngineeringView\ModelViewControl.xaml.cs:line 438
--------
10/04/2026 9:25:46 am: System.NullReferenceException: Object reference not set to an instance of an object.
   at TagCreator.ModelViewControl._treeView_SelectedItemChanged(Object sender, RoutedPropertyChangedEventArgs`1 e) in C:\Users\DELL\Desktop\Automation Studio\Automation Studio\TagCreator\TagCreator\EngineeringView\ModelViewControl.xaml.cs:line 438
--------
10/04/2026 9:25:48 am: System.ArgumentNullException: Value cannot be null.
Parameter name: key
   at System.ThrowHelper.ThrowArgumentNullException(ExceptionArgument argument)
   at System.Collections.Generic.Dictionary`2.Insert(TKey key, TValue value, Boolean add)
   at System.Linq.Enumerable.ToDictionary[TSource,TKey,TElement](IEnumerable`1 source, Func`2 keySelector, Func`2 elementSelector, IEqualityComparer`1 comparer)
   at System.Linq.Enumerable.ToDictionary[TSource,TKey,TElement](IEnumerable`1 source, Func`2 keySelector, Func`2 elementSelector)
   at TagCreator.IgnitionAPI.<>c__DisplayClass0_0.<UploadAllAreasAsFolders>b__0(Instance instance) in C:\Users\DELL\Desktop\Automation Studio\Automation Studio\TagCreator\TagCreator\Services\IgnitionAPI.cs:line 77
   at System.Linq.Enumerable.WhereSelectEnumerableIterator`2.MoveNext()
   at System.Collections.Generic.List`1..ctor(IEnumerable`1 collection)
   at System.Linq.Enumerable.ToList[TSource](IEnumerable`1 source)
   at TagCreator.IgnitionAPI.<UploadAllAreasAsFolders>d__0.MoveNext() in C:\Users\DELL\Desktop\Automation Studio\Automation Studio\TagCreator\TagCreator\Services\IgnitionAPI.cs:line 68
--- End of stack trace from previous location where exception was thrown ---
   at System.Runtime.ExceptionServices.ExceptionDispatchInfo.Throw()
   at System.Runtime.CompilerServices.TaskAwaiter.HandleNonSuccessAndDebuggerNotification(Task task)
   at System.Runtime.CompilerServices.TaskAwaiter.GetResult()
   at TagCreator.ModelViewControl.<UploadAllAreasToIgnition_Click>d__78.MoveNext() in C:\Users\DELL\Desktop\Automation Studio\Automation Studio\TagCreator\TagCreator\EngineeringView\ModelViewControl.xaml.cs:line 348
--- End of stack trace from previous location where exception was thrown ---
   at System.Runtime.ExceptionServices.ExceptionDispatchInfo.Throw()
   at System.Windows.Threading.ExceptionWrapper.InternalRealCall(Delegate callback, Object args, Int32 numArgs)
   at System.Windows.Threading.ExceptionWrapper.TryCatchWhen(Object source, Delegate callback, Object args, Int32 numArgs, Delegate catchHandler)
--------
10/04/2026 9:25:54 am: System.IO.FileNotFoundException: Could not find file 'C:\Users\DELL\Desktop\Automation Studio\Automation Studio\TagCreator\bin\Debug x64\test.xml'.
File name: 'C:\Users\DELL\Desktop\Automation Studio\Automation Studio\TagCreator\bin\Debug x64\test.xml'
   at System.IO.__Error.WinIOError(Int32 errorCode, String maybeFullPath)
   at System.IO.FileStream.Init(String path, FileMode mode, FileAccess access, Int32 rights, Boolean useRights, FileShare share, Int32 bufferSize, FileOptions options, SECURITY_ATTRIBUTES secAttrs, String msgPath, Boolean bFromProxy, Boolean useLongPath, Boolean checkHost)
   at System.IO.FileStream..ctor(String path, FileMode mode, FileAccess access, FileShare share, Int32 bufferSize, FileOptions options, String msgPath, Boolean bFromProxy, Boolean useLongPath, Boolean checkHost)
   at System.IO.StreamReader..ctor(String path, Encoding encoding, Boolean detectEncodingFromByteOrderMarks, Int32 bufferSize, Boolean checkHost)
   at System.IO.StreamReader..ctor(String path)
   at TagCreator.Project.Load(String filePath) in C:\Users\DELL\Desktop\Automation Studio\Automation Studio\TagCreator\TagCreator\DataModels\ProjectDataModel.cs:line 70
--------
10/04/2026 9:25:54 am: System.NullReferenceException: Object reference not set to an instance of an object.
   at TagCreator.MainWindow.LoadProject(String filePath) in C:\Users\DELL\Desktop\Automation Studio\Automation Studio\TagCreator\TagCreator\MainWindow.xaml.cs:line 311
--------
10/04/2026 9:26:23 am: System.NullReferenceException: Object reference not set to an instance of an object.
   at TagCreator.ModelViewControl._treeView_SelectedItemChanged(Object sender, RoutedPropertyChangedEventArgs`1 e) in C:\Users\DELL\Desktop\Automation Studio\Automation Studio\TagCreator\TagCreator\EngineeringView\ModelViewControl.xaml.cs:line 438
--------
10/04/2026 9:26:24 am: System.NullReferenceException: Object reference not set to an instance of an object.
   at TagCreator.ModelViewControl._treeView_SelectedItemChanged(Object sender, RoutedPropertyChangedEventArgs`1 e) in C:\Users\DELL\Desktop\Automation Studio\Automation Studio\TagCreator\TagCreator\EngineeringView\ModelViewControl.xaml.cs:line 438
--------
10/04/2026 9:26:24 am: System.NullReferenceException: Object reference not set to an instance of an object.
   at TagCreator.ModelViewControl._treeView_SelectedItemChanged(Object sender, RoutedPropertyChangedEventArgs`1 e) in C:\Users\DELL\Desktop\Automation Studio\Automation Studio\TagCreator\TagCreator\EngineeringView\ModelViewControl.xaml.cs:line 438
--------
10/04/2026 9:26:26 am: System.ArgumentNullException: Value cannot be null.
Parameter name: key
   at System.ThrowHelper.ThrowArgumentNullException(ExceptionArgument argument)
   at System.Collections.Generic.Dictionary`2.Insert(TKey key, TValue value, Boolean add)
   at System.Linq.Enumerable.ToDictionary[TSource,TKey,TElement](IEnumerable`1 source, Func`2 keySelector, Func`2 elementSelector, IEqualityComparer`1 comparer)
   at System.Linq.Enumerable.ToDictionary[TSource,TKey,TElement](IEnumerable`1 source, Func`2 keySelector, Func`2 elementSelector)
   at TagCreator.IgnitionAPI.<>c__DisplayClass0_0.<UploadAllAreasAsFolders>b__0(Instance instance) in C:\Users\DELL\Desktop\Automation Studio\Automation Studio\TagCreator\TagCreator\Services\IgnitionAPI.cs:line 77
   at System.Linq.Enumerable.WhereSelectEnumerableIterator`2.MoveNext()
   at System.Collections.Generic.List`1..ctor(IEnumerable`1 collection)
   at System.Linq.Enumerable.ToList[TSource](IEnumerable`1 source)
   at TagCreator.IgnitionAPI.<UploadAllAreasAsFolders>d__0.MoveNext() in C:\Users\DELL\Desktop\Automation Studio\Automation Studio\TagCreator\TagCreator\Services\IgnitionAPI.cs:line 68
--- End of stack trace from previous location where exception was thrown ---
   at System.Runtime.ExceptionServices.ExceptionDispatchInfo.Throw()
   at System.Runtime.CompilerServices.TaskAwaiter.HandleNonSuccessAndDebuggerNotification(Task task)
   at System.Runtime.CompilerServices.TaskAwaiter.GetResult()
   at TagCreator.ModelViewControl.<UploadAllAreasToIgnition_Click>d__78.MoveNext() in C:\Users\DELL\Desktop\Automation Studio\Automation Studio\TagCreator\TagCreator\EngineeringView\ModelViewControl.xaml.cs:line 348
--- End of stack trace from previous location where exception was thrown ---
   at System.Runtime.ExceptionServices.ExceptionDispatchInfo.Throw()
   at System.Windows.Threading.ExceptionWrapper.InternalRealCall(Delegate callback, Object args, Int32 numArgs)
   at System.Windows.Threading.ExceptionWrapper.TryCatchWhen(Object source, Delegate callback, Object args, Int32 numArgs, Delegate catchHandler)
--------
10/04/2026 9:26:36 am: System.IO.FileNotFoundException: Could not find file 'C:\Users\DELL\Desktop\Automation Studio\Automation Studio\TagCreator\bin\Debug x64\test.xml'.
File name: 'C:\Users\DELL\Desktop\Automation Studio\Automation Studio\TagCreator\bin\Debug x64\test.xml'
   at System.IO.__Error.WinIOError(Int32 errorCode, String maybeFullPath)
   at System.IO.FileStream.Init(String path, FileMode mode, FileAccess access, Int32 rights, Boolean useRights, FileShare share, Int32 bufferSize, FileOptions options, SECURITY_ATTRIBUTES secAttrs, String msgPath, Boolean bFromProxy, Boolean useLongPath, Boolean checkHost)
   at System.IO.FileStream..ctor(String path, FileMode mode, FileAccess access, FileShare share, Int32 bufferSize, FileOptions options, String msgPath, Boolean bFromProxy, Boolean useLongPath, Boolean checkHost)
   at System.IO.StreamReader..ctor(String path, Encoding encoding, Boolean detectEncodingFromByteOrderMarks, Int32 bufferSize, Boolean checkHost)
   at System.IO.StreamReader..ctor(String path)
   at TagCreator.Project.Load(String filePath) in C:\Users\DELL\Desktop\Automation Studio\Automation Studio\TagCreator\TagCreator\DataModels\ProjectDataModel.cs:line 70
--------
10/04/2026 9:26:36 am: System.NullReferenceException: Object reference not set to an instance of an object.
   at TagCreator.MainWindow.LoadProject(String filePath) in C:\Users\DELL\Desktop\Automation Studio\Automation Studio\TagCreator\TagCreator\MainWindow.xaml.cs:line 311
--------
10/04/2026 9:27:21 am: System.NullReferenceException: Object reference not set to an instance of an object.
   at TagCreator.ModelViewControl._treeView_SelectedItemChanged(Object sender, RoutedPropertyChangedEventArgs`1 e) in C:\Users\DELL\Desktop\Automation Studio\Automation Studio\TagCreator\TagCreator\EngineeringView\ModelViewControl.xaml.cs:line 438
--------
10/04/2026 9:27:21 am: System.NullReferenceException: Object reference not set to an instance of an object.
   at TagCreator.ModelViewControl._treeView_SelectedItemChanged(Object sender, RoutedPropertyChangedEventArgs`1 e) in C:\Users\DELL\Desktop\Automation Studio\Automation Studio\TagCreator\TagCreator\EngineeringView\ModelViewControl.xaml.cs:line 438
--------
10/04/2026 9:27:23 am: System.ArgumentNullException: Value cannot be null.
Parameter name: key
   at System.ThrowHelper.ThrowArgumentNullException(ExceptionArgument argument)
   at System.Collections.Generic.Dictionary`2.Insert(TKey key, TValue value, Boolean add)
   at System.Linq.Enumerable.ToDictionary[TSource,TKey,TElement](IEnumerable`1 source, Func`2 keySelector, Func`2 elementSelector, IEqualityComparer`1 comparer)
   at System.Linq.Enumerable.ToDictionary[TSource,TKey,TElement](IEnumerable`1 source, Func`2 keySelector, Func`2 elementSelector)
   at TagCreator.IgnitionAPI.<>c__DisplayClass0_0.<UploadAllAreasAsFolders>b__0(Instance instance) in C:\Users\DELL\Desktop\Automation Studio\Automation Studio\TagCreator\TagCreator\Services\IgnitionAPI.cs:line 77
   at System.Linq.Enumerable.WhereSelectEnumerableIterator`2.MoveNext()
   at System.Collections.Generic.List`1..ctor(IEnumerable`1 collection)
   at System.Linq.Enumerable.ToList[TSource](IEnumerable`1 source)
   at TagCreator.IgnitionAPI.<UploadAllAreasAsFolders>d__0.MoveNext() in C:\Users\DELL\Desktop\Automation Studio\Automation Studio\TagCreator\TagCreator\Services\IgnitionAPI.cs:line 68
--- End of stack trace from previous location where exception was thrown ---
   at System.Runtime.ExceptionServices.ExceptionDispatchInfo.Throw()
   at System.Runtime.CompilerServices.TaskAwaiter.HandleNonSuccessAndDebuggerNotification(Task task)
   at System.Runtime.CompilerServices.TaskAwaiter.GetResult()
   at TagCreator.ModelViewControl.<UploadAllAreasToIgnition_Click>d__78.MoveNext() in C:\Users\DELL\Desktop\Automation Studio\Automation Studio\TagCreator\TagCreator\EngineeringView\ModelViewControl.xaml.cs:line 348
--- End of stack trace from previous location where exception was thrown ---
   at System.Runtime.ExceptionServices.ExceptionDispatchInfo.Throw()
   at System.Windows.Threading.ExceptionWrapper.InternalRealCall(Delegate callback, Object args, Int32 numArgs)
   at System.Windows.Threading.ExceptionWrapper.TryCatchWhen(Object source, Delegate callback, Object args, Int32 numArgs, Delegate catchHandler)
--------
10/04/2026 9:40:34 am: System.IO.FileNotFoundException: Could not find file 'C:\Users\DELL\Desktop\Automation Studio\Automation Studio\TagCreator\bin\Debug x64\test.xml'.
File name: 'C:\Users\DELL\Desktop\Automation Studio\Automation Studio\TagCreator\bin\Debug x64\test.xml'
   at System.IO.__Error.WinIOError(Int32 errorCode, String maybeFullPath)
   at System.IO.FileStream.Init(String path, FileMode mode, FileAccess access, Int32 rights, Boolean useRights, FileShare share, Int32 bufferSize, FileOptions options, SECURITY_ATTRIBUTES secAttrs, String msgPath, Boolean bFromProxy, Boolean useLongPath, Boolean checkHost)
   at System.IO.FileStream..ctor(String path, FileMode mode, FileAccess access, FileShare share, Int32 bufferSize, FileOptions options, String msgPath, Boolean bFromProxy, Boolean useLongPath, Boolean checkHost)
   at System.IO.StreamReader..ctor(String path, Encoding encoding, Boolean detectEncodingFromByteOrderMarks, Int32 bufferSize, Boolean checkHost)
   at System.IO.StreamReader..ctor(String path)
   at TagCreator.Project.Load(String filePath) in C:\Users\DELL\Desktop\Automation Studio\Automation Studio\TagCreator\TagCreator\DataModels\ProjectDataModel.cs:line 70
--------
10/04/2026 9:41:08 am: System.NullReferenceException: Object reference not set to an instance of an object.
   at TagCreator.MainWindow.LoadProject(String filePath) in C:\Users\DELL\Desktop\Automation Studio\Automation Studio\TagCreator\TagCreator\MainWindow.xaml.cs:line 311
--------
10/04/2026 9:44:48 am: System.IO.FileNotFoundException: Could not find file 'C:\Users\DELL\Desktop\Automation Studio\Automation Studio\TagCreator\bin\Debug x64\test.xml'.
File name: 'C:\Users\DELL\Desktop\Automation Studio\Automation Studio\TagCreator\bin\Debug x64\test.xml'
   at System.IO.__Error.WinIOError(Int32 errorCode, String maybeFullPath)
   at System.IO.FileStream.Init(String path, FileMode mode, FileAccess access, Int32 rights, Boolean useRights, FileShare share, Int32 bufferSize, FileOptions options, SECURITY_ATTRIBUTES secAttrs, String msgPath, Boolean bFromProxy, Boolean useLongPath, Boolean checkHost)
   at System.IO.FileStream..ctor(String path, FileMode mode, FileAccess access, FileShare share, Int32 bufferSize, FileOptions options, String msgPath, Boolean bFromProxy, Boolean useLongPath, Boolean checkHost)
   at System.IO.StreamReader..ctor(String path, Encoding encoding, Boolean detectEncodingFromByteOrderMarks, Int32 bufferSize, Boolean checkHost)
   at System.IO.StreamReader..ctor(String path)
   at TagCreator.Project.Load(String filePath) in C:\Users\DELL\Desktop\Automation Studio\Automation Studio\TagCreator\TagCreator\DataModels\ProjectDataModel.cs:line 70
--------
10/04/2026 9:44:50 am: System.NullReferenceException: Object reference not set to an instance of an object.
   at TagCreator.MainWindow.LoadProject(String filePath) in C:\Users\DELL\Desktop\Automation Studio\Automation Studio\TagCreator\TagCreator\MainWindow.xaml.cs:line 311
--------
10/04/2026 10:05:27 am: System.IO.FileNotFoundException: Could not find file 'C:\Users\DELL\Desktop\Automation Studio\Automation Studio\TagCreator\bin\Debug x64\test.xml'.
File name: 'C:\Users\DELL\Desktop\Automation Studio\Automation Studio\TagCreator\bin\Debug x64\test.xml'
   at System.IO.__Error.WinIOError(Int32 errorCode, String maybeFullPath)
   at System.IO.FileStream.Init(String path, FileMode mode, FileAccess access, Int32 rights, Boolean useRights, FileShare share, Int32 bufferSize, FileOptions options, SECURITY_ATTRIBUTES secAttrs, String msgPath, Boolean bFromProxy, Boolean useLongPath, Boolean checkHost)
   at System.IO.FileStream..ctor(String path, FileMode mode, FileAccess access, FileShare share, Int32 bufferSize, FileOptions options, String msgPath, Boolean bFromProxy, Boolean useLongPath, Boolean checkHost)
   at System.IO.StreamReader..ctor(String path, Encoding encoding, Boolean detectEncodingFromByteOrderMarks, Int32 bufferSize, Boolean checkHost)
   at System.IO.StreamReader..ctor(String path)
   at TagCreator.Project.Load(String filePath) in C:\Users\DELL\Desktop\Automation Studio\Automation Studio\TagCreator\TagCreator\DataModels\ProjectDataModel.cs:line 70
--------
10/04/2026 10:05:27 am: System.NullReferenceException: Object reference not set to an instance of an object.
   at TagCreator.MainWindow.LoadProject(String filePath) in C:\Users\DELL\Desktop\Automation Studio\Automation Studio\TagCreator\TagCreator\MainWindow.xaml.cs:line 311
--------
10/04/2026 10:29:37 am: System.IO.FileNotFoundException: Could not find file 'C:\Users\DELL\Desktop\Automation Studio\Automation Studio\TagCreator\bin\Debug x64\test.xml'.
File name: 'C:\Users\DELL\Desktop\Automation Studio\Automation Studio\TagCreator\bin\Debug x64\test.xml'
   at System.IO.__Error.WinIOError(Int32 errorCode, String maybeFullPath)
   at System.IO.FileStream.Init(String path, FileMode mode, FileAccess access, Int32 rights, Boolean useRights, FileShare share, Int32 bufferSize, FileOptions options, SECURITY_ATTRIBUTES secAttrs, String msgPath, Boolean bFromProxy, Boolean useLongPath, Boolean checkHost)
   at System.IO.FileStream..ctor(String path, FileMode mode, FileAccess access, FileShare share, Int32 bufferSize, FileOptions options, String msgPath, Boolean bFromProxy, Boolean useLongPath, Boolean checkHost)
   at System.IO.StreamReader..ctor(String path, Encoding encoding, Boolean detectEncodingFromByteOrderMarks, Int32 bufferSize, Boolean checkHost)
   at System.IO.StreamReader..ctor(String path)
   at TagCreator.Project.Load(String filePath) in C:\Users\DELL\Desktop\Automation Studio\Automation Studio\TagCreator\TagCreator\DataModels\ProjectDataModel.cs:line 70
--------
10/04/2026 10:29:37 am: System.NullReferenceException: Object reference not set to an instance of an object.
   at TagCreator.MainWindow.LoadProject(String filePath) in C:\Users\DELL\Desktop\Automation Studio\Automation Studio\TagCreator\TagCreator\MainWindow.xaml.cs:line 311
--------
10/04/2026 10:39:19 am: System.IO.FileNotFoundException: Could not find file 'C:\Users\DELL\Desktop\Automation Studio\Automation Studio\TagCreator\bin\Debug x64\test.xml'.
File name: 'C:\Users\DELL\Desktop\Automation Studio\Automation Studio\TagCreator\bin\Debug x64\test.xml'
   at System.IO.__Error.WinIOError(Int32 errorCode, String maybeFullPath)
   at System.IO.FileStream.Init(String path, FileMode mode, FileAccess access, Int32 rights, Boolean useRights, FileShare share, Int32 bufferSize, FileOptions options, SECURITY_ATTRIBUTES secAttrs, String msgPath, Boolean bFromProxy, Boolean useLongPath, Boolean checkHost)
   at System.IO.FileStream..ctor(String path, FileMode mode, FileAccess access, FileShare share, Int32 bufferSize, FileOptions options, String msgPath, Boolean bFromProxy, Boolean useLongPath, Boolean checkHost)
   at System.IO.StreamReader..ctor(String path, Encoding encoding, Boolean detectEncodingFromByteOrderMarks, Int32 bufferSize, Boolean checkHost)
   at System.IO.StreamReader..ctor(String path)
   at TagCreator.Project.Load(String filePath) in C:\Users\DELL\Desktop\Automation Studio\Automation Studio\TagCreator\TagCreator\DataModels\ProjectDataModel.cs:line 70
--------
10/04/2026 10:39:19 am: System.NullReferenceException: Object reference not set to an instance of an object.
   at TagCreator.MainWindow.LoadProject(String filePath) in C:\Users\DELL\Desktop\Automation Studio\Automation Studio\TagCreator\TagCreator\MainWindow.xaml.cs:line 311
--------
10/04/2026 10:53:22 am: System.IO.FileNotFoundException: Could not find file 'C:\Users\DELL\Desktop\Automation Studio\Automation Studio\TagCreator\bin\Debug x64\test.xml'.
File name: 'C:\Users\DELL\Desktop\Automation Studio\Automation Studio\TagCreator\bin\Debug x64\test.xml'
   at System.IO.__Error.WinIOError(Int32 errorCode, String maybeFullPath)
   at System.IO.FileStream.Init(String path, FileMode mode, FileAccess access, Int32 rights, Boolean useRights, FileShare share, Int32 bufferSize, FileOptions options, SECURITY_ATTRIBUTES secAttrs, String msgPath, Boolean bFromProxy, Boolean useLongPath, Boolean checkHost)
   at System.IO.FileStream..ctor(String path, FileMode mode, FileAccess access, FileShare share, Int32 bufferSize, FileOptions options, String msgPath, Boolean bFromProxy, Boolean useLongPath, Boolean checkHost)
   at System.IO.StreamReader..ctor(String path, Encoding encoding, Boolean detectEncodingFromByteOrderMarks, Int32 bufferSize, Boolean checkHost)
   at System.IO.StreamReader..ctor(String path)
   at TagCreator.Project.Load(String filePath) in C:\Users\DELL\Desktop\Automation Studio\Automation Studio\TagCreator\TagCreator\DataModels\ProjectDataModel.cs:line 70
--------
10/04/2026 10:53:22 am: System.NullReferenceException: Object reference not set to an instance of an object.
   at TagCreator.MainWindow.LoadProject(String filePath) in C:\Users\DELL\Desktop\Automation Studio\Automation Studio\TagCreator\TagCreator\MainWindow.xaml.cs:line 311
--------
10/04/2026 10:55:49 am: System.IO.FileNotFoundException: Could not find file 'C:\Users\DELL\Desktop\Automation Studio\Automation Studio\TagCreator\bin\Debug x64\test.xml'.
File name: 'C:\Users\DELL\Desktop\Automation Studio\Automation Studio\TagCreator\bin\Debug x64\test.xml'
   at System.IO.__Error.WinIOError(Int32 errorCode, String maybeFullPath)
   at System.IO.FileStream.Init(String path, FileMode mode, FileAccess access, Int32 rights, Boolean useRights, FileShare share, Int32 bufferSize, FileOptions options, SECURITY_ATTRIBUTES secAttrs, String msgPath, Boolean bFromProxy, Boolean useLongPath, Boolean checkHost)
   at System.IO.FileStream..ctor(String path, FileMode mode, FileAccess access, FileShare share, Int32 bufferSize, FileOptions options, String msgPath, Boolean bFromProxy, Boolean useLongPath, Boolean checkHost)
   at System.IO.StreamReader..ctor(String path, Encoding encoding, Boolean detectEncodingFromByteOrderMarks, Int32 bufferSize, Boolean checkHost)
   at System.IO.StreamReader..ctor(String path)
   at TagCreator.Project.Load(String filePath) in C:\Users\DELL\Desktop\Automation Studio\Automation Studio\TagCreator\TagCreator\DataModels\ProjectDataModel.cs:line 70
--------
10/04/2026 10:55:49 am: System.NullReferenceException: Object reference not set to an instance of an object.
   at TagCreator.MainWindow.LoadProject(String filePath) in C:\Users\DELL\Desktop\Automation Studio\Automation Studio\TagCreator\TagCreator\MainWindow.xaml.cs:line 311
--------
10/04/2026 10:58:12 am: System.IO.FileNotFoundException: Could not find file 'C:\Users\DELL\Desktop\Automation Studio\Automation Studio\TagCreator\bin\Debug x64\test.xml'.
File name: 'C:\Users\DELL\Desktop\Automation Studio\Automation Studio\TagCreator\bin\Debug x64\test.xml'
   at System.IO.__Error.WinIOError(Int32 errorCode, String maybeFullPath)
   at System.IO.FileStream.Init(String path, FileMode mode, FileAccess access, Int32 rights, Boolean useRights, FileShare share, Int32 bufferSize, FileOptions options, SECURITY_ATTRIBUTES secAttrs, String msgPath, Boolean bFromProxy, Boolean useLongPath, Boolean checkHost)
   at System.IO.FileStream..ctor(String path, FileMode mode, FileAccess access, FileShare share, Int32 bufferSize, FileOptions options, String msgPath, Boolean bFromProxy, Boolean useLongPath, Boolean checkHost)
   at System.IO.StreamReader..ctor(String path, Encoding encoding, Boolean detectEncodingFromByteOrderMarks, Int32 bufferSize, Boolean checkHost)
   at System.IO.StreamReader..ctor(String path)
   at TagCreator.Project.Load(String filePath) in C:\Users\DELL\Desktop\Automation Studio\Automation Studio\TagCreator\TagCreator\DataModels\ProjectDataModel.cs:line 70
--------
10/04/2026 10:58:12 am: System.NullReferenceException: Object reference not set to an instance of an object.
   at TagCreator.MainWindow.LoadProject(String filePath) in C:\Users\DELL\Desktop\Automation Studio\Automation Studio\TagCreator\TagCreator\MainWindow.xaml.cs:line 311
--------
10/04/2026 11:00:18 am: System.IO.FileNotFoundException: Could not find file 'C:\Users\DELL\Desktop\Automation Studio\Automation Studio\TagCreator\bin\Debug x64\test.xml'.
File name: 'C:\Users\DELL\Desktop\Automation Studio\Automation Studio\TagCreator\bin\Debug x64\test.xml'
   at System.IO.__Error.WinIOError(Int32 errorCode, String maybeFullPath)
   at System.IO.FileStream.Init(String path, FileMode mode, FileAccess access, Int32 rights, Boolean useRights, FileShare share, Int32 bufferSize, FileOptions options, SECURITY_ATTRIBUTES secAttrs, String msgPath, Boolean bFromProxy, Boolean useLongPath, Boolean checkHost)
   at System.IO.FileStream..ctor(String path, FileMode mode, FileAccess access, FileShare share, Int32 bufferSize, FileOptions options, String msgPath, Boolean bFromProxy, Boolean useLongPath, Boolean checkHost)
   at System.IO.StreamReader..ctor(String path, Encoding encoding, Boolean detectEncodingFromByteOrderMarks, Int32 bufferSize, Boolean checkHost)
   at System.IO.StreamReader..ctor(String path)
   at TagCreator.Project.Load(String filePath) in C:\Users\DELL\Desktop\Automation Studio\Automation Studio\TagCreator\TagCreator\DataModels\ProjectDataModel.cs:line 70
--------
10/04/2026 11:00:18 am: System.NullReferenceException: Object reference not set to an instance of an object.
   at TagCreator.MainWindow.LoadProject(String filePath) in C:\Users\DELL\Desktop\Automation Studio\Automation Studio\TagCreator\TagCreator\MainWindow.xaml.cs:line 311
--------
10/04/2026 11:05:10 am: System.IO.FileNotFoundException: Could not find file 'C:\Users\DELL\Desktop\Automation Studio\Automation Studio\TagCreator\bin\Debug x64\test.xml'.
File name: 'C:\Users\DELL\Desktop\Automation Studio\Automation Studio\TagCreator\bin\Debug x64\test.xml'
   at System.IO.__Error.WinIOError(Int32 errorCode, String maybeFullPath)
   at System.IO.FileStream.Init(String path, FileMode mode, FileAccess access, Int32 rights, Boolean useRights, FileShare share, Int32 bufferSize, FileOptions options, SECURITY_ATTRIBUTES secAttrs, String msgPath, Boolean bFromProxy, Boolean useLongPath, Boolean checkHost)
   at System.IO.FileStream..ctor(String path, FileMode mode, FileAccess access, FileShare share, Int32 bufferSize, FileOptions options, String msgPath, Boolean bFromProxy, Boolean useLongPath, Boolean checkHost)
   at System.IO.StreamReader..ctor(String path, Encoding encoding, Boolean detectEncodingFromByteOrderMarks, Int32 bufferSize, Boolean checkHost)
   at System.IO.StreamReader..ctor(String path)
   at TagCreator.Project.Load(String filePath) in C:\Users\DELL\Desktop\Automation Studio\Automation Studio\TagCreator\TagCreator\DataModels\ProjectDataModel.cs:line 70
--------
10/04/2026 11:05:10 am: System.NullReferenceException: Object reference not set to an instance of an object.
   at TagCreator.MainWindow.LoadProject(String filePath) in C:\Users\DELL\Desktop\Automation Studio\Automation Studio\TagCreator\TagCreator\MainWindow.xaml.cs:line 311
--------
10/04/2026 11:33:26 am: System.IO.FileNotFoundException: Could not find file 'C:\Users\DELL\Desktop\Automation Studio\Automation Studio\TagCreator\bin\Debug x64\test.xml'.
File name: 'C:\Users\DELL\Desktop\Automation Studio\Automation Studio\TagCreator\bin\Debug x64\test.xml'
   at System.IO.__Error.WinIOError(Int32 errorCode, String maybeFullPath)
   at System.IO.FileStream.Init(String path, FileMode mode, FileAccess access, Int32 rights, Boolean useRights, FileShare share, Int32 bufferSize, FileOptions options, SECURITY_ATTRIBUTES secAttrs, String msgPath, Boolean bFromProxy, Boolean useLongPath, Boolean checkHost)
   at System.IO.FileStream..ctor(String path, FileMode mode, FileAccess access, FileShare share, Int32 bufferSize, FileOptions options, String msgPath, Boolean bFromProxy, Boolean useLongPath, Boolean checkHost)
   at System.IO.StreamReader..ctor(String path, Encoding encoding, Boolean detectEncodingFromByteOrderMarks, Int32 bufferSize, Boolean checkHost)
   at System.IO.StreamReader..ctor(String path)
   at TagCreator.Project.Load(String filePath) in C:\Users\DELL\Desktop\Automation Studio\Automation Studio\TagCreator\TagCreator\DataModels\ProjectDataModel.cs:line 70
--------
10/04/2026 11:33:26 am: System.NullReferenceException: Object reference not set to an instance of an object.
   at TagCreator.MainWindow.LoadProject(String filePath) in C:\Users\DELL\Desktop\Automation Studio\Automation Studio\TagCreator\TagCreator\MainWindow.xaml.cs:line 311
--------
10/04/2026 11:36:25 am: System.IO.FileNotFoundException: Could not find file 'C:\Users\DELL\Desktop\Automation Studio\Automation Studio\TagCreator\bin\Debug x64\test.xml'.
File name: 'C:\Users\DELL\Desktop\Automation Studio\Automation Studio\TagCreator\bin\Debug x64\test.xml'
   at System.IO.__Error.WinIOError(Int32 errorCode, String maybeFullPath)
   at System.IO.FileStream.Init(String path, FileMode mode, FileAccess access, Int32 rights, Boolean useRights, FileShare share, Int32 bufferSize, FileOptions options, SECURITY_ATTRIBUTES secAttrs, String msgPath, Boolean bFromProxy, Boolean useLongPath, Boolean checkHost)
   at System.IO.FileStream..ctor(String path, FileMode mode, FileAccess access, FileShare share, Int32 bufferSize, FileOptions options, String msgPath, Boolean bFromProxy, Boolean useLongPath, Boolean checkHost)
   at System.IO.StreamReader..ctor(String path, Encoding encoding, Boolean detectEncodingFromByteOrderMarks, Int32 bufferSize, Boolean checkHost)
   at System.IO.StreamReader..ctor(String path)
   at TagCreator.Project.Load(String filePath) in C:\Users\DELL\Desktop\Automation Studio\Automation Studio\TagCreator\TagCreator\DataModels\ProjectDataModel.cs:line 70
--------
10/04/2026 11:36:25 am: System.NullReferenceException: Object reference not set to an instance of an object.
   at TagCreator.MainWindow.LoadProject(String filePath) in C:\Users\DELL\Desktop\Automation Studio\Automation Studio\TagCreator\TagCreator\MainWindow.xaml.cs:line 311
--------
10/04/2026 11:48:44 am: System.IO.FileNotFoundException: Could not find file 'C:\Users\DELL\Desktop\Automation Studio\Automation Studio\TagCreator\bin\Debug x64\test.xml'.
File name: 'C:\Users\DELL\Desktop\Automation Studio\Automation Studio\TagCreator\bin\Debug x64\test.xml'
   at System.IO.__Error.WinIOError(Int32 errorCode, String maybeFullPath)
   at System.IO.FileStream.Init(String path, FileMode mode, FileAccess access, Int32 rights, Boolean useRights, FileShare share, Int32 bufferSize, FileOptions options, SECURITY_ATTRIBUTES secAttrs, String msgPath, Boolean bFromProxy, Boolean useLongPath, Boolean checkHost)
   at System.IO.FileStream..ctor(String path, FileMode mode, FileAccess access, FileShare share, Int32 bufferSize, FileOptions options, String msgPath, Boolean bFromProxy, Boolean useLongPath, Boolean checkHost)
   at System.IO.StreamReader..ctor(String path, Encoding encoding, Boolean detectEncodingFromByteOrderMarks, Int32 bufferSize, Boolean checkHost)
   at System.IO.StreamReader..ctor(String path)
   at TagCreator.Project.Load(String filePath) in C:\Users\DELL\Desktop\Automation Studio\Automation Studio\TagCreator\TagCreator\DataModels\ProjectDataModel.cs:line 70
--------
10/04/2026 11:48:44 am: System.NullReferenceException: Object reference not set to an instance of an object.
   at TagCreator.MainWindow.LoadProject(String filePath) in C:\Users\DELL\Desktop\Automation Studio\Automation Studio\TagCreator\TagCreator\MainWindow.xaml.cs:line 311
--------
10/04/2026 11:48:59 am: System.IO.FileNotFoundException: Could not find file 'C:\Users\DELL\Desktop\Automation Studio\Automation Studio\TagCreator\bin\Debug x64\test.xml'.
File name: 'C:\Users\DELL\Desktop\Automation Studio\Automation Studio\TagCreator\bin\Debug x64\test.xml'
   at System.IO.__Error.WinIOError(Int32 errorCode, String maybeFullPath)
   at System.IO.FileStream.Init(String path, FileMode mode, FileAccess access, Int32 rights, Boolean useRights, FileShare share, Int32 bufferSize, FileOptions options, SECURITY_ATTRIBUTES secAttrs, String msgPath, Boolean bFromProxy, Boolean useLongPath, Boolean checkHost)
   at System.IO.FileStream..ctor(String path, FileMode mode, FileAccess access, FileShare share, Int32 bufferSize, FileOptions options, String msgPath, Boolean bFromProxy, Boolean useLongPath, Boolean checkHost)
   at System.IO.StreamReader..ctor(String path, Encoding encoding, Boolean detectEncodingFromByteOrderMarks, Int32 bufferSize, Boolean checkHost)
   at System.IO.StreamReader..ctor(String path)
   at TagCreator.Project.Load(String filePath) in C:\Users\DELL\Desktop\Automation Studio\Automation Studio\TagCreator\TagCreator\DataModels\ProjectDataModel.cs:line 70
--------
10/04/2026 12:11:49 pm: System.InvalidOperationException: Sequence contains no elements
   at System.Linq.Enumerable.Single[TSource](IEnumerable`1 source)
   at TagCreator.EngineeringViewControl.<>c__DisplayClass129_0.<ExportProfile>b__4(Instance inst) in C:\Users\DELL\Desktop\Automation Studio\Automation Studio\TagCreator\TagCreator\EngineeringView\EngineeringViewControl.xaml.cs:line 1901
   at System.Linq.Lookup`2.Create[TSource](IEnumerable`1 source, Func`2 keySelector, Func`2 elementSelector, IEqualityComparer`1 comparer)
   at System.Linq.GroupedEnumerable`3.GetEnumerator()
   at TagCreator.EngineeringViewControl.ExportProfile(Profile profile) in C:\Users\DELL\Desktop\Automation Studio\Automation Studio\TagCreator\TagCreator\EngineeringView\EngineeringViewControl.xaml.cs:line 1904
--------
10/04/2026 12:36:15 pm: System.InvalidOperationException: Sequence contains no elements
   at System.Linq.Enumerable.Single[TSource](IEnumerable`1 source)
   at TagCreator.ProfileAttributesControl.ExportTabularProfile(Profile profile, List`1 selectedInstances, String filePath) in C:\Users\DELL\Desktop\Automation Studio\Automation Studio\TagCreator\TagCreator\EngineeringView\ProfileAttributesControl.xaml.cs:line 83
--------
10/04/2026 12:36:20 pm: System.InvalidOperationException: Sequence contains no elements
   at System.Linq.Enumerable.Single[TSource](IEnumerable`1 source)
   at TagCreator.ProfileAttributesControl.ExportTabularProfile(Profile profile, List`1 selectedInstances, String filePath) in C:\Users\DELL\Desktop\Automation Studio\Automation Studio\TagCreator\TagCreator\EngineeringView\ProfileAttributesControl.xaml.cs:line 83
--------
10/04/2026 12:36:26 pm: System.InvalidOperationException: Sequence contains no elements
   at System.Linq.Enumerable.Single[TSource](IEnumerable`1 source)
   at TagCreator.ProfileAttributesControl.ExportTabularProfile(Profile profile, List`1 selectedInstances, String filePath) in C:\Users\DELL\Desktop\Automation Studio\Automation Studio\TagCreator\TagCreator\EngineeringView\ProfileAttributesControl.xaml.cs:line 83
--------
10/04/2026 2:15:30 pm: System.ArgumentOutOfRangeException: Index was out of range. Must be non-negative and less than the size of the collection.
Parameter name: startIndex
   at System.String.IndexOf(String value, Int32 startIndex, Int32 count, StringComparison comparisonType)
   at System.String.IndexOf(String value, Int32 startIndex, StringComparison comparisonType)
   at TagCreator.ProfileAttributesControl.FindAndReplace(StringBuilder output, String search, String replacement) in C:\Users\DELL\Desktop\Automation Studio\Automation Studio\TagCreator\TagCreator\EngineeringView\ProfileAttributesControl.xaml.cs:line 1035
--------
10/04/2026 2:15:30 pm: System.ArgumentOutOfRangeException: Index was out of range. Must be non-negative and less than the size of the collection.
Parameter name: startIndex
   at System.String.IndexOf(String value, Int32 startIndex, Int32 count, StringComparison comparisonType)
   at System.String.IndexOf(String value, Int32 startIndex, StringComparison comparisonType)
   at TagCreator.ProfileAttributesControl.FindAndReplace(StringBuilder output, String search, String replacement) in C:\Users\DELL\Desktop\Automation Studio\Automation Studio\TagCreator\TagCreator\EngineeringView\ProfileAttributesControl.xaml.cs:line 1035
--------
10/04/2026 2:15:30 pm: System.ArgumentOutOfRangeException: Index was out of range. Must be non-negative and less than the size of the collection.
Parameter name: startIndex
   at System.String.IndexOf(String value, Int32 startIndex, Int32 count, StringComparison comparisonType)
   at System.String.IndexOf(String value, Int32 startIndex, StringComparison comparisonType)
   at TagCreator.ProfileAttributesControl.FindAndReplace(StringBuilder output, String search, String replacement) in C:\Users\DELL\Desktop\Automation Studio\Automation Studio\TagCreator\TagCreator\EngineeringView\ProfileAttributesControl.xaml.cs:line 1035
--------
10/04/2026 2:15:30 pm: System.ArgumentOutOfRangeException: Index was out of range. Must be non-negative and less than the size of the collection.
Parameter name: startIndex
   at System.String.IndexOf(String value, Int32 startIndex, Int32 count, StringComparison comparisonType)
   at System.String.IndexOf(String value, Int32 startIndex, StringComparison comparisonType)
   at TagCreator.ProfileAttributesControl.FindAndReplace(StringBuilder output, String search, String replacement) in C:\Users\DELL\Desktop\Automation Studio\Automation Studio\TagCreator\TagCreator\EngineeringView\ProfileAttributesControl.xaml.cs:line 1035
--------
10/04/2026 2:15:30 pm: System.ArgumentOutOfRangeException: Index was out of range. Must be non-negative and less than the size of the collection.
Parameter name: startIndex
   at System.String.IndexOf(String value, Int32 startIndex, Int32 count, StringComparison comparisonType)
   at System.String.IndexOf(String value, Int32 startIndex, StringComparison comparisonType)
   at TagCreator.ProfileAttributesControl.FindAndReplace(StringBuilder output, String search, String replacement) in C:\Users\DELL\Desktop\Automation Studio\Automation Studio\TagCreator\TagCreator\EngineeringView\ProfileAttributesControl.xaml.cs:line 1035
--------
10/04/2026 2:15:30 pm: System.ArgumentOutOfRangeException: Index was out of range. Must be non-negative and less than the size of the collection.
Parameter name: startIndex
   at System.String.IndexOf(String value, Int32 startIndex, Int32 count, StringComparison comparisonType)
   at System.String.IndexOf(String value, Int32 startIndex, StringComparison comparisonType)
   at TagCreator.ProfileAttributesControl.FindAndReplace(StringBuilder output, String search, String replacement) in C:\Users\DELL\Desktop\Automation Studio\Automation Studio\TagCreator\TagCreator\EngineeringView\ProfileAttributesControl.xaml.cs:line 1035
--------
10/04/2026 2:15:30 pm: System.ArgumentOutOfRangeException: Index was out of range. Must be non-negative and less than the size of the collection.
Parameter name: startIndex
   at System.String.IndexOf(String value, Int32 startIndex, Int32 count, StringComparison comparisonType)
   at System.String.IndexOf(String value, Int32 startIndex, StringComparison comparisonType)
   at TagCreator.ProfileAttributesControl.FindAndReplace(StringBuilder output, String search, String replacement) in C:\Users\DELL\Desktop\Automation Studio\Automation Studio\TagCreator\TagCreator\EngineeringView\ProfileAttributesControl.xaml.cs:line 1035
--------
10/04/2026 2:15:30 pm: System.ArgumentOutOfRangeException: Index was out of range. Must be non-negative and less than the size of the collection.
Parameter name: startIndex
   at System.String.IndexOf(String value, Int32 startIndex, Int32 count, StringComparison comparisonType)
   at System.String.IndexOf(String value, Int32 startIndex, StringComparison comparisonType)
   at TagCreator.ProfileAttributesControl.FindAndReplace(StringBuilder output, String search, String replacement) in C:\Users\DELL\Desktop\Automation Studio\Automation Studio\TagCreator\TagCreator\EngineeringView\ProfileAttributesControl.xaml.cs:line 1035
--------
10/04/2026 2:15:30 pm: System.ArgumentOutOfRangeException: Index was out of range. Must be non-negative and less than the size of the collection.
Parameter name: startIndex
   at System.String.IndexOf(String value, Int32 startIndex, Int32 count, StringComparison comparisonType)
   at System.String.IndexOf(String value, Int32 startIndex, StringComparison comparisonType)
   at TagCreator.ProfileAttributesControl.FindAndReplace(StringBuilder output, String search, String replacement) in C:\Users\DELL\Desktop\Automation Studio\Automation Studio\TagCreator\TagCreator\EngineeringView\ProfileAttributesControl.xaml.cs:line 1035
--------
10/04/2026 2:15:30 pm: System.ArgumentOutOfRangeException: Index was out of range. Must be non-negative and less than the size of the collection.
Parameter name: startIndex
   at System.String.IndexOf(String value, Int32 startIndex, Int32 count, StringComparison comparisonType)
   at System.String.IndexOf(String value, Int32 startIndex, StringComparison comparisonType)
   at TagCreator.ProfileAttributesControl.FindAndReplace(StringBuilder output, String search, String replacement) in C:\Users\DELL\Desktop\Automation Studio\Automation Studio\TagCreator\TagCreator\EngineeringView\ProfileAttributesControl.xaml.cs:line 1035
--------
10/04/2026 2:15:30 pm: System.ArgumentOutOfRangeException: Index was out of range. Must be non-negative and less than the size of the collection.
Parameter name: startIndex
   at System.String.IndexOf(String value, Int32 startIndex, Int32 count, StringComparison comparisonType)
   at System.String.IndexOf(String value, Int32 startIndex, StringComparison comparisonType)
   at TagCreator.ProfileAttributesControl.FindAndReplace(StringBuilder output, String search, String replacement) in C:\Users\DELL\Desktop\Automation Studio\Automation Studio\TagCreator\TagCreator\EngineeringView\ProfileAttributesControl.xaml.cs:line 1035
--------
10/04/2026 2:15:30 pm: System.ArgumentOutOfRangeException: Index was out of range. Must be non-negative and less than the size of the collection.
Parameter name: startIndex
   at System.String.IndexOf(String value, Int32 startIndex, Int32 count, StringComparison comparisonType)
   at System.String.IndexOf(String value, Int32 startIndex, StringComparison comparisonType)
   at TagCreator.ProfileAttributesControl.FindAndReplace(StringBuilder output, String search, String replacement) in C:\Users\DELL\Desktop\Automation Studio\Automation Studio\TagCreator\TagCreator\EngineeringView\ProfileAttributesControl.xaml.cs:line 1035
--------
10/04/2026 2:15:30 pm: System.ArgumentOutOfRangeException: Index was out of range. Must be non-negative and less than the size of the collection.
Parameter name: startIndex
   at System.String.IndexOf(String value, Int32 startIndex, Int32 count, StringComparison comparisonType)
   at System.String.IndexOf(String value, Int32 startIndex, StringComparison comparisonType)
   at TagCreator.ProfileAttributesControl.FindAndReplace(StringBuilder output, String search, String replacement) in C:\Users\DELL\Desktop\Automation Studio\Automation Studio\TagCreator\TagCreator\EngineeringView\ProfileAttributesControl.xaml.cs:line 1035
--------
10/04/2026 2:15:30 pm: System.ArgumentOutOfRangeException: Index was out of range. Must be non-negative and less than the size of the collection.
Parameter name: startIndex
   at System.String.IndexOf(String value, Int32 startIndex, Int32 count, StringComparison comparisonType)
   at System.String.IndexOf(String value, Int32 startIndex, StringComparison comparisonType)
   at TagCreator.ProfileAttributesControl.FindAndReplace(StringBuilder output, String search, String replacement) in C:\Users\DELL\Desktop\Automation Studio\Automation Studio\TagCreator\TagCreator\EngineeringView\ProfileAttributesControl.xaml.cs:line 1035
--------
10/04/2026 2:15:30 pm: System.ArgumentOutOfRangeException: Index was out of range. Must be non-negative and less than the size of the collection.
Parameter name: startIndex
   at System.String.IndexOf(String value, Int32 startIndex, Int32 count, StringComparison comparisonType)
   at System.String.IndexOf(String value, Int32 startIndex, StringComparison comparisonType)
   at TagCreator.ProfileAttributesControl.FindAndReplace(StringBuilder output, String search, String replacement) in C:\Users\DELL\Desktop\Automation Studio\Automation Studio\TagCreator\TagCreator\EngineeringView\ProfileAttributesControl.xaml.cs:line 1035
--------
10/04/2026 2:15:30 pm: System.ArgumentOutOfRangeException: Index was out of range. Must be non-negative and less than the size of the collection.
Parameter name: startIndex
   at System.String.IndexOf(String value, Int32 startIndex, Int32 count, StringComparison comparisonType)
   at System.String.IndexOf(String value, Int32 startIndex, StringComparison comparisonType)
   at TagCreator.ProfileAttributesControl.FindAndReplace(StringBuilder output, String search, String replacement) in C:\Users\DELL\Desktop\Automation Studio\Automation Studio\TagCreator\TagCreator\EngineeringView\ProfileAttributesControl.xaml.cs:line 1035
--------
10/04/2026 2:15:30 pm: System.ArgumentOutOfRangeException: Index was out of range. Must be non-negative and less than the size of the collection.
Parameter name: startIndex
   at System.String.IndexOf(String value, Int32 startIndex, Int32 count, StringComparison comparisonType)
   at System.String.IndexOf(String value, Int32 startIndex, StringComparison comparisonType)
   at TagCreator.ProfileAttributesControl.FindAndReplace(StringBuilder output, String search, String replacement) in C:\Users\DELL\Desktop\Automation Studio\Automation Studio\TagCreator\TagCreator\EngineeringView\ProfileAttributesControl.xaml.cs:line 1035
--------
10/04/2026 2:15:30 pm: System.ArgumentOutOfRangeException: Index was out of range. Must be non-negative and less than the size of the collection.
Parameter name: startIndex
   at System.String.IndexOf(String value, Int32 startIndex, Int32 count, StringComparison comparisonType)
   at System.String.IndexOf(String value, Int32 startIndex, StringComparison comparisonType)
   at TagCreator.ProfileAttributesControl.FindAndReplace(StringBuilder output, String search, String replacement) in C:\Users\DELL\Desktop\Automation Studio\Automation Studio\TagCreator\TagCreator\EngineeringView\ProfileAttributesControl.xaml.cs:line 1035
--------
10/04/2026 2:15:30 pm: System.ArgumentOutOfRangeException: Index was out of range. Must be non-negative and less than the size of the collection.
Parameter name: startIndex
   at System.String.IndexOf(String value, Int32 startIndex, Int32 count, StringComparison comparisonType)
   at System.String.IndexOf(String value, Int32 startIndex, StringComparison comparisonType)
   at TagCreator.ProfileAttributesControl.FindAndReplace(StringBuilder output, String search, String replacement) in C:\Users\DELL\Desktop\Automation Studio\Automation Studio\TagCreator\TagCreator\EngineeringView\ProfileAttributesControl.xaml.cs:line 1035
--------
10/04/2026 2:15:30 pm: System.ArgumentOutOfRangeException: Index was out of range. Must be non-negative and less than the size of the collection.
Parameter name: startIndex
   at System.String.IndexOf(String value, Int32 startIndex, Int32 count, StringComparison comparisonType)
   at System.String.IndexOf(String value, Int32 startIndex, StringComparison comparisonType)
   at TagCreator.ProfileAttributesControl.FindAndReplace(StringBuilder output, String search, String replacement) in C:\Users\DELL\Desktop\Automation Studio\Automation Studio\TagCreator\TagCreator\EngineeringView\ProfileAttributesControl.xaml.cs:line 1035
--------
10/04/2026 2:15:30 pm: System.ArgumentOutOfRangeException: Index was out of range. Must be non-negative and less than the size of the collection.
Parameter name: startIndex
   at System.String.IndexOf(String value, Int32 startIndex, Int32 count, StringComparison comparisonType)
   at System.String.IndexOf(String value, Int32 startIndex, StringComparison comparisonType)
   at TagCreator.ProfileAttributesControl.FindAndReplace(StringBuilder output, String search, String replacement) in C:\Users\DELL\Desktop\Automation Studio\Automation Studio\TagCreator\TagCreator\EngineeringView\ProfileAttributesControl.xaml.cs:line 1035
--------
10/04/2026 2:15:30 pm: System.ArgumentOutOfRangeException: Index was out of range. Must be non-negative and less than the size of the collection.
Parameter name: startIndex
   at System.String.IndexOf(String value, Int32 startIndex, Int32 count, StringComparison comparisonType)
   at System.String.IndexOf(String value, Int32 startIndex, StringComparison comparisonType)
   at TagCreator.ProfileAttributesControl.FindAndReplace(StringBuilder output, String search, String replacement) in C:\Users\DELL\Desktop\Automation Studio\Automation Studio\TagCreator\TagCreator\EngineeringView\ProfileAttributesControl.xaml.cs:line 1035
--------
10/04/2026 2:15:30 pm: System.ArgumentOutOfRangeException: Index was out of range. Must be non-negative and less than the size of the collection.
Parameter name: startIndex
   at System.String.IndexOf(String value, Int32 startIndex, Int32 count, StringComparison comparisonType)
   at System.String.IndexOf(String value, Int32 startIndex, StringComparison comparisonType)
   at TagCreator.ProfileAttributesControl.FindAndReplace(StringBuilder output, String search, String replacement) in C:\Users\DELL\Desktop\Automation Studio\Automation Studio\TagCreator\TagCreator\EngineeringView\ProfileAttributesControl.xaml.cs:line 1035
--------
10/04/2026 2:15:30 pm: System.ArgumentOutOfRangeException: Index was out of range. Must be non-negative and less than the size of the collection.
Parameter name: startIndex
   at System.String.IndexOf(String value, Int32 startIndex, Int32 count, StringComparison comparisonType)
   at System.String.IndexOf(String value, Int32 startIndex, StringComparison comparisonType)
   at TagCreator.ProfileAttributesControl.FindAndReplace(StringBuilder output, String search, String replacement) in C:\Users\DELL\Desktop\Automation Studio\Automation Studio\TagCreator\TagCreator\EngineeringView\ProfileAttributesControl.xaml.cs:line 1035
--------
10/04/2026 2:15:30 pm: System.ArgumentOutOfRangeException: Index was out of range. Must be non-negative and less than the size of the collection.
Parameter name: startIndex
   at System.String.IndexOf(String value, Int32 startIndex, Int32 count, StringComparison comparisonType)
   at System.String.IndexOf(String value, Int32 startIndex, StringComparison comparisonType)
   at TagCreator.ProfileAttributesControl.FindAndReplace(StringBuilder output, String search, String replacement) in C:\Users\DELL\Desktop\Automation Studio\Automation Studio\TagCreator\TagCreator\EngineeringView\ProfileAttributesControl.xaml.cs:line 1035
--------
10/04/2026 2:15:30 pm: System.ArgumentOutOfRangeException: Index was out of range. Must be non-negative and less than the size of the collection.
Parameter name: startIndex
   at System.String.IndexOf(String value, Int32 startIndex, Int32 count, StringComparison comparisonType)
   at System.String.IndexOf(String value, Int32 startIndex, StringComparison comparisonType)
   at TagCreator.ProfileAttributesControl.FindAndReplace(StringBuilder output, String search, String replacement) in C:\Users\DELL\Desktop\Automation Studio\Automation Studio\TagCreator\TagCreator\EngineeringView\ProfileAttributesControl.xaml.cs:line 1035
--------
10/04/2026 2:15:30 pm: System.ArgumentOutOfRangeException: Index was out of range. Must be non-negative and less than the size of the collection.
Parameter name: startIndex
   at System.String.IndexOf(String value, Int32 startIndex, Int32 count, StringComparison comparisonType)
   at System.String.IndexOf(String value, Int32 startIndex, StringComparison comparisonType)
   at TagCreator.ProfileAttributesControl.FindAndReplace(StringBuilder output, String search, String replacement) in C:\Users\DELL\Desktop\Automation Studio\Automation Studio\TagCreator\TagCreator\EngineeringView\ProfileAttributesControl.xaml.cs:line 1035
--------
10/04/2026 2:15:30 pm: System.ArgumentOutOfRangeException: Index was out of range. Must be non-negative and less than the size of the collection.
Parameter name: startIndex
   at System.String.IndexOf(String value, Int32 startIndex, Int32 count, StringComparison comparisonType)
   at System.String.IndexOf(String value, Int32 startIndex, StringComparison comparisonType)
   at TagCreator.ProfileAttributesControl.FindAndReplace(StringBuilder output, String search, String replacement) in C:\Users\DELL\Desktop\Automation Studio\Automation Studio\TagCreator\TagCreator\EngineeringView\ProfileAttributesControl.xaml.cs:line 1035
--------
10/04/2026 2:15:30 pm: System.ArgumentOutOfRangeException: Index was out of range. Must be non-negative and less than the size of the collection.
Parameter name: startIndex
   at System.String.IndexOf(String value, Int32 startIndex, Int32 count, StringComparison comparisonType)
   at System.String.IndexOf(String value, Int32 startIndex, StringComparison comparisonType)
   at TagCreator.ProfileAttributesControl.FindAndReplace(StringBuilder output, String search, String replacement) in C:\Users\DELL\Desktop\Automation Studio\Automation Studio\TagCreator\TagCreator\EngineeringView\ProfileAttributesControl.xaml.cs:line 1035
--------
10/04/2026 2:15:30 pm: System.ArgumentOutOfRangeException: Index was out of range. Must be non-negative and less than the size of the collection.
Parameter name: startIndex
   at System.String.IndexOf(String value, Int32 startIndex, Int32 count, StringComparison comparisonType)
   at System.String.IndexOf(String value, Int32 startIndex, StringComparison comparisonType)
   at TagCreator.ProfileAttributesControl.FindAndReplace(StringBuilder output, String search, String replacement) in C:\Users\DELL\Desktop\Automation Studio\Automation Studio\TagCreator\TagCreator\EngineeringView\ProfileAttributesControl.xaml.cs:line 1035
--------
10/04/2026 2:15:30 pm: System.ArgumentOutOfRangeException: Index was out of range. Must be non-negative and less than the size of the collection.
Parameter name: startIndex
   at System.String.IndexOf(String value, Int32 startIndex, Int32 count, StringComparison comparisonType)
   at System.String.IndexOf(String value, Int32 startIndex, StringComparison comparisonType)
   at TagCreator.ProfileAttributesControl.FindAndReplace(StringBuilder output, String search, String replacement) in C:\Users\DELL\Desktop\Automation Studio\Automation Studio\TagCreator\TagCreator\EngineeringView\ProfileAttributesControl.xaml.cs:line 1035
--------
10/04/2026 2:15:30 pm: System.ArgumentOutOfRangeException: Index was out of range. Must be non-negative and less than the size of the collection.
Parameter name: startIndex
   at System.String.IndexOf(String value, Int32 startIndex, Int32 count, StringComparison comparisonType)
   at System.String.IndexOf(String value, Int32 startIndex, StringComparison comparisonType)
   at TagCreator.ProfileAttributesControl.FindAndReplace(StringBuilder output, String search, String replacement) in C:\Users\DELL\Desktop\Automation Studio\Automation Studio\TagCreator\TagCreator\EngineeringView\ProfileAttributesControl.xaml.cs:line 1035
--------
10/04/2026 2:15:30 pm: System.ArgumentOutOfRangeException: Index was out of range. Must be non-negative and less than the size of the collection.
Parameter name: startIndex
   at System.String.IndexOf(String value, Int32 startIndex, Int32 count, StringComparison comparisonType)
   at System.String.IndexOf(String value, Int32 startIndex, StringComparison comparisonType)
   at TagCreator.ProfileAttributesControl.FindAndReplace(StringBuilder output, String search, String replacement) in C:\Users\DELL\Desktop\Automation Studio\Automation Studio\TagCreator\TagCreator\EngineeringView\ProfileAttributesControl.xaml.cs:line 1035
--------
10/04/2026 2:15:30 pm: System.ArgumentOutOfRangeException: Index was out of range. Must be non-negative and less than the size of the collection.
Parameter name: startIndex
   at System.String.IndexOf(String value, Int32 startIndex, Int32 count, StringComparison comparisonType)
   at System.String.IndexOf(String value, Int32 startIndex, StringComparison comparisonType)
   at TagCreator.ProfileAttributesControl.FindAndReplace(StringBuilder output, String search, String replacement) in C:\Users\DELL\Desktop\Automation Studio\Automation Studio\TagCreator\TagCreator\EngineeringView\ProfileAttributesControl.xaml.cs:line 1035
--------
10/04/2026 2:15:30 pm: System.ArgumentOutOfRangeException: Index was out of range. Must be non-negative and less than the size of the collection.
Parameter name: startIndex
   at System.String.IndexOf(String value, Int32 startIndex, Int32 count, StringComparison comparisonType)
   at System.String.IndexOf(String value, Int32 startIndex, StringComparison comparisonType)
   at TagCreator.ProfileAttributesControl.FindAndReplace(StringBuilder output, String search, String replacement) in C:\Users\DELL\Desktop\Automation Studio\Automation Studio\TagCreator\TagCreator\EngineeringView\ProfileAttributesControl.xaml.cs:line 1035
--------
10/04/2026 2:15:30 pm: System.ArgumentOutOfRangeException: Index was out of range. Must be non-negative and less than the size of the collection.
Parameter name: startIndex
   at System.String.IndexOf(String value, Int32 startIndex, Int32 count, StringComparison comparisonType)
   at System.String.IndexOf(String value, Int32 startIndex, StringComparison comparisonType)
   at TagCreator.ProfileAttributesControl.FindAndReplace(StringBuilder output, String search, String replacement) in C:\Users\DELL\Desktop\Automation Studio\Automation Studio\TagCreator\TagCreator\EngineeringView\ProfileAttributesControl.xaml.cs:line 1035
--------
10/04/2026 2:15:30 pm: System.ArgumentOutOfRangeException: Index was out of range. Must be non-negative and less than the size of the collection.
Parameter name: startIndex
   at System.String.IndexOf(String value, Int32 startIndex, Int32 count, StringComparison comparisonType)
   at System.String.IndexOf(String value, Int32 startIndex, StringComparison comparisonType)
   at TagCreator.ProfileAttributesControl.FindAndReplace(StringBuilder output, String search, String replacement) in C:\Users\DELL\Desktop\Automation Studio\Automation Studio\TagCreator\TagCreator\EngineeringView\ProfileAttributesControl.xaml.cs:line 1035
--------
10/04/2026 2:15:30 pm: System.ArgumentOutOfRangeException: Index was out of range. Must be non-negative and less than the size of the collection.
Parameter name: startIndex
   at System.String.IndexOf(String value, Int32 startIndex, Int32 count, StringComparison comparisonType)
   at System.String.IndexOf(String value, Int32 startIndex, StringComparison comparisonType)
   at TagCreator.ProfileAttributesControl.FindAndReplace(StringBuilder output, String search, String replacement) in C:\Users\DELL\Desktop\Automation Studio\Automation Studio\TagCreator\TagCreator\EngineeringView\ProfileAttributesControl.xaml.cs:line 1035
--------
10/04/2026 2:15:30 pm: System.ArgumentOutOfRangeException: Index was out of range. Must be non-negative and less than the size of the collection.
Parameter name: startIndex
   at System.String.IndexOf(String value, Int32 startIndex, Int32 count, StringComparison comparisonType)
   at System.String.IndexOf(String value, Int32 startIndex, StringComparison comparisonType)
   at TagCreator.ProfileAttributesControl.FindAndReplace(StringBuilder output, String search, String replacement) in C:\Users\DELL\Desktop\Automation Studio\Automation Studio\TagCreator\TagCreator\EngineeringView\ProfileAttributesControl.xaml.cs:line 1035
--------
10/04/2026 2:15:30 pm: System.ArgumentOutOfRangeException: Index was out of range. Must be non-negative and less than the size of the collection.
Parameter name: startIndex
   at System.String.IndexOf(String value, Int32 startIndex, Int32 count, StringComparison comparisonType)
   at System.String.IndexOf(String value, Int32 startIndex, StringComparison comparisonType)
   at TagCreator.ProfileAttributesControl.FindAndReplace(StringBuilder output, String search, String replacement) in C:\Users\DELL\Desktop\Automation Studio\Automation Studio\TagCreator\TagCreator\EngineeringView\ProfileAttributesControl.xaml.cs:line 1035
--------
10/04/2026 2:15:30 pm: System.ArgumentOutOfRangeException: Index was out of range. Must be non-negative and less than the size of the collection.
Parameter name: startIndex
   at System.String.IndexOf(String value, Int32 startIndex, Int32 count, StringComparison comparisonType)
   at System.String.IndexOf(String value, Int32 startIndex, StringComparison comparisonType)
   at TagCreator.ProfileAttributesControl.FindAndReplace(StringBuilder output, String search, String replacement) in C:\Users\DELL\Desktop\Automation Studio\Automation Studio\TagCreator\TagCreator\EngineeringView\ProfileAttributesControl.xaml.cs:line 1035
--------
10/04/2026 2:15:30 pm: System.ArgumentOutOfRangeException: Index was out of range. Must be non-negative and less than the size of the collection.
Parameter name: startIndex
   at System.String.IndexOf(String value, Int32 startIndex, Int32 count, StringComparison comparisonType)
   at System.String.IndexOf(String value, Int32 startIndex, StringComparison comparisonType)
   at TagCreator.ProfileAttributesControl.FindAndReplace(StringBuilder output, String search, String replacement) in C:\Users\DELL\Desktop\Automation Studio\Automation Studio\TagCreator\TagCreator\EngineeringView\ProfileAttributesControl.xaml.cs:line 1035
--------
10/04/2026 2:15:30 pm: System.ArgumentOutOfRangeException: Index was out of range. Must be non-negative and less than the size of the collection.
Parameter name: startIndex
   at System.String.IndexOf(String value, Int32 startIndex, Int32 count, StringComparison comparisonType)
   at System.String.IndexOf(String value, Int32 startIndex, StringComparison comparisonType)
   at TagCreator.ProfileAttributesControl.FindAndReplace(StringBuilder output, String search, String replacement) in C:\Users\DELL\Desktop\Automation Studio\Automation Studio\TagCreator\TagCreator\EngineeringView\ProfileAttributesControl.xaml.cs:line 1035
--------
10/04/2026 2:15:30 pm: System.ArgumentOutOfRangeException: Index was out of range. Must be non-negative and less than the size of the collection.
Parameter name: startIndex
   at System.String.IndexOf(String value, Int32 startIndex, Int32 count, StringComparison comparisonType)
   at System.String.IndexOf(String value, Int32 startIndex, StringComparison comparisonType)
   at TagCreator.ProfileAttributesControl.FindAndReplace(StringBuilder output, String search, String replacement) in C:\Users\DELL\Desktop\Automation Studio\Automation Studio\TagCreator\TagCreator\EngineeringView\ProfileAttributesControl.xaml.cs:line 1035
--------
10/04/2026 2:15:30 pm: System.ArgumentOutOfRangeException: Index was out of range. Must be non-negative and less than the size of the collection.
Parameter name: startIndex
   at System.String.IndexOf(String value, Int32 startIndex, Int32 count, StringComparison comparisonType)
   at System.String.IndexOf(String value, Int32 startIndex, StringComparison comparisonType)
   at TagCreator.ProfileAttributesControl.FindAndReplace(StringBuilder output, String search, String replacement) in C:\Users\DELL\Desktop\Automation Studio\Automation Studio\TagCreator\TagCreator\EngineeringView\ProfileAttributesControl.xaml.cs:line 1035
--------
10/04/2026 2:15:30 pm: System.ArgumentOutOfRangeException: Index was out of range. Must be non-negative and less than the size of the collection.
Parameter name: startIndex
   at System.String.IndexOf(String value, Int32 startIndex, Int32 count, StringComparison comparisonType)
   at System.String.IndexOf(String value, Int32 startIndex, StringComparison comparisonType)
   at TagCreator.ProfileAttributesControl.FindAndReplace(StringBuilder output, String search, String replacement) in C:\Users\DELL\Desktop\Automation Studio\Automation Studio\TagCreator\TagCreator\EngineeringView\ProfileAttributesControl.xaml.cs:line 1035
--------
10/04/2026 2:15:30 pm: System.ArgumentOutOfRangeException: Index was out of range. Must be non-negative and less than the size of the collection.
Parameter name: startIndex
   at System.String.IndexOf(String value, Int32 startIndex, Int32 count, StringComparison comparisonType)
   at System.String.IndexOf(String value, Int32 startIndex, StringComparison comparisonType)
   at TagCreator.ProfileAttributesControl.FindAndReplace(StringBuilder output, String search, String replacement) in C:\Users\DELL\Desktop\Automation Studio\Automation Studio\TagCreator\TagCreator\EngineeringView\ProfileAttributesControl.xaml.cs:line 1035
--------
10/04/2026 2:15:30 pm: System.ArgumentOutOfRangeException: Index was out of range. Must be non-negative and less than the size of the collection.
Parameter name: startIndex
   at System.String.IndexOf(String value, Int32 startIndex, Int32 count, StringComparison comparisonType)
   at System.String.IndexOf(String value, Int32 startIndex, StringComparison comparisonType)
   at TagCreator.ProfileAttributesControl.FindAndReplace(StringBuilder output, String search, String replacement) in C:\Users\DELL\Desktop\Automation Studio\Automation Studio\TagCreator\TagCreator\EngineeringView\ProfileAttributesControl.xaml.cs:line 1035
--------
10/04/2026 2:15:30 pm: System.ArgumentOutOfRangeException: Index was out of range. Must be non-negative and less than the size of the collection.
Parameter name: startIndex
   at System.String.IndexOf(String value, Int32 startIndex, Int32 count, StringComparison comparisonType)
   at System.String.IndexOf(String value, Int32 startIndex, StringComparison comparisonType)
   at TagCreator.ProfileAttributesControl.FindAndReplace(StringBuilder output, String search, String replacement) in C:\Users\DELL\Desktop\Automation Studio\Automation Studio\TagCreator\TagCreator\EngineeringView\ProfileAttributesControl.xaml.cs:line 1035
--------
10/04/2026 2:15:30 pm: System.ArgumentOutOfRangeException: Index was out of range. Must be non-negative and less than the size of the collection.
Parameter name: startIndex
   at System.String.IndexOf(String value, Int32 startIndex, Int32 count, StringComparison comparisonType)
   at System.String.IndexOf(String value, Int32 startIndex, StringComparison comparisonType)
   at TagCreator.ProfileAttributesControl.FindAndReplace(StringBuilder output, String search, String replacement) in C:\Users\DELL\Desktop\Automation Studio\Automation Studio\TagCreator\TagCreator\EngineeringView\ProfileAttributesControl.xaml.cs:line 1035
--------
10/04/2026 2:15:30 pm: System.ArgumentOutOfRangeException: Index was out of range. Must be non-negative and less than the size of the collection.
Parameter name: startIndex
   at System.String.IndexOf(String value, Int32 startIndex, Int32 count, StringComparison comparisonType)
   at System.String.IndexOf(String value, Int32 startIndex, StringComparison comparisonType)
   at TagCreator.ProfileAttributesControl.FindAndReplace(StringBuilder output, String search, String replacement) in C:\Users\DELL\Desktop\Automation Studio\Automation Studio\TagCreator\TagCreator\EngineeringView\ProfileAttributesControl.xaml.cs:line 1035
--------
10/04/2026 2:15:30 pm: System.ArgumentOutOfRangeException: Index was out of range. Must be non-negative and less than the size of the collection.
Parameter name: startIndex
   at System.String.IndexOf(String value, Int32 startIndex, Int32 count, StringComparison comparisonType)
   at System.String.IndexOf(String value, Int32 startIndex, StringComparison comparisonType)
   at TagCreator.ProfileAttributesControl.FindAndReplace(StringBuilder output, String search, String replacement) in C:\Users\DELL\Desktop\Automation Studio\Automation Studio\TagCreator\TagCreator\EngineeringView\ProfileAttributesControl.xaml.cs:line 1035
--------
10/04/2026 2:15:30 pm: System.ArgumentOutOfRangeException: Index was out of range. Must be non-negative and less than the size of the collection.
Parameter name: startIndex
   at System.String.IndexOf(String value, Int32 startIndex, Int32 count, StringComparison comparisonType)
   at System.String.IndexOf(String value, Int32 startIndex, StringComparison comparisonType)
   at TagCreator.ProfileAttributesControl.FindAndReplace(StringBuilder output, String search, String replacement) in C:\Users\DELL\Desktop\Automation Studio\Automation Studio\TagCreator\TagCreator\EngineeringView\ProfileAttributesControl.xaml.cs:line 1035
--------
10/04/2026 2:15:30 pm: System.ArgumentOutOfRangeException: Index was out of range. Must be non-negative and less than the size of the collection.
Parameter name: startIndex
   at System.String.IndexOf(String value, Int32 startIndex, Int32 count, StringComparison comparisonType)
   at System.String.IndexOf(String value, Int32 startIndex, StringComparison comparisonType)
   at TagCreator.ProfileAttributesControl.FindAndReplace(StringBuilder output, String search, String replacement) in C:\Users\DELL\Desktop\Automation Studio\Automation Studio\TagCreator\TagCreator\EngineeringView\ProfileAttributesControl.xaml.cs:line 1035
--------
10/04/2026 2:15:30 pm: System.ArgumentOutOfRangeException: Index was out of range. Must be non-negative and less than the size of the collection.
Parameter name: startIndex
   at System.String.IndexOf(String value, Int32 startIndex, Int32 count, StringComparison comparisonType)
   at System.String.IndexOf(String value, Int32 startIndex, StringComparison comparisonType)
   at TagCreator.ProfileAttributesControl.FindAndReplace(StringBuilder output, String search, String replacement) in C:\Users\DELL\Desktop\Automation Studio\Automation Studio\TagCreator\TagCreator\EngineeringView\ProfileAttributesControl.xaml.cs:line 1035
--------
10/04/2026 2:15:30 pm: System.ArgumentOutOfRangeException: Index was out of range. Must be non-negative and less than the size of the collection.
Parameter name: startIndex
   at System.String.IndexOf(String value, Int32 startIndex, Int32 count, StringComparison comparisonType)
   at System.String.IndexOf(String value, Int32 startIndex, StringComparison comparisonType)
   at TagCreator.ProfileAttributesControl.FindAndReplace(StringBuilder output, String search, String replacement) in C:\Users\DELL\Desktop\Automation Studio\Automation Studio\TagCreator\TagCreator\EngineeringView\ProfileAttributesControl.xaml.cs:line 1035
--------
10/04/2026 2:15:30 pm: System.ArgumentOutOfRangeException: Index was out of range. Must be non-negative and less than the size of the collection.
Parameter name: startIndex
   at System.String.IndexOf(String value, Int32 startIndex, Int32 count, StringComparison comparisonType)
   at System.String.IndexOf(String value, Int32 startIndex, StringComparison comparisonType)
   at TagCreator.ProfileAttributesControl.FindAndReplace(StringBuilder output, String search, String replacement) in C:\Users\DELL\Desktop\Automation Studio\Automation Studio\TagCreator\TagCreator\EngineeringView\ProfileAttributesControl.xaml.cs:line 1035
--------
10/04/2026 2:15:30 pm: System.ArgumentOutOfRangeException: Index was out of range. Must be non-negative and less than the size of the collection.
Parameter name: startIndex
   at System.String.IndexOf(String value, Int32 startIndex, Int32 count, StringComparison comparisonType)
   at System.String.IndexOf(String value, Int32 startIndex, StringComparison comparisonType)
   at TagCreator.ProfileAttributesControl.FindAndReplace(StringBuilder output, String search, String replacement) in C:\Users\DELL\Desktop\Automation Studio\Automation Studio\TagCreator\TagCreator\EngineeringView\ProfileAttributesControl.xaml.cs:line 1035
--------
10/04/2026 2:15:30 pm: System.ArgumentOutOfRangeException: Index was out of range. Must be non-negative and less than the size of the collection.
Parameter name: startIndex
   at System.String.IndexOf(String value, Int32 startIndex, Int32 count, StringComparison comparisonType)
   at System.String.IndexOf(String value, Int32 startIndex, StringComparison comparisonType)
   at TagCreator.ProfileAttributesControl.FindAndReplace(StringBuilder output, String search, String replacement) in C:\Users\DELL\Desktop\Automation Studio\Automation Studio\TagCreator\TagCreator\EngineeringView\ProfileAttributesControl.xaml.cs:line 1035
--------
10/04/2026 2:15:30 pm: System.ArgumentOutOfRangeException: Index was out of range. Must be non-negative and less than the size of the collection.
Parameter name: startIndex
   at System.String.IndexOf(String value, Int32 startIndex, Int32 count, StringComparison comparisonType)
   at System.String.IndexOf(String value, Int32 startIndex, StringComparison comparisonType)
   at TagCreator.ProfileAttributesControl.FindAndReplace(StringBuilder output, String search, String replacement) in C:\Users\DELL\Desktop\Automation Studio\Automation Studio\TagCreator\TagCreator\EngineeringView\ProfileAttributesControl.xaml.cs:line 1035
--------
10/04/2026 2:15:30 pm: System.ArgumentOutOfRangeException: Index was out of range. Must be non-negative and less than the size of the collection.
Parameter name: startIndex
   at System.String.IndexOf(String value, Int32 startIndex, Int32 count, StringComparison comparisonType)
   at System.String.IndexOf(String value, Int32 startIndex, StringComparison comparisonType)
   at TagCreator.ProfileAttributesControl.FindAndReplace(StringBuilder output, String search, String replacement) in C:\Users\DELL\Desktop\Automation Studio\Automation Studio\TagCreator\TagCreator\EngineeringView\ProfileAttributesControl.xaml.cs:line 1035
--------
10/04/2026 2:15:30 pm: System.ArgumentOutOfRangeException: Index was out of range. Must be non-negative and less than the size of the collection.
Parameter name: startIndex
   at System.String.IndexOf(String value, Int32 startIndex, Int32 count, StringComparison comparisonType)
   at System.String.IndexOf(String value, Int32 startIndex, StringComparison comparisonType)
   at TagCreator.ProfileAttributesControl.FindAndReplace(StringBuilder output, String search, String replacement) in C:\Users\DELL\Desktop\Automation Studio\Automation Studio\TagCreator\TagCreator\EngineeringView\ProfileAttributesControl.xaml.cs:line 1035
--------
10/04/2026 2:15:30 pm: System.ArgumentOutOfRangeException: Index was out of range. Must be non-negative and less than the size of the collection.
Parameter name: startIndex
   at System.String.IndexOf(String value, Int32 startIndex, Int32 count, StringComparison comparisonType)
   at System.String.IndexOf(String value, Int32 startIndex, StringComparison comparisonType)
   at TagCreator.ProfileAttributesControl.FindAndReplace(StringBuilder output, String search, String replacement) in C:\Users\DELL\Desktop\Automation Studio\Automation Studio\TagCreator\TagCreator\EngineeringView\ProfileAttributesControl.xaml.cs:line 1035
--------
10/04/2026 2:15:30 pm: System.ArgumentOutOfRangeException: Index was out of range. Must be non-negative and less than the size of the collection.
Parameter name: startIndex
   at System.String.IndexOf(String value, Int32 startIndex, Int32 count, StringComparison comparisonType)
   at System.String.IndexOf(String value, Int32 startIndex, StringComparison comparisonType)
   at TagCreator.ProfileAttributesControl.FindAndReplace(StringBuilder output, String search, String replacement) in C:\Users\DELL\Desktop\Automation Studio\Automation Studio\TagCreator\TagCreator\EngineeringView\ProfileAttributesControl.xaml.cs:line 1035
--------
10/04/2026 2:15:30 pm: System.ArgumentOutOfRangeException: Index was out of range. Must be non-negative and less than the size of the collection.
Parameter name: startIndex
   at System.String.IndexOf(String value, Int32 startIndex, Int32 count, StringComparison comparisonType)
   at System.String.IndexOf(String value, Int32 startIndex, StringComparison comparisonType)
   at TagCreator.ProfileAttributesControl.FindAndReplace(StringBuilder output, String search, String replacement) in C:\Users\DELL\Desktop\Automation Studio\Automation Studio\TagCreator\TagCreator\EngineeringView\ProfileAttributesControl.xaml.cs:line 1035
--------
10/04/2026 2:15:30 pm: System.ArgumentOutOfRangeException: Index was out of range. Must be non-negative and less than the size of the collection.
Parameter name: startIndex
   at System.String.IndexOf(String value, Int32 startIndex, Int32 count, StringComparison comparisonType)
   at System.String.IndexOf(String value, Int32 startIndex, StringComparison comparisonType)
   at TagCreator.ProfileAttributesControl.FindAndReplace(StringBuilder output, String search, String replacement) in C:\Users\DELL\Desktop\Automation Studio\Automation Studio\TagCreator\TagCreator\EngineeringView\ProfileAttributesControl.xaml.cs:line 1035
--------
10/04/2026 2:15:30 pm: System.ArgumentOutOfRangeException: Index was out of range. Must be non-negative and less than the size of the collection.
Parameter name: startIndex
   at System.String.IndexOf(String value, Int32 startIndex, Int32 count, StringComparison comparisonType)
   at System.String.IndexOf(String value, Int32 startIndex, StringComparison comparisonType)
   at TagCreator.ProfileAttributesControl.FindAndReplace(StringBuilder output, String search, String replacement) in C:\Users\DELL\Desktop\Automation Studio\Automation Studio\TagCreator\TagCreator\EngineeringView\ProfileAttributesControl.xaml.cs:line 1035
--------
10/04/2026 2:15:30 pm: System.ArgumentOutOfRangeException: Index was out of range. Must be non-negative and less than the size of the collection.
Parameter name: startIndex
   at System.String.IndexOf(String value, Int32 startIndex, Int32 count, StringComparison comparisonType)
   at System.String.IndexOf(String value, Int32 startIndex, StringComparison comparisonType)
   at TagCreator.ProfileAttributesControl.FindAndReplace(StringBuilder output, String search, String replacement) in C:\Users\DELL\Desktop\Automation Studio\Automation Studio\TagCreator\TagCreator\EngineeringView\ProfileAttributesControl.xaml.cs:line 1035
--------
10/04/2026 2:15:30 pm: System.ArgumentOutOfRangeException: Index was out of range. Must be non-negative and less than the size of the collection.
Parameter name: startIndex
   at System.String.IndexOf(String value, Int32 startIndex, Int32 count, StringComparison comparisonType)
   at System.String.IndexOf(String value, Int32 startIndex, StringComparison comparisonType)
   at TagCreator.ProfileAttributesControl.FindAndReplace(StringBuilder output, String search, String replacement) in C:\Users\DELL\Desktop\Automation Studio\Automation Studio\TagCreator\TagCreator\EngineeringView\ProfileAttributesControl.xaml.cs:line 1035
--------
10/04/2026 2:15:30 pm: System.ArgumentOutOfRangeException: Index was out of range. Must be non-negative and less than the size of the collection.
Parameter name: startIndex
   at System.String.IndexOf(String value, Int32 startIndex, Int32 count, StringComparison comparisonType)
   at System.String.IndexOf(String value, Int32 startIndex, StringComparison comparisonType)
   at TagCreator.ProfileAttributesControl.FindAndReplace(StringBuilder output, String search, String replacement) in C:\Users\DELL\Desktop\Automation Studio\Automation Studio\TagCreator\TagCreator\EngineeringView\ProfileAttributesControl.xaml.cs:line 1035
--------
10/04/2026 2:15:30 pm: System.ArgumentOutOfRangeException: Index was out of range. Must be non-negative and less than the size of the collection.
Parameter name: startIndex
   at System.String.IndexOf(String value, Int32 startIndex, Int32 count, StringComparison comparisonType)
   at System.String.IndexOf(String value, Int32 startIndex, StringComparison comparisonType)
   at TagCreator.ProfileAttributesControl.FindAndReplace(StringBuilder output, String search, String replacement) in C:\Users\DELL\Desktop\Automation Studio\Automation Studio\TagCreator\TagCreator\EngineeringView\ProfileAttributesControl.xaml.cs:line 1035
--------
10/04/2026 2:15:30 pm: System.ArgumentOutOfRangeException: Index was out of range. Must be non-negative and less than the size of the collection.
Parameter name: startIndex
   at System.String.IndexOf(String value, Int32 startIndex, Int32 count, StringComparison comparisonType)
   at System.String.IndexOf(String value, Int32 startIndex, StringComparison comparisonType)
   at TagCreator.ProfileAttributesControl.FindAndReplace(StringBuilder output, String search, String replacement) in C:\Users\DELL\Desktop\Automation Studio\Automation Studio\TagCreator\TagCreator\EngineeringView\ProfileAttributesControl.xaml.cs:line 1035
--------
10/04/2026 2:15:30 pm: System.ArgumentOutOfRangeException: Index was out of range. Must be non-negative and less than the size of the collection.
Parameter name: startIndex
   at System.String.IndexOf(String value, Int32 startIndex, Int32 count, StringComparison comparisonType)
   at System.String.IndexOf(String value, Int32 startIndex, StringComparison comparisonType)
   at TagCreator.ProfileAttributesControl.FindAndReplace(StringBuilder output, String search, String replacement) in C:\Users\DELL\Desktop\Automation Studio\Automation Studio\TagCreator\TagCreator\EngineeringView\ProfileAttributesControl.xaml.cs:line 1035
--------
10/04/2026 2:15:30 pm: System.ArgumentOutOfRangeException: Index was out of range. Must be non-negative and less than the size of the collection.
Parameter name: startIndex
   at System.String.IndexOf(String value, Int32 startIndex, Int32 count, StringComparison comparisonType)
   at System.String.IndexOf(String value, Int32 startIndex, StringComparison comparisonType)
   at TagCreator.ProfileAttributesControl.FindAndReplace(StringBuilder output, String search, String replacement) in C:\Users\DELL\Desktop\Automation Studio\Automation Studio\TagCreator\TagCreator\EngineeringView\ProfileAttributesControl.xaml.cs:line 1035
--------
10/04/2026 2:15:30 pm: System.ArgumentOutOfRangeException: Index was out of range. Must be non-negative and less than the size of the collection.
Parameter name: startIndex
   at System.String.IndexOf(String value, Int32 startIndex, Int32 count, StringComparison comparisonType)
   at System.String.IndexOf(String value, Int32 startIndex, StringComparison comparisonType)
   at TagCreator.ProfileAttributesControl.FindAndReplace(StringBuilder output, String search, String replacement) in C:\Users\DELL\Desktop\Automation Studio\Automation Studio\TagCreator\TagCreator\EngineeringView\ProfileAttributesControl.xaml.cs:line 1035
--------
10/04/2026 2:15:30 pm: System.ArgumentOutOfRangeException: Index was out of range. Must be non-negative and less than the size of the collection.
Parameter name: startIndex
   at System.String.IndexOf(String value, Int32 startIndex, Int32 count, StringComparison comparisonType)
   at System.String.IndexOf(String value, Int32 startIndex, StringComparison comparisonType)
   at TagCreator.ProfileAttributesControl.FindAndReplace(StringBuilder output, String search, String replacement) in C:\Users\DELL\Desktop\Automation Studio\Automation Studio\TagCreator\TagCreator\EngineeringView\ProfileAttributesControl.xaml.cs:line 1035
--------
10/04/2026 2:15:30 pm: System.ArgumentOutOfRangeException: Index was out of range. Must be non-negative and less than the size of the collection.
Parameter name: startIndex
   at System.String.IndexOf(String value, Int32 startIndex, Int32 count, StringComparison comparisonType)
   at System.String.IndexOf(String value, Int32 startIndex, StringComparison comparisonType)
   at TagCreator.ProfileAttributesControl.FindAndReplace(StringBuilder output, String search, String replacement) in C:\Users\DELL\Desktop\Automation Studio\Automation Studio\TagCreator\TagCreator\EngineeringView\ProfileAttributesControl.xaml.cs:line 1035
--------
10/04/2026 2:15:30 pm: System.ArgumentOutOfRangeException: Index was out of range. Must be non-negative and less than the size of the collection.
Parameter name: startIndex
   at System.String.IndexOf(String value, Int32 startIndex, Int32 count, StringComparison comparisonType)
   at System.String.IndexOf(String value, Int32 startIndex, StringComparison comparisonType)
   at TagCreator.ProfileAttributesControl.FindAndReplace(StringBuilder output, String search, String replacement) in C:\Users\DELL\Desktop\Automation Studio\Automation Studio\TagCreator\TagCreator\EngineeringView\ProfileAttributesControl.xaml.cs:line 1035
--------
10/04/2026 2:15:30 pm: System.ArgumentOutOfRangeException: Index was out of range. Must be non-negative and less than the size of the collection.
Parameter name: startIndex
   at System.String.IndexOf(String value, Int32 startIndex, Int32 count, StringComparison comparisonType)
   at System.String.IndexOf(String value, Int32 startIndex, StringComparison comparisonType)
   at TagCreator.ProfileAttributesControl.FindAndReplace(StringBuilder output, String search, String replacement) in C:\Users\DELL\Desktop\Automation Studio\Automation Studio\TagCreator\TagCreator\EngineeringView\ProfileAttributesControl.xaml.cs:line 1035
--------
10/04/2026 2:15:30 pm: System.ArgumentOutOfRangeException: Index was out of range. Must be non-negative and less than the size of the collection.
Parameter name: startIndex
   at System.String.IndexOf(String value, Int32 startIndex, Int32 count, StringComparison comparisonType)
   at System.String.IndexOf(String value, Int32 startIndex, StringComparison comparisonType)
   at TagCreator.ProfileAttributesControl.FindAndReplace(StringBuilder output, String search, String replacement) in C:\Users\DELL\Desktop\Automation Studio\Automation Studio\TagCreator\TagCreator\EngineeringView\ProfileAttributesControl.xaml.cs:line 1035
--------
10/04/2026 2:15:30 pm: System.ArgumentOutOfRangeException: Index was out of range. Must be non-negative and less than the size of the collection.
Parameter name: startIndex
   at System.String.IndexOf(String value, Int32 startIndex, Int32 count, StringComparison comparisonType)
   at System.String.IndexOf(String value, Int32 startIndex, StringComparison comparisonType)
   at TagCreator.ProfileAttributesControl.FindAndReplace(StringBuilder output, String search, String replacement) in C:\Users\DELL\Desktop\Automation Studio\Automation Studio\TagCreator\TagCreator\EngineeringView\ProfileAttributesControl.xaml.cs:line 1035
--------
10/04/2026 2:15:30 pm: System.ArgumentOutOfRangeException: Index was out of range. Must be non-negative and less than the size of the collection.
Parameter name: startIndex
   at System.String.IndexOf(String value, Int32 startIndex, Int32 count, StringComparison comparisonType)
   at System.String.IndexOf(String value, Int32 startIndex, StringComparison comparisonType)
   at TagCreator.ProfileAttributesControl.FindAndReplace(StringBuilder output, String search, String replacement) in C:\Users\DELL\Desktop\Automation Studio\Automation Studio\TagCreator\TagCreator\EngineeringView\ProfileAttributesControl.xaml.cs:line 1035
--------
10/04/2026 2:15:30 pm: System.ArgumentOutOfRangeException: Index was out of range. Must be non-negative and less than the size of the collection.
Parameter name: startIndex
   at System.String.IndexOf(String value, Int32 startIndex, Int32 count, StringComparison comparisonType)
   at System.String.IndexOf(String value, Int32 startIndex, StringComparison comparisonType)
   at TagCreator.ProfileAttributesControl.FindAndReplace(StringBuilder output, String search, String replacement) in C:\Users\DELL\Desktop\Automation Studio\Automation Studio\TagCreator\TagCreator\EngineeringView\ProfileAttributesControl.xaml.cs:line 1035
--------
10/04/2026 2:15:30 pm: System.ArgumentOutOfRangeException: Index was out of range. Must be non-negative and less than the size of the collection.
Parameter name: startIndex
   at System.String.IndexOf(String value, Int32 startIndex, Int32 count, StringComparison comparisonType)
   at System.String.IndexOf(String value, Int32 startIndex, StringComparison comparisonType)
   at TagCreator.ProfileAttributesControl.FindAndReplace(StringBuilder output, String search, String replacement) in C:\Users\DELL\Desktop\Automation Studio\Automation Studio\TagCreator\TagCreator\EngineeringView\ProfileAttributesControl.xaml.cs:line 1035
--------
10/04/2026 2:15:30 pm: System.ArgumentOutOfRangeException: Index was out of range. Must be non-negative and less than the size of the collection.
Parameter name: startIndex
   at System.String.IndexOf(String value, Int32 startIndex, Int32 count, StringComparison comparisonType)
   at System.String.IndexOf(String value, Int32 startIndex, StringComparison comparisonType)
   at TagCreator.ProfileAttributesControl.FindAndReplace(StringBuilder output, String search, String replacement) in C:\Users\DELL\Desktop\Automation Studio\Automation Studio\TagCreator\TagCreator\EngineeringView\ProfileAttributesControl.xaml.cs:line 1035
--------
10/04/2026 2:15:30 pm: System.ArgumentOutOfRangeException: Index was out of range. Must be non-negative and less than the size of the collection.
Parameter name: startIndex
   at System.String.IndexOf(String value, Int32 startIndex, Int32 count, StringComparison comparisonType)
   at System.String.IndexOf(String value, Int32 startIndex, StringComparison comparisonType)
   at TagCreator.ProfileAttributesControl.FindAndReplace(StringBuilder output, String search, String replacement) in C:\Users\DELL\Desktop\Automation Studio\Automation Studio\TagCreator\TagCreator\EngineeringView\ProfileAttributesControl.xaml.cs:line 1035
--------
10/04/2026 2:15:30 pm: System.ArgumentOutOfRangeException: Index was out of range. Must be non-negative and less than the size of the collection.
Parameter name: startIndex
   at System.String.IndexOf(String value, Int32 startIndex, Int32 count, StringComparison comparisonType)
   at System.String.IndexOf(String value, Int32 startIndex, StringComparison comparisonType)
   at TagCreator.ProfileAttributesControl.FindAndReplace(StringBuilder output, String search, String replacement) in C:\Users\DELL\Desktop\Automation Studio\Automation Studio\TagCreator\TagCreator\EngineeringView\ProfileAttributesControl.xaml.cs:line 1035
--------
10/04/2026 2:15:30 pm: System.ArgumentOutOfRangeException: Index was out of range. Must be non-negative and less than the size of the collection.
Parameter name: startIndex
   at System.String.IndexOf(String value, Int32 startIndex, Int32 count, StringComparison comparisonType)
   at System.String.IndexOf(String value, Int32 startIndex, StringComparison comparisonType)
   at TagCreator.ProfileAttributesControl.FindAndReplace(StringBuilder output, String search, String replacement) in C:\Users\DELL\Desktop\Automation Studio\Automation Studio\TagCreator\TagCreator\EngineeringView\ProfileAttributesControl.xaml.cs:line 1035
--------
10/04/2026 2:15:30 pm: System.ArgumentOutOfRangeException: Index was out of range. Must be non-negative and less than the size of the collection.
Parameter name: startIndex
   at System.String.IndexOf(String value, Int32 startIndex, Int32 count, StringComparison comparisonType)
   at System.String.IndexOf(String value, Int32 startIndex, StringComparison comparisonType)
   at TagCreator.ProfileAttributesControl.FindAndReplace(StringBuilder output, String search, String replacement) in C:\Users\DELL\Desktop\Automation Studio\Automation Studio\TagCreator\TagCreator\EngineeringView\ProfileAttributesControl.xaml.cs:line 1035
--------
10/04/2026 2:15:30 pm: System.ArgumentOutOfRangeException: Index was out of range. Must be non-negative and less than the size of the collection.
Parameter name: startIndex
   at System.String.IndexOf(String value, Int32 startIndex, Int32 count, StringComparison comparisonType)
   at System.String.IndexOf(String value, Int32 startIndex, StringComparison comparisonType)
   at TagCreator.ProfileAttributesControl.FindAndReplace(StringBuilder output, String search, String replacement) in C:\Users\DELL\Desktop\Automation Studio\Automation Studio\TagCreator\TagCreator\EngineeringView\ProfileAttributesControl.xaml.cs:line 1035
--------
10/04/2026 2:15:30 pm: System.ArgumentOutOfRangeException: Index was out of range. Must be non-negative and less than the size of the collection.
Parameter name: startIndex
   at System.String.IndexOf(String value, Int32 startIndex, Int32 count, StringComparison comparisonType)
   at System.String.IndexOf(String value, Int32 startIndex, StringComparison comparisonType)
   at TagCreator.ProfileAttributesControl.FindAndReplace(StringBuilder output, String search, String replacement) in C:\Users\DELL\Desktop\Automation Studio\Automation Studio\TagCreator\TagCreator\EngineeringView\ProfileAttributesControl.xaml.cs:line 1035
--------
10/04/2026 2:15:30 pm: System.ArgumentOutOfRangeException: Index was out of range. Must be non-negative and less than the size of the collection.
Parameter name: startIndex
   at System.String.IndexOf(String value, Int32 startIndex, Int32 count, StringComparison comparisonType)
   at System.String.IndexOf(String value, Int32 startIndex, StringComparison comparisonType)
   at TagCreator.ProfileAttributesControl.FindAndReplace(StringBuilder output, String search, String replacement) in C:\Users\DELL\Desktop\Automation Studio\Automation Studio\TagCreator\TagCreator\EngineeringView\ProfileAttributesControl.xaml.cs:line 1035
--------
10/04/2026 2:15:30 pm: System.ArgumentOutOfRangeException: Index was out of range. Must be non-negative and less than the size of the collection.
Parameter name: startIndex
   at System.String.IndexOf(String value, Int32 startIndex, Int32 count, StringComparison comparisonType)
   at System.String.IndexOf(String value, Int32 startIndex, StringComparison comparisonType)
   at TagCreator.ProfileAttributesControl.FindAndReplace(StringBuilder output, String search, String replacement) in C:\Users\DELL\Desktop\Automation Studio\Automation Studio\TagCreator\TagCreator\EngineeringView\ProfileAttributesControl.xaml.cs:line 1035
--------
10/04/2026 2:15:30 pm: System.ArgumentOutOfRangeException: Index was out of range. Must be non-negative and less than the size of the collection.
Parameter name: startIndex
   at System.String.IndexOf(String value, Int32 startIndex, Int32 count, StringComparison comparisonType)
   at System.String.IndexOf(String value, Int32 startIndex, StringComparison comparisonType)
   at TagCreator.ProfileAttributesControl.FindAndReplace(StringBuilder output, String search, String replacement) in C:\Users\DELL\Desktop\Automation Studio\Automation Studio\TagCreator\TagCreator\EngineeringView\ProfileAttributesControl.xaml.cs:line 1035
--------
10/04/2026 2:15:30 pm: System.ArgumentOutOfRangeException: Index was out of range. Must be non-negative and less than the size of the collection.
Parameter name: startIndex
   at System.String.IndexOf(String value, Int32 startIndex, Int32 count, StringComparison comparisonType)
   at System.String.IndexOf(String value, Int32 startIndex, StringComparison comparisonType)
   at TagCreator.ProfileAttributesControl.FindAndReplace(StringBuilder output, String search, String replacement) in C:\Users\DELL\Desktop\Automation Studio\Automation Studio\TagCreator\TagCreator\EngineeringView\ProfileAttributesControl.xaml.cs:line 1035
--------
10/04/2026 2:15:30 pm: System.ArgumentOutOfRangeException: Index was out of range. Must be non-negative and less than the size of the collection.
Parameter name: startIndex
   at System.String.IndexOf(String value, Int32 startIndex, Int32 count, StringComparison comparisonType)
   at System.String.IndexOf(String value, Int32 startIndex, StringComparison comparisonType)
   at TagCreator.ProfileAttributesControl.FindAndReplace(StringBuilder output, String search, String replacement) in C:\Users\DELL\Desktop\Automation Studio\Automation Studio\TagCreator\TagCreator\EngineeringView\ProfileAttributesControl.xaml.cs:line 1035
--------
10/04/2026 2:15:30 pm: System.ArgumentOutOfRangeException: Index was out of range. Must be non-negative and less than the size of the collection.
Parameter name: startIndex
   at System.String.IndexOf(String value, Int32 startIndex, Int32 count, StringComparison comparisonType)
   at System.String.IndexOf(String value, Int32 startIndex, StringComparison comparisonType)
   at TagCreator.ProfileAttributesControl.FindAndReplace(StringBuilder output, String search, String replacement) in C:\Users\DELL\Desktop\Automation Studio\Automation Studio\TagCreator\TagCreator\EngineeringView\ProfileAttributesControl.xaml.cs:line 1035
--------
10/04/2026 2:15:30 pm: System.ArgumentOutOfRangeException: Index was out of range. Must be non-negative and less than the size of the collection.
Parameter name: startIndex
   at System.String.IndexOf(String value, Int32 startIndex, Int32 count, StringComparison comparisonType)
   at System.String.IndexOf(String value, Int32 startIndex, StringComparison comparisonType)
   at TagCreator.ProfileAttributesControl.FindAndReplace(StringBuilder output, String search, String replacement) in C:\Users\DELL\Desktop\Automation Studio\Automation Studio\TagCreator\TagCreator\EngineeringView\ProfileAttributesControl.xaml.cs:line 1035
--------
10/04/2026 2:15:30 pm: System.ArgumentOutOfRangeException: Index was out of range. Must be non-negative and less than the size of the collection.
Parameter name: startIndex
   at System.String.IndexOf(String value, Int32 startIndex, Int32 count, StringComparison comparisonType)
   at System.String.IndexOf(String value, Int32 startIndex, StringComparison comparisonType)
   at TagCreator.ProfileAttributesControl.FindAndReplace(StringBuilder output, String search, String replacement) in C:\Users\DELL\Desktop\Automation Studio\Automation Studio\TagCreator\TagCreator\EngineeringView\ProfileAttributesControl.xaml.cs:line 1035
--------
10/04/2026 2:15:30 pm: System.ArgumentOutOfRangeException: Index was out of range. Must be non-negative and less than the size of the collection.
Parameter name: startIndex
   at System.String.IndexOf(String value, Int32 startIndex, Int32 count, StringComparison comparisonType)
   at System.String.IndexOf(String value, Int32 startIndex, StringComparison comparisonType)
   at TagCreator.ProfileAttributesControl.FindAndReplace(StringBuilder output, String search, String replacement) in C:\Users\DELL\Desktop\Automation Studio\Automation Studio\TagCreator\TagCreator\EngineeringView\ProfileAttributesControl.xaml.cs:line 1035
--------
10/04/2026 2:15:30 pm: System.ArgumentOutOfRangeException: Index was out of range. Must be non-negative and less than the size of the collection.
Parameter name: startIndex
   at System.String.IndexOf(String value, Int32 startIndex, Int32 count, StringComparison comparisonType)
   at System.String.IndexOf(String value, Int32 startIndex, StringComparison comparisonType)
   at TagCreator.ProfileAttributesControl.FindAndReplace(StringBuilder output, String search, String replacement) in C:\Users\DELL\Desktop\Automation Studio\Automation Studio\TagCreator\TagCreator\EngineeringView\ProfileAttributesControl.xaml.cs:line 1035
--------
10/04/2026 2:15:30 pm: System.ArgumentOutOfRangeException: Index was out of range. Must be non-negative and less than the size of the collection.
Parameter name: startIndex
   at System.String.IndexOf(String value, Int32 startIndex, Int32 count, StringComparison comparisonType)
   at System.String.IndexOf(String value, Int32 startIndex, StringComparison comparisonType)
   at TagCreator.ProfileAttributesControl.FindAndReplace(StringBuilder output, String search, String replacement) in C:\Users\DELL\Desktop\Automation Studio\Automation Studio\TagCreator\TagCreator\EngineeringView\ProfileAttributesControl.xaml.cs:line 1035
--------
10/04/2026 2:15:30 pm: System.ArgumentOutOfRangeException: Index was out of range. Must be non-negative and less than the size of the collection.
Parameter name: startIndex
   at System.String.IndexOf(String value, Int32 startIndex, Int32 count, StringComparison comparisonType)
   at System.String.IndexOf(String value, Int32 startIndex, StringComparison comparisonType)
   at TagCreator.ProfileAttributesControl.FindAndReplace(StringBuilder output, String search, String replacement) in C:\Users\DELL\Desktop\Automation Studio\Automation Studio\TagCreator\TagCreator\EngineeringView\ProfileAttributesControl.xaml.cs:line 1035
--------
10/04/2026 2:15:30 pm: System.ArgumentOutOfRangeException: Index was out of range. Must be non-negative and less than the size of the collection.
Parameter name: startIndex
   at System.String.IndexOf(String value, Int32 startIndex, Int32 count, StringComparison comparisonType)
   at System.String.IndexOf(String value, Int32 startIndex, StringComparison comparisonType)
   at TagCreator.ProfileAttributesControl.FindAndReplace(StringBuilder output, String search, String replacement) in C:\Users\DELL\Desktop\Automation Studio\Automation Studio\TagCreator\TagCreator\EngineeringView\ProfileAttributesControl.xaml.cs:line 1035
--------
10/04/2026 2:15:30 pm: System.ArgumentOutOfRangeException: Index was out of range. Must be non-negative and less than the size of the collection.
Parameter name: startIndex
   at System.String.IndexOf(String value, Int32 startIndex, Int32 count, StringComparison comparisonType)
   at System.String.IndexOf(String value, Int32 startIndex, StringComparison comparisonType)
   at TagCreator.ProfileAttributesControl.FindAndReplace(StringBuilder output, String search, String replacement) in C:\Users\DELL\Desktop\Automation Studio\Automation Studio\TagCreator\TagCreator\EngineeringView\ProfileAttributesControl.xaml.cs:line 1035
--------
10/04/2026 2:15:30 pm: System.ArgumentOutOfRangeException: Index was out of range. Must be non-negative and less than the size of the collection.
Parameter name: startIndex
   at System.String.IndexOf(String value, Int32 startIndex, Int32 count, StringComparison comparisonType)
   at System.String.IndexOf(String value, Int32 startIndex, StringComparison comparisonType)
   at TagCreator.ProfileAttributesControl.FindAndReplace(StringBuilder output, String search, String replacement) in C:\Users\DELL\Desktop\Automation Studio\Automation Studio\TagCreator\TagCreator\EngineeringView\ProfileAttributesControl.xaml.cs:line 1035
--------
10/04/2026 2:15:30 pm: System.ArgumentOutOfRangeException: Index was out of range. Must be non-negative and less than the size of the collection.
Parameter name: startIndex
   at System.String.IndexOf(String value, Int32 startIndex, Int32 count, StringComparison comparisonType)
   at System.String.IndexOf(String value, Int32 startIndex, StringComparison comparisonType)
   at TagCreator.ProfileAttributesControl.FindAndReplace(StringBuilder output, String search, String replacement) in C:\Users\DELL\Desktop\Automation Studio\Automation Studio\TagCreator\TagCreator\EngineeringView\ProfileAttributesControl.xaml.cs:line 1035
--------
10/04/2026 2:15:30 pm: System.ArgumentOutOfRangeException: Index was out of range. Must be non-negative and less than the size of the collection.
Parameter name: startIndex
   at System.String.IndexOf(String value, Int32 startIndex, Int32 count, StringComparison comparisonType)
   at System.String.IndexOf(String value, Int32 startIndex, StringComparison comparisonType)
   at TagCreator.ProfileAttributesControl.FindAndReplace(StringBuilder output, String search, String replacement) in C:\Users\DELL\Desktop\Automation Studio\Automation Studio\TagCreator\TagCreator\EngineeringView\ProfileAttributesControl.xaml.cs:line 1035
--------
10/04/2026 2:15:30 pm: System.ArgumentOutOfRangeException: Index was out of range. Must be non-negative and less than the size of the collection.
Parameter name: startIndex
   at System.String.IndexOf(String value, Int32 startIndex, Int32 count, StringComparison comparisonType)
   at System.String.IndexOf(String value, Int32 startIndex, StringComparison comparisonType)
   at TagCreator.ProfileAttributesControl.FindAndReplace(StringBuilder output, String search, String replacement) in C:\Users\DELL\Desktop\Automation Studio\Automation Studio\TagCreator\TagCreator\EngineeringView\ProfileAttributesControl.xaml.cs:line 1035
--------
10/04/2026 2:15:30 pm: System.ArgumentOutOfRangeException: Index was out of range. Must be non-negative and less than the size of the collection.
Parameter name: startIndex
   at System.String.IndexOf(String value, Int32 startIndex, Int32 count, StringComparison comparisonType)
   at System.String.IndexOf(String value, Int32 startIndex, StringComparison comparisonType)
   at TagCreator.ProfileAttributesControl.FindAndReplace(StringBuilder output, String search, String replacement) in C:\Users\DELL\Desktop\Automation Studio\Automation Studio\TagCreator\TagCreator\EngineeringView\ProfileAttributesControl.xaml.cs:line 1035
--------
10/04/2026 2:15:30 pm: System.ArgumentOutOfRangeException: Index was out of range. Must be non-negative and less than the size of the collection.
Parameter name: startIndex
   at System.String.IndexOf(String value, Int32 startIndex, Int32 count, StringComparison comparisonType)
   at System.String.IndexOf(String value, Int32 startIndex, StringComparison comparisonType)
   at TagCreator.ProfileAttributesControl.FindAndReplace(StringBuilder output, String search, String replacement) in C:\Users\DELL\Desktop\Automation Studio\Automation Studio\TagCreator\TagCreator\EngineeringView\ProfileAttributesControl.xaml.cs:line 1035
--------
10/04/2026 2:15:30 pm: System.ArgumentOutOfRangeException: Index was out of range. Must be non-negative and less than the size of the collection.
Parameter name: startIndex
   at System.String.IndexOf(String value, Int32 startIndex, Int32 count, StringComparison comparisonType)
   at System.String.IndexOf(String value, Int32 startIndex, StringComparison comparisonType)
   at TagCreator.ProfileAttributesControl.FindAndReplace(StringBuilder output, String search, String replacement) in C:\Users\DELL\Desktop\Automation Studio\Automation Studio\TagCreator\TagCreator\EngineeringView\ProfileAttributesControl.xaml.cs:line 1035
--------
10/04/2026 2:15:30 pm: System.ArgumentOutOfRangeException: Index was out of range. Must be non-negative and less than the size of the collection.
Parameter name: startIndex
   at System.String.IndexOf(String value, Int32 startIndex, Int32 count, StringComparison comparisonType)
   at System.String.IndexOf(String value, Int32 startIndex, StringComparison comparisonType)
   at TagCreator.ProfileAttributesControl.FindAndReplace(StringBuilder output, String search, String replacement) in C:\Users\DELL\Desktop\Automation Studio\Automation Studio\TagCreator\TagCreator\EngineeringView\ProfileAttributesControl.xaml.cs:line 1035
--------
10/04/2026 2:15:30 pm: System.ArgumentOutOfRangeException: Index was out of range. Must be non-negative and less than the size of the collection.
Parameter name: startIndex
   at System.String.IndexOf(String value, Int32 startIndex, Int32 count, StringComparison comparisonType)
   at System.String.IndexOf(String value, Int32 startIndex, StringComparison comparisonType)
   at TagCreator.ProfileAttributesControl.FindAndReplace(StringBuilder output, String search, String replacement) in C:\Users\DELL\Desktop\Automation Studio\Automation Studio\TagCreator\TagCreator\EngineeringView\ProfileAttributesControl.xaml.cs:line 1035
--------
10/04/2026 2:15:30 pm: System.ArgumentOutOfRangeException: Index was out of range. Must be non-negative and less than the size of the collection.
Parameter name: startIndex
   at System.String.IndexOf(String value, Int32 startIndex, Int32 count, StringComparison comparisonType)
   at System.String.IndexOf(String value, Int32 startIndex, StringComparison comparisonType)
   at TagCreator.ProfileAttributesControl.FindAndReplace(StringBuilder output, String search, String replacement) in C:\Users\DELL\Desktop\Automation Studio\Automation Studio\TagCreator\TagCreator\EngineeringView\ProfileAttributesControl.xaml.cs:line 1035
--------
10/04/2026 2:15:30 pm: System.ArgumentOutOfRangeException: Index was out of range. Must be non-negative and less than the size of the collection.
Parameter name: startIndex
   at System.String.IndexOf(String value, Int32 startIndex, Int32 count, StringComparison comparisonType)
   at System.String.IndexOf(String value, Int32 startIndex, StringComparison comparisonType)
   at TagCreator.ProfileAttributesControl.FindAndReplace(StringBuilder output, String search, String replacement) in C:\Users\DELL\Desktop\Automation Studio\Automation Studio\TagCreator\TagCreator\EngineeringView\ProfileAttributesControl.xaml.cs:line 1035
--------
10/04/2026 2:15:30 pm: System.ArgumentOutOfRangeException: Index was out of range. Must be non-negative and less than the size of the collection.
Parameter name: startIndex
   at System.String.IndexOf(String value, Int32 startIndex, Int32 count, StringComparison comparisonType)
   at System.String.IndexOf(String value, Int32 startIndex, StringComparison comparisonType)
   at TagCreator.ProfileAttributesControl.FindAndReplace(StringBuilder output, String search, String replacement) in C:\Users\DELL\Desktop\Automation Studio\Automation Studio\TagCreator\TagCreator\EngineeringView\ProfileAttributesControl.xaml.cs:line 1035
--------
10/04/2026 2:15:30 pm: System.ArgumentOutOfRangeException: Index was out of range. Must be non-negative and less than the size of the collection.
Parameter name: startIndex
   at System.String.IndexOf(String value, Int32 startIndex, Int32 count, StringComparison comparisonType)
   at System.String.IndexOf(String value, Int32 startIndex, StringComparison comparisonType)
   at TagCreator.ProfileAttributesControl.FindAndReplace(StringBuilder output, String search, String replacement) in C:\Users\DELL\Desktop\Automation Studio\Automation Studio\TagCreator\TagCreator\EngineeringView\ProfileAttributesControl.xaml.cs:line 1035
--------
10/04/2026 2:15:30 pm: System.ArgumentOutOfRangeException: Index was out of range. Must be non-negative and less than the size of the collection.
Parameter name: startIndex
   at System.String.IndexOf(String value, Int32 startIndex, Int32 count, StringComparison comparisonType)
   at System.String.IndexOf(String value, Int32 startIndex, StringComparison comparisonType)
   at TagCreator.ProfileAttributesControl.FindAndReplace(StringBuilder output, String search, String replacement) in C:\Users\DELL\Desktop\Automation Studio\Automation Studio\TagCreator\TagCreator\EngineeringView\ProfileAttributesControl.xaml.cs:line 1035
--------
10/04/2026 2:15:30 pm: System.ArgumentOutOfRangeException: Index was out of range. Must be non-negative and less than the size of the collection.
Parameter name: startIndex
   at System.String.IndexOf(String value, Int32 startIndex, Int32 count, StringComparison comparisonType)
   at System.String.IndexOf(String value, Int32 startIndex, StringComparison comparisonType)
   at TagCreator.ProfileAttributesControl.FindAndReplace(StringBuilder output, String search, String replacement) in C:\Users\DELL\Desktop\Automation Studio\Automation Studio\TagCreator\TagCreator\EngineeringView\ProfileAttributesControl.xaml.cs:line 1035
--------
10/04/2026 2:15:30 pm: System.ArgumentOutOfRangeException: Index was out of range. Must be non-negative and less than the size of the collection.
Parameter name: startIndex
   at System.String.IndexOf(String value, Int32 startIndex, Int32 count, StringComparison comparisonType)
   at System.String.IndexOf(String value, Int32 startIndex, StringComparison comparisonType)
   at TagCreator.ProfileAttributesControl.FindAndReplace(StringBuilder output, String search, String replacement) in C:\Users\DELL\Desktop\Automation Studio\Automation Studio\TagCreator\TagCreator\EngineeringView\ProfileAttributesControl.xaml.cs:line 1035
--------
10/04/2026 2:15:30 pm: System.ArgumentOutOfRangeException: Index was out of range. Must be non-negative and less than the size of the collection.
Parameter name: startIndex
   at System.String.IndexOf(String value, Int32 startIndex, Int32 count, StringComparison comparisonType)
   at System.String.IndexOf(String value, Int32 startIndex, StringComparison comparisonType)
   at TagCreator.ProfileAttributesControl.FindAndReplace(StringBuilder output, String search, String replacement) in C:\Users\DELL\Desktop\Automation Studio\Automation Studio\TagCreator\TagCreator\EngineeringView\ProfileAttributesControl.xaml.cs:line 1035
--------
10/04/2026 2:15:30 pm: System.ArgumentOutOfRangeException: Index was out of range. Must be non-negative and less than the size of the collection.
Parameter name: startIndex
   at System.String.IndexOf(String value, Int32 startIndex, Int32 count, StringComparison comparisonType)
   at System.String.IndexOf(String value, Int32 startIndex, StringComparison comparisonType)
   at TagCreator.ProfileAttributesControl.FindAndReplace(StringBuilder output, String search, String replacement) in C:\Users\DELL\Desktop\Automation Studio\Automation Studio\TagCreator\TagCreator\EngineeringView\ProfileAttributesControl.xaml.cs:line 1035
--------
10/04/2026 2:15:30 pm: System.ArgumentOutOfRangeException: Index was out of range. Must be non-negative and less than the size of the collection.
Parameter name: startIndex
   at System.String.IndexOf(String value, Int32 startIndex, Int32 count, StringComparison comparisonType)
   at System.String.IndexOf(String value, Int32 startIndex, StringComparison comparisonType)
   at TagCreator.ProfileAttributesControl.FindAndReplace(StringBuilder output, String search, String replacement) in C:\Users\DELL\Desktop\Automation Studio\Automation Studio\TagCreator\TagCreator\EngineeringView\ProfileAttributesControl.xaml.cs:line 1035
--------
10/04/2026 2:15:30 pm: System.ArgumentOutOfRangeException: Index was out of range. Must be non-negative and less than the size of the collection.
Parameter name: startIndex
   at System.String.IndexOf(String value, Int32 startIndex, Int32 count, StringComparison comparisonType)
   at System.String.IndexOf(String value, Int32 startIndex, StringComparison comparisonType)
   at TagCreator.ProfileAttributesControl.FindAndReplace(StringBuilder output, String search, String replacement) in C:\Users\DELL\Desktop\Automation Studio\Automation Studio\TagCreator\TagCreator\EngineeringView\ProfileAttributesControl.xaml.cs:line 1035
--------
10/04/2026 2:15:30 pm: System.ArgumentOutOfRangeException: Index was out of range. Must be non-negative and less than the size of the collection.
Parameter name: startIndex
   at System.String.IndexOf(String value, Int32 startIndex, Int32 count, StringComparison comparisonType)
   at System.String.IndexOf(String value, Int32 startIndex, StringComparison comparisonType)
   at TagCreator.ProfileAttributesControl.FindAndReplace(StringBuilder output, String search, String replacement) in C:\Users\DELL\Desktop\Automation Studio\Automation Studio\TagCreator\TagCreator\EngineeringView\ProfileAttributesControl.xaml.cs:line 1035
--------
10/04/2026 2:15:30 pm: System.ArgumentOutOfRangeException: Index was out of range. Must be non-negative and less than the size of the collection.
Parameter name: startIndex
   at System.String.IndexOf(String value, Int32 startIndex, Int32 count, StringComparison comparisonType)
   at System.String.IndexOf(String value, Int32 startIndex, StringComparison comparisonType)
   at TagCreator.ProfileAttributesControl.FindAndReplace(StringBuilder output, String search, String replacement) in C:\Users\DELL\Desktop\Automation Studio\Automation Studio\TagCreator\TagCreator\EngineeringView\ProfileAttributesControl.xaml.cs:line 1035
--------
10/04/2026 2:15:30 pm: System.ArgumentOutOfRangeException: Index was out of range. Must be non-negative and less than the size of the collection.
Parameter name: startIndex
   at System.String.IndexOf(String value, Int32 startIndex, Int32 count, StringComparison comparisonType)
   at System.String.IndexOf(String value, Int32 startIndex, StringComparison comparisonType)
   at TagCreator.ProfileAttributesControl.FindAndReplace(StringBuilder output, String search, String replacement) in C:\Users\DELL\Desktop\Automation Studio\Automation Studio\TagCreator\TagCreator\EngineeringView\ProfileAttributesControl.xaml.cs:line 1035
--------
10/04/2026 2:15:30 pm: System.ArgumentOutOfRangeException: Index was out of range. Must be non-negative and less than the size of the collection.
Parameter name: startIndex
   at System.String.IndexOf(String value, Int32 startIndex, Int32 count, StringComparison comparisonType)
   at System.String.IndexOf(String value, Int32 startIndex, StringComparison comparisonType)
   at TagCreator.ProfileAttributesControl.FindAndReplace(StringBuilder output, String search, String replacement) in C:\Users\DELL\Desktop\Automation Studio\Automation Studio\TagCreator\TagCreator\EngineeringView\ProfileAttributesControl.xaml.cs:line 1035
--------
10/04/2026 2:15:30 pm: System.ArgumentOutOfRangeException: Index was out of range. Must be non-negative and less than the size of the collection.
Parameter name: startIndex
   at System.String.IndexOf(String value, Int32 startIndex, Int32 count, StringComparison comparisonType)
   at System.String.IndexOf(String value, Int32 startIndex, StringComparison comparisonType)
   at TagCreator.ProfileAttributesControl.FindAndReplace(StringBuilder output, String search, String replacement) in C:\Users\DELL\Desktop\Automation Studio\Automation Studio\TagCreator\TagCreator\EngineeringView\ProfileAttributesControl.xaml.cs:line 1035
--------
10/04/2026 2:15:30 pm: System.ArgumentOutOfRangeException: Index was out of range. Must be non-negative and less than the size of the collection.
Parameter name: startIndex
   at System.String.IndexOf(String value, Int32 startIndex, Int32 count, StringComparison comparisonType)
   at System.String.IndexOf(String value, Int32 startIndex, StringComparison comparisonType)
   at TagCreator.ProfileAttributesControl.FindAndReplace(StringBuilder output, String search, String replacement) in C:\Users\DELL\Desktop\Automation Studio\Automation Studio\TagCreator\TagCreator\EngineeringView\ProfileAttributesControl.xaml.cs:line 1035
--------
10/04/2026 2:15:30 pm: System.ArgumentOutOfRangeException: Index was out of range. Must be non-negative and less than the size of the collection.
Parameter name: startIndex
   at System.String.IndexOf(String value, Int32 startIndex, Int32 count, StringComparison comparisonType)
   at System.String.IndexOf(String value, Int32 startIndex, StringComparison comparisonType)
   at TagCreator.ProfileAttributesControl.FindAndReplace(StringBuilder output, String search, String replacement) in C:\Users\DELL\Desktop\Automation Studio\Automation Studio\TagCreator\TagCreator\EngineeringView\ProfileAttributesControl.xaml.cs:line 1035
--------
10/04/2026 2:15:30 pm: System.ArgumentOutOfRangeException: Index was out of range. Must be non-negative and less than the size of the collection.
Parameter name: startIndex
   at System.String.IndexOf(String value, Int32 startIndex, Int32 count, StringComparison comparisonType)
   at System.String.IndexOf(String value, Int32 startIndex, StringComparison comparisonType)
   at TagCreator.ProfileAttributesControl.FindAndReplace(StringBuilder output, String search, String replacement) in C:\Users\DELL\Desktop\Automation Studio\Automation Studio\TagCreator\TagCreator\EngineeringView\ProfileAttributesControl.xaml.cs:line 1035
--------
10/04/2026 2:15:30 pm: System.ArgumentOutOfRangeException: Index was out of range. Must be non-negative and less than the size of the collection.
Parameter name: startIndex
   at System.String.IndexOf(String value, Int32 startIndex, Int32 count, StringComparison comparisonType)
   at System.String.IndexOf(String value, Int32 startIndex, StringComparison comparisonType)
   at TagCreator.ProfileAttributesControl.FindAndReplace(StringBuilder output, String search, String replacement) in C:\Users\DELL\Desktop\Automation Studio\Automation Studio\TagCreator\TagCreator\EngineeringView\ProfileAttributesControl.xaml.cs:line 1035
--------
10/04/2026 2:15:30 pm: System.ArgumentOutOfRangeException: Index was out of range. Must be non-negative and less than the size of the collection.
Parameter name: startIndex
   at System.String.IndexOf(String value, Int32 startIndex, Int32 count, StringComparison comparisonType)
   at System.String.IndexOf(String value, Int32 startIndex, StringComparison comparisonType)
   at TagCreator.ProfileAttributesControl.FindAndReplace(StringBuilder output, String search, String replacement) in C:\Users\DELL\Desktop\Automation Studio\Automation Studio\TagCreator\TagCreator\EngineeringView\ProfileAttributesControl.xaml.cs:line 1035
--------
10/04/2026 2:15:30 pm: System.ArgumentOutOfRangeException: Index was out of range. Must be non-negative and less than the size of the collection.
Parameter name: startIndex
   at System.String.IndexOf(String value, Int32 startIndex, Int32 count, StringComparison comparisonType)
   at System.String.IndexOf(String value, Int32 startIndex, StringComparison comparisonType)
   at TagCreator.ProfileAttributesControl.FindAndReplace(StringBuilder output, String search, String replacement) in C:\Users\DELL\Desktop\Automation Studio\Automation Studio\TagCreator\TagCreator\EngineeringView\ProfileAttributesControl.xaml.cs:line 1035
--------
10/04/2026 2:15:30 pm: System.ArgumentOutOfRangeException: Index was out of range. Must be non-negative and less than the size of the collection.
Parameter name: startIndex
   at System.String.IndexOf(String value, Int32 startIndex, Int32 count, StringComparison comparisonType)
   at System.String.IndexOf(String value, Int32 startIndex, StringComparison comparisonType)
   at TagCreator.ProfileAttributesControl.FindAndReplace(StringBuilder output, String search, String replacement) in C:\Users\DELL\Desktop\Automation Studio\Automation Studio\TagCreator\TagCreator\EngineeringView\ProfileAttributesControl.xaml.cs:line 1035
--------
10/04/2026 2:15:30 pm: System.ArgumentOutOfRangeException: Index was out of range. Must be non-negative and less than the size of the collection.
Parameter name: startIndex
   at System.String.IndexOf(String value, Int32 startIndex, Int32 count, StringComparison comparisonType)
   at System.String.IndexOf(String value, Int32 startIndex, StringComparison comparisonType)
   at TagCreator.ProfileAttributesControl.FindAndReplace(StringBuilder output, String search, String replacement) in C:\Users\DELL\Desktop\Automation Studio\Automation Studio\TagCreator\TagCreator\EngineeringView\ProfileAttributesControl.xaml.cs:line 1035
--------
10/04/2026 2:15:30 pm: System.ArgumentOutOfRangeException: Index was out of range. Must be non-negative and less than the size of the collection.
Parameter name: startIndex
   at System.String.IndexOf(String value, Int32 startIndex, Int32 count, StringComparison comparisonType)
   at System.String.IndexOf(String value, Int32 startIndex, StringComparison comparisonType)
   at TagCreator.ProfileAttributesControl.FindAndReplace(StringBuilder output, String search, String replacement) in C:\Users\DELL\Desktop\Automation Studio\Automation Studio\TagCreator\TagCreator\EngineeringView\ProfileAttributesControl.xaml.cs:line 1035
--------
10/04/2026 2:15:30 pm: System.ArgumentOutOfRangeException: Index was out of range. Must be non-negative and less than the size of the collection.
Parameter name: startIndex
   at System.String.IndexOf(String value, Int32 startIndex, Int32 count, StringComparison comparisonType)
   at System.String.IndexOf(String value, Int32 startIndex, StringComparison comparisonType)
   at TagCreator.ProfileAttributesControl.FindAndReplace(StringBuilder output, String search, String replacement) in C:\Users\DELL\Desktop\Automation Studio\Automation Studio\TagCreator\TagCreator\EngineeringView\ProfileAttributesControl.xaml.cs:line 1035
--------
10/04/2026 2:15:30 pm: System.ArgumentOutOfRangeException: Index was out of range. Must be non-negative and less than the size of the collection.
Parameter name: startIndex
   at System.String.IndexOf(String value, Int32 startIndex, Int32 count, StringComparison comparisonType)
   at System.String.IndexOf(String value, Int32 startIndex, StringComparison comparisonType)
   at TagCreator.ProfileAttributesControl.FindAndReplace(StringBuilder output, String search, String replacement) in C:\Users\DELL\Desktop\Automation Studio\Automation Studio\TagCreator\TagCreator\EngineeringView\ProfileAttributesControl.xaml.cs:line 1035
--------
10/04/2026 2:15:30 pm: System.ArgumentOutOfRangeException: Index was out of range. Must be non-negative and less than the size of the collection.
Parameter name: startIndex
   at System.String.IndexOf(String value, Int32 startIndex, Int32 count, StringComparison comparisonType)
   at System.String.IndexOf(String value, Int32 startIndex, StringComparison comparisonType)
   at TagCreator.ProfileAttributesControl.FindAndReplace(StringBuilder output, String search, String replacement) in C:\Users\DELL\Desktop\Automation Studio\Automation Studio\TagCreator\TagCreator\EngineeringView\ProfileAttributesControl.xaml.cs:line 1035
--------
10/04/2026 2:15:30 pm: System.ArgumentOutOfRangeException: Index was out of range. Must be non-negative and less than the size of the collection.
Parameter name: startIndex
   at System.String.IndexOf(String value, Int32 startIndex, Int32 count, StringComparison comparisonType)
   at System.String.IndexOf(String value, Int32 startIndex, StringComparison comparisonType)
   at TagCreator.ProfileAttributesControl.FindAndReplace(StringBuilder output, String search, String replacement) in C:\Users\DELL\Desktop\Automation Studio\Automation Studio\TagCreator\TagCreator\EngineeringView\ProfileAttributesControl.xaml.cs:line 1035
--------
10/04/2026 2:15:30 pm: System.ArgumentOutOfRangeException: Index was out of range. Must be non-negative and less than the size of the collection.
Parameter name: startIndex
   at System.String.IndexOf(String value, Int32 startIndex, Int32 count, StringComparison comparisonType)
   at System.String.IndexOf(String value, Int32 startIndex, StringComparison comparisonType)
   at TagCreator.ProfileAttributesControl.FindAndReplace(StringBuilder output, String search, String replacement) in C:\Users\DELL\Desktop\Automation Studio\Automation Studio\TagCreator\TagCreator\EngineeringView\ProfileAttributesControl.xaml.cs:line 1035
--------
10/04/2026 2:15:30 pm: System.ArgumentOutOfRangeException: Index was out of range. Must be non-negative and less than the size of the collection.
Parameter name: startIndex
   at System.String.IndexOf(String value, Int32 startIndex, Int32 count, StringComparison comparisonType)
   at System.String.IndexOf(String value, Int32 startIndex, StringComparison comparisonType)
   at TagCreator.ProfileAttributesControl.FindAndReplace(StringBuilder output, String search, String replacement) in C:\Users\DELL\Desktop\Automation Studio\Automation Studio\TagCreator\TagCreator\EngineeringView\ProfileAttributesControl.xaml.cs:line 1035
--------
10/04/2026 2:15:30 pm: System.ArgumentOutOfRangeException: Index was out of range. Must be non-negative and less than the size of the collection.
Parameter name: startIndex
   at System.String.IndexOf(String value, Int32 startIndex, Int32 count, StringComparison comparisonType)
   at System.String.IndexOf(String value, Int32 startIndex, StringComparison comparisonType)
   at TagCreator.ProfileAttributesControl.FindAndReplace(StringBuilder output, String search, String replacement) in C:\Users\DELL\Desktop\Automation Studio\Automation Studio\TagCreator\TagCreator\EngineeringView\ProfileAttributesControl.xaml.cs:line 1035
--------
10/04/2026 2:15:30 pm: System.ArgumentOutOfRangeException: Index was out of range. Must be non-negative and less than the size of the collection.
Parameter name: startIndex
   at System.String.IndexOf(String value, Int32 startIndex, Int32 count, StringComparison comparisonType)
   at System.String.IndexOf(String value, Int32 startIndex, StringComparison comparisonType)
   at TagCreator.ProfileAttributesControl.FindAndReplace(StringBuilder output, String search, String replacement) in C:\Users\DELL\Desktop\Automation Studio\Automation Studio\TagCreator\TagCreator\EngineeringView\ProfileAttributesControl.xaml.cs:line 1035
--------
10/04/2026 2:15:30 pm: System.ArgumentOutOfRangeException: Index was out of range. Must be non-negative and less than the size of the collection.
Parameter name: startIndex
   at System.String.IndexOf(String value, Int32 startIndex, Int32 count, StringComparison comparisonType)
   at System.String.IndexOf(String value, Int32 startIndex, StringComparison comparisonType)
   at TagCreator.ProfileAttributesControl.FindAndReplace(StringBuilder output, String search, String replacement) in C:\Users\DELL\Desktop\Automation Studio\Automation Studio\TagCreator\TagCreator\EngineeringView\ProfileAttributesControl.xaml.cs:line 1035
--------
10/04/2026 2:15:30 pm: System.ArgumentOutOfRangeException: Index was out of range. Must be non-negative and less than the size of the collection.
Parameter name: startIndex
   at System.String.IndexOf(String value, Int32 startIndex, Int32 count, StringComparison comparisonType)
   at System.String.IndexOf(String value, Int32 startIndex, StringComparison comparisonType)
   at TagCreator.ProfileAttributesControl.FindAndReplace(StringBuilder output, String search, String replacement) in C:\Users\DELL\Desktop\Automation Studio\Automation Studio\TagCreator\TagCreator\EngineeringView\ProfileAttributesControl.xaml.cs:line 1035
--------
10/04/2026 2:15:30 pm: System.ArgumentOutOfRangeException: Index was out of range. Must be non-negative and less than the size of the collection.
Parameter name: startIndex
   at System.String.IndexOf(String value, Int32 startIndex, Int32 count, StringComparison comparisonType)
   at System.String.IndexOf(String value, Int32 startIndex, StringComparison comparisonType)
   at TagCreator.ProfileAttributesControl.FindAndReplace(StringBuilder output, String search, String replacement) in C:\Users\DELL\Desktop\Automation Studio\Automation Studio\TagCreator\TagCreator\EngineeringView\ProfileAttributesControl.xaml.cs:line 1035
--------
10/04/2026 2:15:30 pm: System.ArgumentOutOfRangeException: Index was out of range. Must be non-negative and less than the size of the collection.
Parameter name: startIndex
   at System.String.IndexOf(String value, Int32 startIndex, Int32 count, StringComparison comparisonType)
   at System.String.IndexOf(String value, Int32 startIndex, StringComparison comparisonType)
   at TagCreator.ProfileAttributesControl.FindAndReplace(StringBuilder output, String search, String replacement) in C:\Users\DELL\Desktop\Automation Studio\Automation Studio\TagCreator\TagCreator\EngineeringView\ProfileAttributesControl.xaml.cs:line 1035
--------
10/04/2026 2:15:30 pm: System.ArgumentOutOfRangeException: Index was out of range. Must be non-negative and less than the size of the collection.
Parameter name: startIndex
   at System.String.IndexOf(String value, Int32 startIndex, Int32 count, StringComparison comparisonType)
   at System.String.IndexOf(String value, Int32 startIndex, StringComparison comparisonType)
   at TagCreator.ProfileAttributesControl.FindAndReplace(StringBuilder output, String search, String replacement) in C:\Users\DELL\Desktop\Automation Studio\Automation Studio\TagCreator\TagCreator\EngineeringView\ProfileAttributesControl.xaml.cs:line 1035
--------
10/04/2026 2:15:30 pm: System.ArgumentOutOfRangeException: Index was out of range. Must be non-negative and less than the size of the collection.
Parameter name: startIndex
   at System.String.IndexOf(String value, Int32 startIndex, Int32 count, StringComparison comparisonType)
   at System.String.IndexOf(String value, Int32 startIndex, StringComparison comparisonType)
   at TagCreator.ProfileAttributesControl.FindAndReplace(StringBuilder output, String search, String replacement) in C:\Users\DELL\Desktop\Automation Studio\Automation Studio\TagCreator\TagCreator\EngineeringView\ProfileAttributesControl.xaml.cs:line 1035
--------
10/04/2026 2:15:30 pm: System.ArgumentOutOfRangeException: Index was out of range. Must be non-negative and less than the size of the collection.
Parameter name: startIndex
   at System.String.IndexOf(String value, Int32 startIndex, Int32 count, StringComparison comparisonType)
   at System.String.IndexOf(String value, Int32 startIndex, StringComparison comparisonType)
   at TagCreator.ProfileAttributesControl.FindAndReplace(StringBuilder output, String search, String replacement) in C:\Users\DELL\Desktop\Automation Studio\Automation Studio\TagCreator\TagCreator\EngineeringView\ProfileAttributesControl.xaml.cs:line 1035
--------
10/04/2026 2:15:30 pm: System.ArgumentOutOfRangeException: Index was out of range. Must be non-negative and less than the size of the collection.
Parameter name: startIndex
   at System.String.IndexOf(String value, Int32 startIndex, Int32 count, StringComparison comparisonType)
   at System.String.IndexOf(String value, Int32 startIndex, StringComparison comparisonType)
   at TagCreator.ProfileAttributesControl.FindAndReplace(StringBuilder output, String search, String replacement) in C:\Users\DELL\Desktop\Automation Studio\Automation Studio\TagCreator\TagCreator\EngineeringView\ProfileAttributesControl.xaml.cs:line 1035
--------
10/04/2026 2:15:30 pm: System.ArgumentOutOfRangeException: Index was out of range. Must be non-negative and less than the size of the collection.
Parameter name: startIndex
   at System.String.IndexOf(String value, Int32 startIndex, Int32 count, StringComparison comparisonType)
   at System.String.IndexOf(String value, Int32 startIndex, StringComparison comparisonType)
   at TagCreator.ProfileAttributesControl.FindAndReplace(StringBuilder output, String search, String replacement) in C:\Users\DELL\Desktop\Automation Studio\Automation Studio\TagCreator\TagCreator\EngineeringView\ProfileAttributesControl.xaml.cs:line 1035
--------
10/04/2026 2:15:30 pm: System.ArgumentOutOfRangeException: Index was out of range. Must be non-negative and less than the size of the collection.
Parameter name: startIndex
   at System.String.IndexOf(String value, Int32 startIndex, Int32 count, StringComparison comparisonType)
   at System.String.IndexOf(String value, Int32 startIndex, StringComparison comparisonType)
   at TagCreator.ProfileAttributesControl.FindAndReplace(StringBuilder output, String search, String replacement) in C:\Users\DELL\Desktop\Automation Studio\Automation Studio\TagCreator\TagCreator\EngineeringView\ProfileAttributesControl.xaml.cs:line 1035
--------
10/04/2026 2:15:30 pm: System.ArgumentOutOfRangeException: Index was out of range. Must be non-negative and less than the size of the collection.
Parameter name: startIndex
   at System.String.IndexOf(String value, Int32 startIndex, Int32 count, StringComparison comparisonType)
   at System.String.IndexOf(String value, Int32 startIndex, StringComparison comparisonType)
   at TagCreator.ProfileAttributesControl.FindAndReplace(StringBuilder output, String search, String replacement) in C:\Users\DELL\Desktop\Automation Studio\Automation Studio\TagCreator\TagCreator\EngineeringView\ProfileAttributesControl.xaml.cs:line 1035
--------
10/04/2026 2:15:30 pm: System.ArgumentOutOfRangeException: Index was out of range. Must be non-negative and less than the size of the collection.
Parameter name: startIndex
   at System.String.IndexOf(String value, Int32 startIndex, Int32 count, StringComparison comparisonType)
   at System.String.IndexOf(String value, Int32 startIndex, StringComparison comparisonType)
   at TagCreator.ProfileAttributesControl.FindAndReplace(StringBuilder output, String search, String replacement) in C:\Users\DELL\Desktop\Automation Studio\Automation Studio\TagCreator\TagCreator\EngineeringView\ProfileAttributesControl.xaml.cs:line 1035
--------
10/04/2026 2:15:30 pm: System.ArgumentOutOfRangeException: Index was out of range. Must be non-negative and less than the size of the collection.
Parameter name: startIndex
   at System.String.IndexOf(String value, Int32 startIndex, Int32 count, StringComparison comparisonType)
   at System.String.IndexOf(String value, Int32 startIndex, StringComparison comparisonType)
   at TagCreator.ProfileAttributesControl.FindAndReplace(StringBuilder output, String search, String replacement) in C:\Users\DELL\Desktop\Automation Studio\Automation Studio\TagCreator\TagCreator\EngineeringView\ProfileAttributesControl.xaml.cs:line 1035
--------
10/04/2026 2:15:30 pm: System.ArgumentOutOfRangeException: Index was out of range. Must be non-negative and less than the size of the collection.
Parameter name: startIndex
   at System.String.IndexOf(String value, Int32 startIndex, Int32 count, StringComparison comparisonType)
   at System.String.IndexOf(String value, Int32 startIndex, StringComparison comparisonType)
   at TagCreator.ProfileAttributesControl.FindAndReplace(StringBuilder output, String search, String replacement) in C:\Users\DELL\Desktop\Automation Studio\Automation Studio\TagCreator\TagCreator\EngineeringView\ProfileAttributesControl.xaml.cs:line 1035
--------
10/04/2026 2:15:30 pm: System.ArgumentOutOfRangeException: Index was out of range. Must be non-negative and less than the size of the collection.
Parameter name: startIndex
   at System.String.IndexOf(String value, Int32 startIndex, Int32 count, StringComparison comparisonType)
   at System.String.IndexOf(String value, Int32 startIndex, StringComparison comparisonType)
   at TagCreator.ProfileAttributesControl.FindAndReplace(StringBuilder output, String search, String replacement) in C:\Users\DELL\Desktop\Automation Studio\Automation Studio\TagCreator\TagCreator\EngineeringView\ProfileAttributesControl.xaml.cs:line 1035
--------
10/04/2026 2:15:30 pm: System.ArgumentOutOfRangeException: Index was out of range. Must be non-negative and less than the size of the collection.
Parameter name: startIndex
   at System.String.IndexOf(String value, Int32 startIndex, Int32 count, StringComparison comparisonType)
   at System.String.IndexOf(String value, Int32 startIndex, StringComparison comparisonType)
   at TagCreator.ProfileAttributesControl.FindAndReplace(StringBuilder output, String search, String replacement) in C:\Users\DELL\Desktop\Automation Studio\Automation Studio\TagCreator\TagCreator\EngineeringView\ProfileAttributesControl.xaml.cs:line 1035
--------
10/04/2026 2:15:30 pm: System.ArgumentOutOfRangeException: Index was out of range. Must be non-negative and less than the size of the collection.
Parameter name: startIndex
   at System.String.IndexOf(String value, Int32 startIndex, Int32 count, StringComparison comparisonType)
   at System.String.IndexOf(String value, Int32 startIndex, StringComparison comparisonType)
   at TagCreator.ProfileAttributesControl.FindAndReplace(StringBuilder output, String search, String replacement) in C:\Users\DELL\Desktop\Automation Studio\Automation Studio\TagCreator\TagCreator\EngineeringView\ProfileAttributesControl.xaml.cs:line 1035
--------
10/04/2026 2:15:30 pm: System.ArgumentOutOfRangeException: Index was out of range. Must be non-negative and less than the size of the collection.
Parameter name: startIndex
   at System.String.IndexOf(String value, Int32 startIndex, Int32 count, StringComparison comparisonType)
   at System.String.IndexOf(String value, Int32 startIndex, StringComparison comparisonType)
   at TagCreator.ProfileAttributesControl.FindAndReplace(StringBuilder output, String search, String replacement) in C:\Users\DELL\Desktop\Automation Studio\Automation Studio\TagCreator\TagCreator\EngineeringView\ProfileAttributesControl.xaml.cs:line 1035
--------
10/04/2026 2:15:30 pm: System.ArgumentOutOfRangeException: Index was out of range. Must be non-negative and less than the size of the collection.
Parameter name: startIndex
   at System.String.IndexOf(String value, Int32 startIndex, Int32 count, StringComparison comparisonType)
   at System.String.IndexOf(String value, Int32 startIndex, StringComparison comparisonType)
   at TagCreator.ProfileAttributesControl.FindAndReplace(StringBuilder output, String search, String replacement) in C:\Users\DELL\Desktop\Automation Studio\Automation Studio\TagCreator\TagCreator\EngineeringView\ProfileAttributesControl.xaml.cs:line 1035
--------
10/04/2026 2:15:30 pm: System.ArgumentOutOfRangeException: Index was out of range. Must be non-negative and less than the size of the collection.
Parameter name: startIndex
   at System.String.IndexOf(String value, Int32 startIndex, Int32 count, StringComparison comparisonType)
   at System.String.IndexOf(String value, Int32 startIndex, StringComparison comparisonType)
   at TagCreator.ProfileAttributesControl.FindAndReplace(StringBuilder output, String search, String replacement) in C:\Users\DELL\Desktop\Automation Studio\Automation Studio\TagCreator\TagCreator\EngineeringView\ProfileAttributesControl.xaml.cs:line 1035
--------
10/04/2026 2:15:30 pm: System.ArgumentOutOfRangeException: Index was out of range. Must be non-negative and less than the size of the collection.
Parameter name: startIndex
   at System.String.IndexOf(String value, Int32 startIndex, Int32 count, StringComparison comparisonType)
   at System.String.IndexOf(String value, Int32 startIndex, StringComparison comparisonType)
   at TagCreator.ProfileAttributesControl.FindAndReplace(StringBuilder output, String search, String replacement) in C:\Users\DELL\Desktop\Automation Studio\Automation Studio\TagCreator\TagCreator\EngineeringView\ProfileAttributesControl.xaml.cs:line 1035
--------
10/04/2026 2:15:30 pm: System.ArgumentOutOfRangeException: Index was out of range. Must be non-negative and less than the size of the collection.
Parameter name: startIndex
   at System.String.IndexOf(String value, Int32 startIndex, Int32 count, StringComparison comparisonType)
   at System.String.IndexOf(String value, Int32 startIndex, StringComparison comparisonType)
   at TagCreator.ProfileAttributesControl.FindAndReplace(StringBuilder output, String search, String replacement) in C:\Users\DELL\Desktop\Automation Studio\Automation Studio\TagCreator\TagCreator\EngineeringView\ProfileAttributesControl.xaml.cs:line 1035
--------
10/04/2026 2:15:30 pm: System.ArgumentOutOfRangeException: Index was out of range. Must be non-negative and less than the size of the collection.
Parameter name: startIndex
   at System.String.IndexOf(String value, Int32 startIndex, Int32 count, StringComparison comparisonType)
   at System.String.IndexOf(String value, Int32 startIndex, StringComparison comparisonType)
   at TagCreator.ProfileAttributesControl.FindAndReplace(StringBuilder output, String search, String replacement) in C:\Users\DELL\Desktop\Automation Studio\Automation Studio\TagCreator\TagCreator\EngineeringView\ProfileAttributesControl.xaml.cs:line 1035
--------
10/04/2026 2:15:30 pm: System.ArgumentOutOfRangeException: Index was out of range. Must be non-negative and less than the size of the collection.
Parameter name: startIndex
   at System.String.IndexOf(String value, Int32 startIndex, Int32 count, StringComparison comparisonType)
   at System.String.IndexOf(String value, Int32 startIndex, StringComparison comparisonType)
   at TagCreator.ProfileAttributesControl.FindAndReplace(StringBuilder output, String search, String replacement) in C:\Users\DELL\Desktop\Automation Studio\Automation Studio\TagCreator\TagCreator\EngineeringView\ProfileAttributesControl.xaml.cs:line 1035
--------
10/04/2026 2:15:30 pm: System.ArgumentOutOfRangeException: Index was out of range. Must be non-negative and less than the size of the collection.
Parameter name: startIndex
   at System.String.IndexOf(String value, Int32 startIndex, Int32 count, StringComparison comparisonType)
   at System.String.IndexOf(String value, Int32 startIndex, StringComparison comparisonType)
   at TagCreator.ProfileAttributesControl.FindAndReplace(StringBuilder output, String search, String replacement) in C:\Users\DELL\Desktop\Automation Studio\Automation Studio\TagCreator\TagCreator\EngineeringView\ProfileAttributesControl.xaml.cs:line 1035
--------
10/04/2026 2:15:30 pm: System.ArgumentOutOfRangeException: Index was out of range. Must be non-negative and less than the size of the collection.
Parameter name: startIndex
   at System.String.IndexOf(String value, Int32 startIndex, Int32 count, StringComparison comparisonType)
   at System.String.IndexOf(String value, Int32 startIndex, StringComparison comparisonType)
   at TagCreator.ProfileAttributesControl.FindAndReplace(StringBuilder output, String search, String replacement) in C:\Users\DELL\Desktop\Automation Studio\Automation Studio\TagCreator\TagCreator\EngineeringView\ProfileAttributesControl.xaml.cs:line 1035
--------
10/04/2026 2:15:30 pm: System.ArgumentOutOfRangeException: Index was out of range. Must be non-negative and less than the size of the collection.
Parameter name: startIndex
   at System.String.IndexOf(String value, Int32 startIndex, Int32 count, StringComparison comparisonType)
   at System.String.IndexOf(String value, Int32 startIndex, StringComparison comparisonType)
   at TagCreator.ProfileAttributesControl.FindAndReplace(StringBuilder output, String search, String replacement) in C:\Users\DELL\Desktop\Automation Studio\Automation Studio\TagCreator\TagCreator\EngineeringView\ProfileAttributesControl.xaml.cs:line 1035
--------
10/04/2026 2:15:30 pm: System.ArgumentOutOfRangeException: Index was out of range. Must be non-negative and less than the size of the collection.
Parameter name: startIndex
   at System.String.IndexOf(String value, Int32 startIndex, Int32 count, StringComparison comparisonType)
   at System.String.IndexOf(String value, Int32 startIndex, StringComparison comparisonType)
   at TagCreator.ProfileAttributesControl.FindAndReplace(StringBuilder output, String search, String replacement) in C:\Users\DELL\Desktop\Automation Studio\Automation Studio\TagCreator\TagCreator\EngineeringView\ProfileAttributesControl.xaml.cs:line 1035
--------
10/04/2026 2:15:30 pm: System.ArgumentOutOfRangeException: Index was out of range. Must be non-negative and less than the size of the collection.
Parameter name: startIndex
   at System.String.IndexOf(String value, Int32 startIndex, Int32 count, StringComparison comparisonType)
   at System.String.IndexOf(String value, Int32 startIndex, StringComparison comparisonType)
   at TagCreator.ProfileAttributesControl.FindAndReplace(StringBuilder output, String search, String replacement) in C:\Users\DELL\Desktop\Automation Studio\Automation Studio\TagCreator\TagCreator\EngineeringView\ProfileAttributesControl.xaml.cs:line 1035
--------
10/04/2026 2:15:30 pm: System.ArgumentOutOfRangeException: Index was out of range. Must be non-negative and less than the size of the collection.
Parameter name: startIndex
   at System.String.IndexOf(String value, Int32 startIndex, Int32 count, StringComparison comparisonType)
   at System.String.IndexOf(String value, Int32 startIndex, StringComparison comparisonType)
   at TagCreator.ProfileAttributesControl.FindAndReplace(StringBuilder output, String search, String replacement) in C:\Users\DELL\Desktop\Automation Studio\Automation Studio\TagCreator\TagCreator\EngineeringView\ProfileAttributesControl.xaml.cs:line 1035
--------
10/04/2026 2:15:30 pm: System.ArgumentOutOfRangeException: Index was out of range. Must be non-negative and less than the size of the collection.
Parameter name: startIndex
   at System.String.IndexOf(String value, Int32 startIndex, Int32 count, StringComparison comparisonType)
   at System.String.IndexOf(String value, Int32 startIndex, StringComparison comparisonType)
   at TagCreator.ProfileAttributesControl.FindAndReplace(StringBuilder output, String search, String replacement) in C:\Users\DELL\Desktop\Automation Studio\Automation Studio\TagCreator\TagCreator\EngineeringView\ProfileAttributesControl.xaml.cs:line 1035
--------
10/04/2026 2:15:30 pm: System.ArgumentOutOfRangeException: Index was out of range. Must be non-negative and less than the size of the collection.
Parameter name: startIndex
   at System.String.IndexOf(String value, Int32 startIndex, Int32 count, StringComparison comparisonType)
   at System.String.IndexOf(String value, Int32 startIndex, StringComparison comparisonType)
   at TagCreator.ProfileAttributesControl.FindAndReplace(StringBuilder output, String search, String replacement) in C:\Users\DELL\Desktop\Automation Studio\Automation Studio\TagCreator\TagCreator\EngineeringView\ProfileAttributesControl.xaml.cs:line 1035
--------
10/04/2026 2:15:30 pm: System.ArgumentOutOfRangeException: Index was out of range. Must be non-negative and less than the size of the collection.
Parameter name: startIndex
   at System.String.IndexOf(String value, Int32 startIndex, Int32 count, StringComparison comparisonType)
   at System.String.IndexOf(String value, Int32 startIndex, StringComparison comparisonType)
   at TagCreator.ProfileAttributesControl.FindAndReplace(StringBuilder output, String search, String replacement) in C:\Users\DELL\Desktop\Automation Studio\Automation Studio\TagCreator\TagCreator\EngineeringView\ProfileAttributesControl.xaml.cs:line 1035
--------
10/04/2026 2:15:30 pm: System.ArgumentOutOfRangeException: Index was out of range. Must be non-negative and less than the size of the collection.
Parameter name: startIndex
   at System.String.IndexOf(String value, Int32 startIndex, Int32 count, StringComparison comparisonType)
   at System.String.IndexOf(String value, Int32 startIndex, StringComparison comparisonType)
   at TagCreator.ProfileAttributesControl.FindAndReplace(StringBuilder output, String search, String replacement) in C:\Users\DELL\Desktop\Automation Studio\Automation Studio\TagCreator\TagCreator\EngineeringView\ProfileAttributesControl.xaml.cs:line 1035
--------
10/04/2026 2:15:30 pm: System.ArgumentOutOfRangeException: Index was out of range. Must be non-negative and less than the size of the collection.
Parameter name: startIndex
   at System.String.IndexOf(String value, Int32 startIndex, Int32 count, StringComparison comparisonType)
   at System.String.IndexOf(String value, Int32 startIndex, StringComparison comparisonType)
   at TagCreator.ProfileAttributesControl.FindAndReplace(StringBuilder output, String search, String replacement) in C:\Users\DELL\Desktop\Automation Studio\Automation Studio\TagCreator\TagCreator\EngineeringView\ProfileAttributesControl.xaml.cs:line 1035
--------
10/04/2026 2:15:30 pm: System.ArgumentOutOfRangeException: Index was out of range. Must be non-negative and less than the size of the collection.
Parameter name: startIndex
   at System.String.IndexOf(String value, Int32 startIndex, Int32 count, StringComparison comparisonType)
   at System.String.IndexOf(String value, Int32 startIndex, StringComparison comparisonType)
   at TagCreator.ProfileAttributesControl.FindAndReplace(StringBuilder output, String search, String replacement) in C:\Users\DELL\Desktop\Automation Studio\Automation Studio\TagCreator\TagCreator\EngineeringView\ProfileAttributesControl.xaml.cs:line 1035
--------
10/04/2026 2:15:30 pm: System.ArgumentOutOfRangeException: Index was out of range. Must be non-negative and less than the size of the collection.
Parameter name: startIndex
   at System.String.IndexOf(String value, Int32 startIndex, Int32 count, StringComparison comparisonType)
   at System.String.IndexOf(String value, Int32 startIndex, StringComparison comparisonType)
   at TagCreator.ProfileAttributesControl.FindAndReplace(StringBuilder output, String search, String replacement) in C:\Users\DELL\Desktop\Automation Studio\Automation Studio\TagCreator\TagCreator\EngineeringView\ProfileAttributesControl.xaml.cs:line 1035
--------
10/04/2026 2:15:30 pm: System.ArgumentOutOfRangeException: Index was out of range. Must be non-negative and less than the size of the collection.
Parameter name: startIndex
   at System.String.IndexOf(String value, Int32 startIndex, Int32 count, StringComparison comparisonType)
   at System.String.IndexOf(String value, Int32 startIndex, StringComparison comparisonType)
   at TagCreator.ProfileAttributesControl.FindAndReplace(StringBuilder output, String search, String replacement) in C:\Users\DELL\Desktop\Automation Studio\Automation Studio\TagCreator\TagCreator\EngineeringView\ProfileAttributesControl.xaml.cs:line 1035
--------
10/04/2026 2:15:30 pm: System.ArgumentOutOfRangeException: Index was out of range. Must be non-negative and less than the size of the collection.
Parameter name: startIndex
   at System.String.IndexOf(String value, Int32 startIndex, Int32 count, StringComparison comparisonType)
   at System.String.IndexOf(String value, Int32 startIndex, StringComparison comparisonType)
   at TagCreator.ProfileAttributesControl.FindAndReplace(StringBuilder output, String search, String replacement) in C:\Users\DELL\Desktop\Automation Studio\Automation Studio\TagCreator\TagCreator\EngineeringView\ProfileAttributesControl.xaml.cs:line 1035
--------
10/04/2026 2:15:30 pm: System.ArgumentOutOfRangeException: Index was out of range. Must be non-negative and less than the size of the collection.
Parameter name: startIndex
   at System.String.IndexOf(String value, Int32 startIndex, Int32 count, StringComparison comparisonType)
   at System.String.IndexOf(String value, Int32 startIndex, StringComparison comparisonType)
   at TagCreator.ProfileAttributesControl.FindAndReplace(StringBuilder output, String search, String replacement) in C:\Users\DELL\Desktop\Automation Studio\Automation Studio\TagCreator\TagCreator\EngineeringView\ProfileAttributesControl.xaml.cs:line 1035
--------
10/04/2026 2:15:30 pm: System.ArgumentOutOfRangeException: Index was out of range. Must be non-negative and less than the size of the collection.
Parameter name: startIndex
   at System.String.IndexOf(String value, Int32 startIndex, Int32 count, StringComparison comparisonType)
   at System.String.IndexOf(String value, Int32 startIndex, StringComparison comparisonType)
   at TagCreator.ProfileAttributesControl.FindAndReplace(StringBuilder output, String search, String replacement) in C:\Users\DELL\Desktop\Automation Studio\Automation Studio\TagCreator\TagCreator\EngineeringView\ProfileAttributesControl.xaml.cs:line 1035
--------
10/04/2026 2:15:30 pm: System.ArgumentOutOfRangeException: Index was out of range. Must be non-negative and less than the size of the collection.
Parameter name: startIndex
   at System.String.IndexOf(String value, Int32 startIndex, Int32 count, StringComparison comparisonType)
   at System.String.IndexOf(String value, Int32 startIndex, StringComparison comparisonType)
   at TagCreator.ProfileAttributesControl.FindAndReplace(StringBuilder output, String search, String replacement) in C:\Users\DELL\Desktop\Automation Studio\Automation Studio\TagCreator\TagCreator\EngineeringView\ProfileAttributesControl.xaml.cs:line 1035
--------
10/04/2026 2:15:30 pm: System.ArgumentOutOfRangeException: Index was out of range. Must be non-negative and less than the size of the collection.
Parameter name: startIndex
   at System.String.IndexOf(String value, Int32 startIndex, Int32 count, StringComparison comparisonType)
   at System.String.IndexOf(String value, Int32 startIndex, StringComparison comparisonType)
   at TagCreator.ProfileAttributesControl.FindAndReplace(StringBuilder output, String search, String replacement) in C:\Users\DELL\Desktop\Automation Studio\Automation Studio\TagCreator\TagCreator\EngineeringView\ProfileAttributesControl.xaml.cs:line 1035
--------
10/04/2026 2:15:30 pm: System.ArgumentOutOfRangeException: Index was out of range. Must be non-negative and less than the size of the collection.
Parameter name: startIndex
   at System.String.IndexOf(String value, Int32 startIndex, Int32 count, StringComparison comparisonType)
   at System.String.IndexOf(String value, Int32 startIndex, StringComparison comparisonType)
   at TagCreator.ProfileAttributesControl.FindAndReplace(StringBuilder output, String search, String replacement) in C:\Users\DELL\Desktop\Automation Studio\Automation Studio\TagCreator\TagCreator\EngineeringView\ProfileAttributesControl.xaml.cs:line 1035
--------
10/04/2026 2:15:30 pm: System.ArgumentOutOfRangeException: Index was out of range. Must be non-negative and less than the size of the collection.
Parameter name: startIndex
   at System.String.IndexOf(String value, Int32 startIndex, Int32 count, StringComparison comparisonType)
   at System.String.IndexOf(String value, Int32 startIndex, StringComparison comparisonType)
   at TagCreator.ProfileAttributesControl.FindAndReplace(StringBuilder output, String search, String replacement) in C:\Users\DELL\Desktop\Automation Studio\Automation Studio\TagCreator\TagCreator\EngineeringView\ProfileAttributesControl.xaml.cs:line 1035
--------
10/04/2026 2:15:30 pm: System.ArgumentOutOfRangeException: Index was out of range. Must be non-negative and less than the size of the collection.
Parameter name: startIndex
   at System.String.IndexOf(String value, Int32 startIndex, Int32 count, StringComparison comparisonType)
   at System.String.IndexOf(String value, Int32 startIndex, StringComparison comparisonType)
   at TagCreator.ProfileAttributesControl.FindAndReplace(StringBuilder output, String search, String replacement) in C:\Users\DELL\Desktop\Automation Studio\Automation Studio\TagCreator\TagCreator\EngineeringView\ProfileAttributesControl.xaml.cs:line 1035
--------
10/04/2026 2:15:30 pm: System.ArgumentOutOfRangeException: Index was out of range. Must be non-negative and less than the size of the collection.
Parameter name: startIndex
   at System.String.IndexOf(String value, Int32 startIndex, Int32 count, StringComparison comparisonType)
   at System.String.IndexOf(String value, Int32 startIndex, StringComparison comparisonType)
   at TagCreator.ProfileAttributesControl.FindAndReplace(StringBuilder output, String search, String replacement) in C:\Users\DELL\Desktop\Automation Studio\Automation Studio\TagCreator\TagCreator\EngineeringView\ProfileAttributesControl.xaml.cs:line 1035
--------
10/04/2026 2:15:30 pm: System.ArgumentOutOfRangeException: Index was out of range. Must be non-negative and less than the size of the collection.
Parameter name: startIndex
   at System.String.IndexOf(String value, Int32 startIndex, Int32 count, StringComparison comparisonType)
   at System.String.IndexOf(String value, Int32 startIndex, StringComparison comparisonType)
   at TagCreator.ProfileAttributesControl.FindAndReplace(StringBuilder output, String search, String replacement) in C:\Users\DELL\Desktop\Automation Studio\Automation Studio\TagCreator\TagCreator\EngineeringView\ProfileAttributesControl.xaml.cs:line 1035
--------
10/04/2026 2:15:30 pm: System.ArgumentOutOfRangeException: Index was out of range. Must be non-negative and less than the size of the collection.
Parameter name: startIndex
   at System.String.IndexOf(String value, Int32 startIndex, Int32 count, StringComparison comparisonType)
   at System.String.IndexOf(String value, Int32 startIndex, StringComparison comparisonType)
   at TagCreator.ProfileAttributesControl.FindAndReplace(StringBuilder output, String search, String replacement) in C:\Users\DELL\Desktop\Automation Studio\Automation Studio\TagCreator\TagCreator\EngineeringView\ProfileAttributesControl.xaml.cs:line 1035
--------
10/04/2026 2:15:30 pm: System.ArgumentOutOfRangeException: Index was out of range. Must be non-negative and less than the size of the collection.
Parameter name: startIndex
   at System.String.IndexOf(String value, Int32 startIndex, Int32 count, StringComparison comparisonType)
   at System.String.IndexOf(String value, Int32 startIndex, StringComparison comparisonType)
   at TagCreator.ProfileAttributesControl.FindAndReplace(StringBuilder output, String search, String replacement) in C:\Users\DELL\Desktop\Automation Studio\Automation Studio\TagCreator\TagCreator\EngineeringView\ProfileAttributesControl.xaml.cs:line 1035
--------
10/04/2026 2:15:30 pm: System.ArgumentOutOfRangeException: Index was out of range. Must be non-negative and less than the size of the collection.
Parameter name: startIndex
   at System.String.IndexOf(String value, Int32 startIndex, Int32 count, StringComparison comparisonType)
   at System.String.IndexOf(String value, Int32 startIndex, StringComparison comparisonType)
   at TagCreator.ProfileAttributesControl.FindAndReplace(StringBuilder output, String search, String replacement) in C:\Users\DELL\Desktop\Automation Studio\Automation Studio\TagCreator\TagCreator\EngineeringView\ProfileAttributesControl.xaml.cs:line 1035
--------
10/04/2026 2:15:30 pm: System.ArgumentOutOfRangeException: Index was out of range. Must be non-negative and less than the size of the collection.
Parameter name: startIndex
   at System.String.IndexOf(String value, Int32 startIndex, Int32 count, StringComparison comparisonType)
   at System.String.IndexOf(String value, Int32 startIndex, StringComparison comparisonType)
   at TagCreator.ProfileAttributesControl.FindAndReplace(StringBuilder output, String search, String replacement) in C:\Users\DELL\Desktop\Automation Studio\Automation Studio\TagCreator\TagCreator\EngineeringView\ProfileAttributesControl.xaml.cs:line 1035
--------
10/04/2026 2:15:30 pm: System.ArgumentOutOfRangeException: Index was out of range. Must be non-negative and less than the size of the collection.
Parameter name: startIndex
   at System.String.IndexOf(String value, Int32 startIndex, Int32 count, StringComparison comparisonType)
   at System.String.IndexOf(String value, Int32 startIndex, StringComparison comparisonType)
   at TagCreator.ProfileAttributesControl.FindAndReplace(StringBuilder output, String search, String replacement) in C:\Users\DELL\Desktop\Automation Studio\Automation Studio\TagCreator\TagCreator\EngineeringView\ProfileAttributesControl.xaml.cs:line 1035
--------
10/04/2026 2:15:30 pm: System.ArgumentOutOfRangeException: Index was out of range. Must be non-negative and less than the size of the collection.
Parameter name: startIndex
   at System.String.IndexOf(String value, Int32 startIndex, Int32 count, StringComparison comparisonType)
   at System.String.IndexOf(String value, Int32 startIndex, StringComparison comparisonType)
   at TagCreator.ProfileAttributesControl.FindAndReplace(StringBuilder output, String search, String replacement) in C:\Users\DELL\Desktop\Automation Studio\Automation Studio\TagCreator\TagCreator\EngineeringView\ProfileAttributesControl.xaml.cs:line 1035
--------
10/04/2026 2:15:30 pm: System.ArgumentOutOfRangeException: Index was out of range. Must be non-negative and less than the size of the collection.
Parameter name: startIndex
   at System.String.IndexOf(String value, Int32 startIndex, Int32 count, StringComparison comparisonType)
   at System.String.IndexOf(String value, Int32 startIndex, StringComparison comparisonType)
   at TagCreator.ProfileAttributesControl.FindAndReplace(StringBuilder output, String search, String replacement) in C:\Users\DELL\Desktop\Automation Studio\Automation Studio\TagCreator\TagCreator\EngineeringView\ProfileAttributesControl.xaml.cs:line 1035
--------
10/04/2026 2:15:30 pm: System.ArgumentOutOfRangeException: Index was out of range. Must be non-negative and less than the size of the collection.
Parameter name: startIndex
   at System.String.IndexOf(String value, Int32 startIndex, Int32 count, StringComparison comparisonType)
   at System.String.IndexOf(String value, Int32 startIndex, StringComparison comparisonType)
   at TagCreator.ProfileAttributesControl.FindAndReplace(StringBuilder output, String search, String replacement) in C:\Users\DELL\Desktop\Automation Studio\Automation Studio\TagCreator\TagCreator\EngineeringView\ProfileAttributesControl.xaml.cs:line 1035
--------
10/04/2026 2:15:30 pm: System.ArgumentOutOfRangeException: Index was out of range. Must be non-negative and less than the size of the collection.
Parameter name: startIndex
   at System.String.IndexOf(String value, Int32 startIndex, Int32 count, StringComparison comparisonType)
   at System.String.IndexOf(String value, Int32 startIndex, StringComparison comparisonType)
   at TagCreator.ProfileAttributesControl.FindAndReplace(StringBuilder output, String search, String replacement) in C:\Users\DELL\Desktop\Automation Studio\Automation Studio\TagCreator\TagCreator\EngineeringView\ProfileAttributesControl.xaml.cs:line 1035
--------
10/04/2026 2:15:30 pm: System.ArgumentOutOfRangeException: Index was out of range. Must be non-negative and less than the size of the collection.
Parameter name: startIndex
   at System.String.IndexOf(String value, Int32 startIndex, Int32 count, StringComparison comparisonType)
   at System.String.IndexOf(String value, Int32 startIndex, StringComparison comparisonType)
   at TagCreator.ProfileAttributesControl.FindAndReplace(StringBuilder output, String search, String replacement) in C:\Users\DELL\Desktop\Automation Studio\Automation Studio\TagCreator\TagCreator\EngineeringView\ProfileAttributesControl.xaml.cs:line 1035
--------
10/04/2026 2:15:30 pm: System.ArgumentOutOfRangeException: Index was out of range. Must be non-negative and less than the size of the collection.
Parameter name: startIndex
   at System.String.IndexOf(String value, Int32 startIndex, Int32 count, StringComparison comparisonType)
   at System.String.IndexOf(String value, Int32 startIndex, StringComparison comparisonType)
   at TagCreator.ProfileAttributesControl.FindAndReplace(StringBuilder output, String search, String replacement) in C:\Users\DELL\Desktop\Automation Studio\Automation Studio\TagCreator\TagCreator\EngineeringView\ProfileAttributesControl.xaml.cs:line 1035
--------
10/04/2026 2:15:30 pm: System.ArgumentOutOfRangeException: Index was out of range. Must be non-negative and less than the size of the collection.
Parameter name: startIndex
   at System.String.IndexOf(String value, Int32 startIndex, Int32 count, StringComparison comparisonType)
   at System.String.IndexOf(String value, Int32 startIndex, StringComparison comparisonType)
   at TagCreator.ProfileAttributesControl.FindAndReplace(StringBuilder output, String search, String replacement) in C:\Users\DELL\Desktop\Automation Studio\Automation Studio\TagCreator\TagCreator\EngineeringView\ProfileAttributesControl.xaml.cs:line 1035
--------
10/04/2026 2:15:30 pm: System.ArgumentOutOfRangeException: Index was out of range. Must be non-negative and less than the size of the collection.
Parameter name: startIndex
   at System.String.IndexOf(String value, Int32 startIndex, Int32 count, StringComparison comparisonType)
   at System.String.IndexOf(String value, Int32 startIndex, StringComparison comparisonType)
   at TagCreator.ProfileAttributesControl.FindAndReplace(StringBuilder output, String search, String replacement) in C:\Users\DELL\Desktop\Automation Studio\Automation Studio\TagCreator\TagCreator\EngineeringView\ProfileAttributesControl.xaml.cs:line 1035
--------
10/04/2026 2:15:30 pm: System.ArgumentOutOfRangeException: Index was out of range. Must be non-negative and less than the size of the collection.
Parameter name: startIndex
   at System.String.IndexOf(String value, Int32 startIndex, Int32 count, StringComparison comparisonType)
   at System.String.IndexOf(String value, Int32 startIndex, StringComparison comparisonType)
   at TagCreator.ProfileAttributesControl.FindAndReplace(StringBuilder output, String search, String replacement) in C:\Users\DELL\Desktop\Automation Studio\Automation Studio\TagCreator\TagCreator\EngineeringView\ProfileAttributesControl.xaml.cs:line 1035
--------
10/04/2026 2:15:30 pm: System.ArgumentOutOfRangeException: Index was out of range. Must be non-negative and less than the size of the collection.
Parameter name: startIndex
   at System.String.IndexOf(String value, Int32 startIndex, Int32 count, StringComparison comparisonType)
   at System.String.IndexOf(String value, Int32 startIndex, StringComparison comparisonType)
   at TagCreator.ProfileAttributesControl.FindAndReplace(StringBuilder output, String search, String replacement) in C:\Users\DELL\Desktop\Automation Studio\Automation Studio\TagCreator\TagCreator\EngineeringView\ProfileAttributesControl.xaml.cs:line 1035
--------
10/04/2026 2:15:30 pm: System.ArgumentOutOfRangeException: Index was out of range. Must be non-negative and less than the size of the collection.
Parameter name: startIndex
   at System.String.IndexOf(String value, Int32 startIndex, Int32 count, StringComparison comparisonType)
   at System.String.IndexOf(String value, Int32 startIndex, StringComparison comparisonType)
   at TagCreator.ProfileAttributesControl.FindAndReplace(StringBuilder output, String search, String replacement) in C:\Users\DELL\Desktop\Automation Studio\Automation Studio\TagCreator\TagCreator\EngineeringView\ProfileAttributesControl.xaml.cs:line 1035
--------
10/04/2026 2:15:30 pm: System.ArgumentOutOfRangeException: Index was out of range. Must be non-negative and less than the size of the collection.
Parameter name: startIndex
   at System.String.IndexOf(String value, Int32 startIndex, Int32 count, StringComparison comparisonType)
   at System.String.IndexOf(String value, Int32 startIndex, StringComparison comparisonType)
   at TagCreator.ProfileAttributesControl.FindAndReplace(StringBuilder output, String search, String replacement) in C:\Users\DELL\Desktop\Automation Studio\Automation Studio\TagCreator\TagCreator\EngineeringView\ProfileAttributesControl.xaml.cs:line 1035
--------
10/04/2026 2:15:30 pm: System.ArgumentOutOfRangeException: Index was out of range. Must be non-negative and less than the size of the collection.
Parameter name: startIndex
   at System.String.IndexOf(String value, Int32 startIndex, Int32 count, StringComparison comparisonType)
   at System.String.IndexOf(String value, Int32 startIndex, StringComparison comparisonType)
   at TagCreator.ProfileAttributesControl.FindAndReplace(StringBuilder output, String search, String replacement) in C:\Users\DELL\Desktop\Automation Studio\Automation Studio\TagCreator\TagCreator\EngineeringView\ProfileAttributesControl.xaml.cs:line 1035
--------
10/04/2026 2:15:30 pm: System.ArgumentOutOfRangeException: Index was out of range. Must be non-negative and less than the size of the collection.
Parameter name: startIndex
   at System.String.IndexOf(String value, Int32 startIndex, Int32 count, StringComparison comparisonType)
   at System.String.IndexOf(String value, Int32 startIndex, StringComparison comparisonType)
   at TagCreator.ProfileAttributesControl.FindAndReplace(StringBuilder output, String search, String replacement) in C:\Users\DELL\Desktop\Automation Studio\Automation Studio\TagCreator\TagCreator\EngineeringView\ProfileAttributesControl.xaml.cs:line 1035
--------
10/04/2026 2:15:30 pm: System.ArgumentOutOfRangeException: Index was out of range. Must be non-negative and less than the size of the collection.
Parameter name: startIndex
   at System.String.IndexOf(String value, Int32 startIndex, Int32 count, StringComparison comparisonType)
   at System.String.IndexOf(String value, Int32 startIndex, StringComparison comparisonType)
   at TagCreator.ProfileAttributesControl.FindAndReplace(StringBuilder output, String search, String replacement) in C:\Users\DELL\Desktop\Automation Studio\Automation Studio\TagCreator\TagCreator\EngineeringView\ProfileAttributesControl.xaml.cs:line 1035
--------
10/04/2026 2:15:30 pm: System.ArgumentOutOfRangeException: Index was out of range. Must be non-negative and less than the size of the collection.
Parameter name: startIndex
   at System.String.IndexOf(String value, Int32 startIndex, Int32 count, StringComparison comparisonType)
   at System.String.IndexOf(String value, Int32 startIndex, StringComparison comparisonType)
   at TagCreator.ProfileAttributesControl.FindAndReplace(StringBuilder output, String search, String replacement) in C:\Users\DELL\Desktop\Automation Studio\Automation Studio\TagCreator\TagCreator\EngineeringView\ProfileAttributesControl.xaml.cs:line 1035
--------
10/04/2026 2:15:30 pm: System.ArgumentOutOfRangeException: Index was out of range. Must be non-negative and less than the size of the collection.
Parameter name: startIndex
   at System.String.IndexOf(String value, Int32 startIndex, Int32 count, StringComparison comparisonType)
   at System.String.IndexOf(String value, Int32 startIndex, StringComparison comparisonType)
   at TagCreator.ProfileAttributesControl.FindAndReplace(StringBuilder output, String search, String replacement) in C:\Users\DELL\Desktop\Automation Studio\Automation Studio\TagCreator\TagCreator\EngineeringView\ProfileAttributesControl.xaml.cs:line 1035
--------
10/04/2026 2:15:30 pm: System.ArgumentOutOfRangeException: Index was out of range. Must be non-negative and less than the size of the collection.
Parameter name: startIndex
   at System.String.IndexOf(String value, Int32 startIndex, Int32 count, StringComparison comparisonType)
   at System.String.IndexOf(String value, Int32 startIndex, StringComparison comparisonType)
   at TagCreator.ProfileAttributesControl.FindAndReplace(StringBuilder output, String search, String replacement) in C:\Users\DELL\Desktop\Automation Studio\Automation Studio\TagCreator\TagCreator\EngineeringView\ProfileAttributesControl.xaml.cs:line 1035
--------
10/04/2026 2:15:30 pm: System.ArgumentOutOfRangeException: Index was out of range. Must be non-negative and less than the size of the collection.
Parameter name: startIndex
   at System.String.IndexOf(String value, Int32 startIndex, Int32 count, StringComparison comparisonType)
   at System.String.IndexOf(String value, Int32 startIndex, StringComparison comparisonType)
   at TagCreator.ProfileAttributesControl.FindAndReplace(StringBuilder output, String search, String replacement) in C:\Users\DELL\Desktop\Automation Studio\Automation Studio\TagCreator\TagCreator\EngineeringView\ProfileAttributesControl.xaml.cs:line 1035
--------
10/04/2026 2:15:30 pm: System.ArgumentOutOfRangeException: Index was out of range. Must be non-negative and less than the size of the collection.
Parameter name: startIndex
   at System.String.IndexOf(String value, Int32 startIndex, Int32 count, StringComparison comparisonType)
   at System.String.IndexOf(String value, Int32 startIndex, StringComparison comparisonType)
   at TagCreator.ProfileAttributesControl.FindAndReplace(StringBuilder output, String search, String replacement) in C:\Users\DELL\Desktop\Automation Studio\Automation Studio\TagCreator\TagCreator\EngineeringView\ProfileAttributesControl.xaml.cs:line 1035
--------
10/04/2026 2:15:30 pm: System.ArgumentOutOfRangeException: Index was out of range. Must be non-negative and less than the size of the collection.
Parameter name: startIndex
   at System.String.IndexOf(String value, Int32 startIndex, Int32 count, StringComparison comparisonType)
   at System.String.IndexOf(String value, Int32 startIndex, StringComparison comparisonType)
   at TagCreator.ProfileAttributesControl.FindAndReplace(StringBuilder output, String search, String replacement) in C:\Users\DELL\Desktop\Automation Studio\Automation Studio\TagCreator\TagCreator\EngineeringView\ProfileAttributesControl.xaml.cs:line 1035
--------
10/04/2026 2:15:30 pm: System.ArgumentOutOfRangeException: Index was out of range. Must be non-negative and less than the size of the collection.
Parameter name: startIndex
   at System.String.IndexOf(String value, Int32 startIndex, Int32 count, StringComparison comparisonType)
   at System.String.IndexOf(String value, Int32 startIndex, StringComparison comparisonType)
   at TagCreator.ProfileAttributesControl.FindAndReplace(StringBuilder output, String search, String replacement) in C:\Users\DELL\Desktop\Automation Studio\Automation Studio\TagCreator\TagCreator\EngineeringView\ProfileAttributesControl.xaml.cs:line 1035
--------
10/04/2026 2:15:30 pm: System.ArgumentOutOfRangeException: Index was out of range. Must be non-negative and less than the size of the collection.
Parameter name: startIndex
   at System.String.IndexOf(String value, Int32 startIndex, Int32 count, StringComparison comparisonType)
   at System.String.IndexOf(String value, Int32 startIndex, StringComparison comparisonType)
   at TagCreator.ProfileAttributesControl.FindAndReplace(StringBuilder output, String search, String replacement) in C:\Users\DELL\Desktop\Automation Studio\Automation Studio\TagCreator\TagCreator\EngineeringView\ProfileAttributesControl.xaml.cs:line 1035
--------
10/04/2026 2:15:30 pm: System.ArgumentOutOfRangeException: Index was out of range. Must be non-negative and less than the size of the collection.
Parameter name: startIndex
   at System.String.IndexOf(String value, Int32 startIndex, Int32 count, StringComparison comparisonType)
   at System.String.IndexOf(String value, Int32 startIndex, StringComparison comparisonType)
   at TagCreator.ProfileAttributesControl.FindAndReplace(StringBuilder output, String search, String replacement) in C:\Users\DELL\Desktop\Automation Studio\Automation Studio\TagCreator\TagCreator\EngineeringView\ProfileAttributesControl.xaml.cs:line 1035
--------
10/04/2026 2:15:30 pm: System.ArgumentOutOfRangeException: Index was out of range. Must be non-negative and less than the size of the collection.
Parameter name: startIndex
   at System.String.IndexOf(String value, Int32 startIndex, Int32 count, StringComparison comparisonType)
   at System.String.IndexOf(String value, Int32 startIndex, StringComparison comparisonType)
   at TagCreator.ProfileAttributesControl.FindAndReplace(StringBuilder output, String search, String replacement) in C:\Users\DELL\Desktop\Automation Studio\Automation Studio\TagCreator\TagCreator\EngineeringView\ProfileAttributesControl.xaml.cs:line 1035
--------
10/04/2026 2:15:30 pm: System.ArgumentOutOfRangeException: Index was out of range. Must be non-negative and less than the size of the collection.
Parameter name: startIndex
   at System.String.IndexOf(String value, Int32 startIndex, Int32 count, StringComparison comparisonType)
   at System.String.IndexOf(String value, Int32 startIndex, StringComparison comparisonType)
   at TagCreator.ProfileAttributesControl.FindAndReplace(StringBuilder output, String search, String replacement) in C:\Users\DELL\Desktop\Automation Studio\Automation Studio\TagCreator\TagCreator\EngineeringView\ProfileAttributesControl.xaml.cs:line 1035
--------
10/04/2026 2:15:30 pm: System.ArgumentOutOfRangeException: Index was out of range. Must be non-negative and less than the size of the collection.
Parameter name: startIndex
   at System.String.IndexOf(String value, Int32 startIndex, Int32 count, StringComparison comparisonType)
   at System.String.IndexOf(String value, Int32 startIndex, StringComparison comparisonType)
   at TagCreator.ProfileAttributesControl.FindAndReplace(StringBuilder output, String search, String replacement) in C:\Users\DELL\Desktop\Automation Studio\Automation Studio\TagCreator\TagCreator\EngineeringView\ProfileAttributesControl.xaml.cs:line 1035
--------
10/04/2026 2:15:30 pm: System.ArgumentOutOfRangeException: Index was out of range. Must be non-negative and less than the size of the collection.
Parameter name: startIndex
   at System.String.IndexOf(String value, Int32 startIndex, Int32 count, StringComparison comparisonType)
   at System.String.IndexOf(String value, Int32 startIndex, StringComparison comparisonType)
   at TagCreator.ProfileAttributesControl.FindAndReplace(StringBuilder output, String search, String replacement) in C:\Users\DELL\Desktop\Automation Studio\Automation Studio\TagCreator\TagCreator\EngineeringView\ProfileAttributesControl.xaml.cs:line 1035
--------
10/04/2026 2:15:30 pm: System.ArgumentOutOfRangeException: Index was out of range. Must be non-negative and less than the size of the collection.
Parameter name: startIndex
   at System.String.IndexOf(String value, Int32 startIndex, Int32 count, StringComparison comparisonType)
   at System.String.IndexOf(String value, Int32 startIndex, StringComparison comparisonType)
   at TagCreator.ProfileAttributesControl.FindAndReplace(StringBuilder output, String search, String replacement) in C:\Users\DELL\Desktop\Automation Studio\Automation Studio\TagCreator\TagCreator\EngineeringView\ProfileAttributesControl.xaml.cs:line 1035
--------
10/04/2026 2:15:30 pm: System.ArgumentOutOfRangeException: Index was out of range. Must be non-negative and less than the size of the collection.
Parameter name: startIndex
   at System.String.IndexOf(String value, Int32 startIndex, Int32 count, StringComparison comparisonType)
   at System.String.IndexOf(String value, Int32 startIndex, StringComparison comparisonType)
   at TagCreator.ProfileAttributesControl.FindAndReplace(StringBuilder output, String search, String replacement) in C:\Users\DELL\Desktop\Automation Studio\Automation Studio\TagCreator\TagCreator\EngineeringView\ProfileAttributesControl.xaml.cs:line 1035
--------
10/04/2026 2:15:30 pm: System.ArgumentOutOfRangeException: Index was out of range. Must be non-negative and less than the size of the collection.
Parameter name: startIndex
   at System.String.IndexOf(String value, Int32 startIndex, Int32 count, StringComparison comparisonType)
   at System.String.IndexOf(String value, Int32 startIndex, StringComparison comparisonType)
   at TagCreator.ProfileAttributesControl.FindAndReplace(StringBuilder output, String search, String replacement) in C:\Users\DELL\Desktop\Automation Studio\Automation Studio\TagCreator\TagCreator\EngineeringView\ProfileAttributesControl.xaml.cs:line 1035
--------
10/04/2026 2:15:30 pm: System.ArgumentOutOfRangeException: Index was out of range. Must be non-negative and less than the size of the collection.
Parameter name: startIndex
   at System.String.IndexOf(String value, Int32 startIndex, Int32 count, StringComparison comparisonType)
   at System.String.IndexOf(String value, Int32 startIndex, StringComparison comparisonType)
   at TagCreator.ProfileAttributesControl.FindAndReplace(StringBuilder output, String search, String replacement) in C:\Users\DELL\Desktop\Automation Studio\Automation Studio\TagCreator\TagCreator\EngineeringView\ProfileAttributesControl.xaml.cs:line 1035
--------
10/04/2026 2:15:30 pm: System.ArgumentOutOfRangeException: Index was out of range. Must be non-negative and less than the size of the collection.
Parameter name: startIndex
   at System.String.IndexOf(String value, Int32 startIndex, Int32 count, StringComparison comparisonType)
   at System.String.IndexOf(String value, Int32 startIndex, StringComparison comparisonType)
   at TagCreator.ProfileAttributesControl.FindAndReplace(StringBuilder output, String search, String replacement) in C:\Users\DELL\Desktop\Automation Studio\Automation Studio\TagCreator\TagCreator\EngineeringView\ProfileAttributesControl.xaml.cs:line 1035
--------
10/04/2026 2:15:30 pm: System.ArgumentOutOfRangeException: Index was out of range. Must be non-negative and less than the size of the collection.
Parameter name: startIndex
   at System.String.IndexOf(String value, Int32 startIndex, Int32 count, StringComparison comparisonType)
   at System.String.IndexOf(String value, Int32 startIndex, StringComparison comparisonType)
   at TagCreator.ProfileAttributesControl.FindAndReplace(StringBuilder output, String search, String replacement) in C:\Users\DELL\Desktop\Automation Studio\Automation Studio\TagCreator\TagCreator\EngineeringView\ProfileAttributesControl.xaml.cs:line 1035
--------
10/04/2026 2:15:30 pm: System.ArgumentOutOfRangeException: Index was out of range. Must be non-negative and less than the size of the collection.
Parameter name: startIndex
   at System.String.IndexOf(String value, Int32 startIndex, Int32 count, StringComparison comparisonType)
   at System.String.IndexOf(String value, Int32 startIndex, StringComparison comparisonType)
   at TagCreator.ProfileAttributesControl.FindAndReplace(StringBuilder output, String search, String replacement) in C:\Users\DELL\Desktop\Automation Studio\Automation Studio\TagCreator\TagCreator\EngineeringView\ProfileAttributesControl.xaml.cs:line 1035
--------
10/04/2026 2:15:30 pm: System.ArgumentOutOfRangeException: Index was out of range. Must be non-negative and less than the size of the collection.
Parameter name: startIndex
   at System.String.IndexOf(String value, Int32 startIndex, Int32 count, StringComparison comparisonType)
   at System.String.IndexOf(String value, Int32 startIndex, StringComparison comparisonType)
   at TagCreator.ProfileAttributesControl.FindAndReplace(StringBuilder output, String search, String replacement) in C:\Users\DELL\Desktop\Automation Studio\Automation Studio\TagCreator\TagCreator\EngineeringView\ProfileAttributesControl.xaml.cs:line 1035
--------
10/04/2026 2:15:30 pm: System.ArgumentOutOfRangeException: Index was out of range. Must be non-negative and less than the size of the collection.
Parameter name: startIndex
   at System.String.IndexOf(String value, Int32 startIndex, Int32 count, StringComparison comparisonType)
   at System.String.IndexOf(String value, Int32 startIndex, StringComparison comparisonType)
   at TagCreator.ProfileAttributesControl.FindAndReplace(StringBuilder output, String search, String replacement) in C:\Users\DELL\Desktop\Automation Studio\Automation Studio\TagCreator\TagCreator\EngineeringView\ProfileAttributesControl.xaml.cs:line 1035
--------
10/04/2026 2:15:30 pm: System.ArgumentOutOfRangeException: Index was out of range. Must be non-negative and less than the size of the collection.
Parameter name: startIndex
   at System.String.IndexOf(String value, Int32 startIndex, Int32 count, StringComparison comparisonType)
   at System.String.IndexOf(String value, Int32 startIndex, StringComparison comparisonType)
   at TagCreator.ProfileAttributesControl.FindAndReplace(StringBuilder output, String search, String replacement) in C:\Users\DELL\Desktop\Automation Studio\Automation Studio\TagCreator\TagCreator\EngineeringView\ProfileAttributesControl.xaml.cs:line 1035
--------
10/04/2026 2:15:30 pm: System.ArgumentOutOfRangeException: Index was out of range. Must be non-negative and less than the size of the collection.
Parameter name: startIndex
   at System.String.IndexOf(String value, Int32 startIndex, Int32 count, StringComparison comparisonType)
   at System.String.IndexOf(String value, Int32 startIndex, StringComparison comparisonType)
   at TagCreator.ProfileAttributesControl.FindAndReplace(StringBuilder output, String search, String replacement) in C:\Users\DELL\Desktop\Automation Studio\Automation Studio\TagCreator\TagCreator\EngineeringView\ProfileAttributesControl.xaml.cs:line 1035
--------
10/04/2026 2:15:30 pm: System.ArgumentOutOfRangeException: Index was out of range. Must be non-negative and less than the size of the collection.
Parameter name: startIndex
   at System.String.IndexOf(String value, Int32 startIndex, Int32 count, StringComparison comparisonType)
   at System.String.IndexOf(String value, Int32 startIndex, StringComparison comparisonType)
   at TagCreator.ProfileAttributesControl.FindAndReplace(StringBuilder output, String search, String replacement) in C:\Users\DELL\Desktop\Automation Studio\Automation Studio\TagCreator\TagCreator\EngineeringView\ProfileAttributesControl.xaml.cs:line 1035
--------
10/04/2026 2:15:30 pm: System.ArgumentOutOfRangeException: Index was out of range. Must be non-negative and less than the size of the collection.
Parameter name: startIndex
   at System.String.IndexOf(String value, Int32 startIndex, Int32 count, StringComparison comparisonType)
   at System.String.IndexOf(String value, Int32 startIndex, StringComparison comparisonType)
   at TagCreator.ProfileAttributesControl.FindAndReplace(StringBuilder output, String search, String replacement) in C:\Users\DELL\Desktop\Automation Studio\Automation Studio\TagCreator\TagCreator\EngineeringView\ProfileAttributesControl.xaml.cs:line 1035
--------
10/04/2026 2:15:30 pm: System.ArgumentOutOfRangeException: Index was out of range. Must be non-negative and less than the size of the collection.
Parameter name: startIndex
   at System.String.IndexOf(String value, Int32 startIndex, Int32 count, StringComparison comparisonType)
   at System.String.IndexOf(String value, Int32 startIndex, StringComparison comparisonType)
   at TagCreator.ProfileAttributesControl.FindAndReplace(StringBuilder output, String search, String replacement) in C:\Users\DELL\Desktop\Automation Studio\Automation Studio\TagCreator\TagCreator\EngineeringView\ProfileAttributesControl.xaml.cs:line 1035
--------
10/04/2026 2:15:30 pm: System.ArgumentOutOfRangeException: Index was out of range. Must be non-negative and less than the size of the collection.
Parameter name: startIndex
   at System.String.IndexOf(String value, Int32 startIndex, Int32 count, StringComparison comparisonType)
   at System.String.IndexOf(String value, Int32 startIndex, StringComparison comparisonType)
   at TagCreator.ProfileAttributesControl.FindAndReplace(StringBuilder output, String search, String replacement) in C:\Users\DELL\Desktop\Automation Studio\Automation Studio\TagCreator\TagCreator\EngineeringView\ProfileAttributesControl.xaml.cs:line 1035
--------
10/04/2026 2:15:30 pm: System.ArgumentOutOfRangeException: Index was out of range. Must be non-negative and less than the size of the collection.
Parameter name: startIndex
   at System.String.IndexOf(String value, Int32 startIndex, Int32 count, StringComparison comparisonType)
   at System.String.IndexOf(String value, Int32 startIndex, StringComparison comparisonType)
   at TagCreator.ProfileAttributesControl.FindAndReplace(StringBuilder output, String search, String replacement) in C:\Users\DELL\Desktop\Automation Studio\Automation Studio\TagCreator\TagCreator\EngineeringView\ProfileAttributesControl.xaml.cs:line 1035
--------
10/04/2026 2:15:30 pm: System.ArgumentOutOfRangeException: Index was out of range. Must be non-negative and less than the size of the collection.
Parameter name: startIndex
   at System.String.IndexOf(String value, Int32 startIndex, Int32 count, StringComparison comparisonType)
   at System.String.IndexOf(String value, Int32 startIndex, StringComparison comparisonType)
   at TagCreator.ProfileAttributesControl.FindAndReplace(StringBuilder output, String search, String replacement) in C:\Users\DELL\Desktop\Automation Studio\Automation Studio\TagCreator\TagCreator\EngineeringView\ProfileAttributesControl.xaml.cs:line 1035
--------
10/04/2026 2:15:30 pm: System.ArgumentOutOfRangeException: Index was out of range. Must be non-negative and less than the size of the collection.
Parameter name: startIndex
   at System.String.IndexOf(String value, Int32 startIndex, Int32 count, StringComparison comparisonType)
   at System.String.IndexOf(String value, Int32 startIndex, StringComparison comparisonType)
   at TagCreator.ProfileAttributesControl.FindAndReplace(StringBuilder output, String search, String replacement) in C:\Users\DELL\Desktop\Automation Studio\Automation Studio\TagCreator\TagCreator\EngineeringView\ProfileAttributesControl.xaml.cs:line 1035
--------
10/04/2026 2:15:30 pm: System.ArgumentOutOfRangeException: Index was out of range. Must be non-negative and less than the size of the collection.
Parameter name: startIndex
   at System.String.IndexOf(String value, Int32 startIndex, Int32 count, StringComparison comparisonType)
   at System.String.IndexOf(String value, Int32 startIndex, StringComparison comparisonType)
   at TagCreator.ProfileAttributesControl.FindAndReplace(StringBuilder output, String search, String replacement) in C:\Users\DELL\Desktop\Automation Studio\Automation Studio\TagCreator\TagCreator\EngineeringView\ProfileAttributesControl.xaml.cs:line 1035
--------
10/04/2026 2:15:30 pm: System.ArgumentOutOfRangeException: Index was out of range. Must be non-negative and less than the size of the collection.
Parameter name: startIndex
   at System.String.IndexOf(String value, Int32 startIndex, Int32 count, StringComparison comparisonType)
   at System.String.IndexOf(String value, Int32 startIndex, StringComparison comparisonType)
   at TagCreator.ProfileAttributesControl.FindAndReplace(StringBuilder output, String search, String replacement) in C:\Users\DELL\Desktop\Automation Studio\Automation Studio\TagCreator\TagCreator\EngineeringView\ProfileAttributesControl.xaml.cs:line 1035
--------
10/04/2026 2:15:30 pm: System.ArgumentOutOfRangeException: Index was out of range. Must be non-negative and less than the size of the collection.
Parameter name: startIndex
   at System.String.IndexOf(String value, Int32 startIndex, Int32 count, StringComparison comparisonType)
   at System.String.IndexOf(String value, Int32 startIndex, StringComparison comparisonType)
   at TagCreator.ProfileAttributesControl.FindAndReplace(StringBuilder output, String search, String replacement) in C:\Users\DELL\Desktop\Automation Studio\Automation Studio\TagCreator\TagCreator\EngineeringView\ProfileAttributesControl.xaml.cs:line 1035
--------
10/04/2026 2:15:30 pm: System.ArgumentOutOfRangeException: Index was out of range. Must be non-negative and less than the size of the collection.
Parameter name: startIndex
   at System.String.IndexOf(String value, Int32 startIndex, Int32 count, StringComparison comparisonType)
   at System.String.IndexOf(String value, Int32 startIndex, StringComparison comparisonType)
   at TagCreator.ProfileAttributesControl.FindAndReplace(StringBuilder output, String search, String replacement) in C:\Users\DELL\Desktop\Automation Studio\Automation Studio\TagCreator\TagCreator\EngineeringView\ProfileAttributesControl.xaml.cs:line 1035
--------
10/04/2026 2:15:30 pm: System.ArgumentOutOfRangeException: Index was out of range. Must be non-negative and less than the size of the collection.
Parameter name: startIndex
   at System.String.IndexOf(String value, Int32 startIndex, Int32 count, StringComparison comparisonType)
   at System.String.IndexOf(String value, Int32 startIndex, StringComparison comparisonType)
   at TagCreator.ProfileAttributesControl.FindAndReplace(StringBuilder output, String search, String replacement) in C:\Users\DELL\Desktop\Automation Studio\Automation Studio\TagCreator\TagCreator\EngineeringView\ProfileAttributesControl.xaml.cs:line 1035
--------
10/04/2026 2:15:30 pm: System.ArgumentOutOfRangeException: Index was out of range. Must be non-negative and less than the size of the collection.
Parameter name: startIndex
   at System.String.IndexOf(String value, Int32 startIndex, Int32 count, StringComparison comparisonType)
   at System.String.IndexOf(String value, Int32 startIndex, StringComparison comparisonType)
   at TagCreator.ProfileAttributesControl.FindAndReplace(StringBuilder output, String search, String replacement) in C:\Users\DELL\Desktop\Automation Studio\Automation Studio\TagCreator\TagCreator\EngineeringView\ProfileAttributesControl.xaml.cs:line 1035
--------
10/04/2026 2:15:30 pm: System.ArgumentOutOfRangeException: Index was out of range. Must be non-negative and less than the size of the collection.
Parameter name: startIndex
   at System.String.IndexOf(String value, Int32 startIndex, Int32 count, StringComparison comparisonType)
   at System.String.IndexOf(String value, Int32 startIndex, StringComparison comparisonType)
   at TagCreator.ProfileAttributesControl.FindAndReplace(StringBuilder output, String search, String replacement) in C:\Users\DELL\Desktop\Automation Studio\Automation Studio\TagCreator\TagCreator\EngineeringView\ProfileAttributesControl.xaml.cs:line 1035
--------
10/04/2026 2:15:30 pm: System.ArgumentOutOfRangeException: Index was out of range. Must be non-negative and less than the size of the collection.
Parameter name: startIndex
   at System.String.IndexOf(String value, Int32 startIndex, Int32 count, StringComparison comparisonType)
   at System.String.IndexOf(String value, Int32 startIndex, StringComparison comparisonType)
   at TagCreator.ProfileAttributesControl.FindAndReplace(StringBuilder output, String search, String replacement) in C:\Users\DELL\Desktop\Automation Studio\Automation Studio\TagCreator\TagCreator\EngineeringView\ProfileAttributesControl.xaml.cs:line 1035
--------
10/04/2026 2:15:30 pm: System.ArgumentOutOfRangeException: Index was out of range. Must be non-negative and less than the size of the collection.
Parameter name: startIndex
   at System.String.IndexOf(String value, Int32 startIndex, Int32 count, StringComparison comparisonType)
   at System.String.IndexOf(String value, Int32 startIndex, StringComparison comparisonType)
   at TagCreator.ProfileAttributesControl.FindAndReplace(StringBuilder output, String search, String replacement) in C:\Users\DELL\Desktop\Automation Studio\Automation Studio\TagCreator\TagCreator\EngineeringView\ProfileAttributesControl.xaml.cs:line 1035
--------
10/04/2026 2:15:30 pm: System.ArgumentOutOfRangeException: Index was out of range. Must be non-negative and less than the size of the collection.
Parameter name: startIndex
   at System.String.IndexOf(String value, Int32 startIndex, Int32 count, StringComparison comparisonType)
   at System.String.IndexOf(String value, Int32 startIndex, StringComparison comparisonType)
   at TagCreator.ProfileAttributesControl.FindAndReplace(StringBuilder output, String search, String replacement) in C:\Users\DELL\Desktop\Automation Studio\Automation Studio\TagCreator\TagCreator\EngineeringView\ProfileAttributesControl.xaml.cs:line 1035
--------
10/04/2026 2:15:30 pm: System.ArgumentOutOfRangeException: Index was out of range. Must be non-negative and less than the size of the collection.
Parameter name: startIndex
   at System.String.IndexOf(String value, Int32 startIndex, Int32 count, StringComparison comparisonType)
   at System.String.IndexOf(String value, Int32 startIndex, StringComparison comparisonType)
   at TagCreator.ProfileAttributesControl.FindAndReplace(StringBuilder output, String search, String replacement) in C:\Users\DELL\Desktop\Automation Studio\Automation Studio\TagCreator\TagCreator\EngineeringView\ProfileAttributesControl.xaml.cs:line 1035
--------
10/04/2026 2:15:30 pm: System.ArgumentOutOfRangeException: Index was out of range. Must be non-negative and less than the size of the collection.
Parameter name: startIndex
   at System.String.IndexOf(String value, Int32 startIndex, Int32 count, StringComparison comparisonType)
   at System.String.IndexOf(String value, Int32 startIndex, StringComparison comparisonType)
   at TagCreator.ProfileAttributesControl.FindAndReplace(StringBuilder output, String search, String replacement) in C:\Users\DELL\Desktop\Automation Studio\Automation Studio\TagCreator\TagCreator\EngineeringView\ProfileAttributesControl.xaml.cs:line 1035
--------
10/04/2026 2:15:30 pm: System.ArgumentOutOfRangeException: Index was out of range. Must be non-negative and less than the size of the collection.
Parameter name: startIndex
   at System.String.IndexOf(String value, Int32 startIndex, Int32 count, StringComparison comparisonType)
   at System.String.IndexOf(String value, Int32 startIndex, StringComparison comparisonType)
   at TagCreator.ProfileAttributesControl.FindAndReplace(StringBuilder output, String search, String replacement) in C:\Users\DELL\Desktop\Automation Studio\Automation Studio\TagCreator\TagCreator\EngineeringView\ProfileAttributesControl.xaml.cs:line 1035
--------
10/04/2026 2:15:30 pm: System.ArgumentOutOfRangeException: Index was out of range. Must be non-negative and less than the size of the collection.
Parameter name: startIndex
   at System.String.IndexOf(String value, Int32 startIndex, Int32 count, StringComparison comparisonType)
   at System.String.IndexOf(String value, Int32 startIndex, StringComparison comparisonType)
   at TagCreator.ProfileAttributesControl.FindAndReplace(StringBuilder output, String search, String replacement) in C:\Users\DELL\Desktop\Automation Studio\Automation Studio\TagCreator\TagCreator\EngineeringView\ProfileAttributesControl.xaml.cs:line 1035
--------
10/04/2026 2:15:30 pm: System.ArgumentOutOfRangeException: Index was out of range. Must be non-negative and less than the size of the collection.
Parameter name: startIndex
   at System.String.IndexOf(String value, Int32 startIndex, Int32 count, StringComparison comparisonType)
   at System.String.IndexOf(String value, Int32 startIndex, StringComparison comparisonType)
   at TagCreator.ProfileAttributesControl.FindAndReplace(StringBuilder output, String search, String replacement) in C:\Users\DELL\Desktop\Automation Studio\Automation Studio\TagCreator\TagCreator\EngineeringView\ProfileAttributesControl.xaml.cs:line 1035
--------
10/04/2026 2:15:30 pm: System.ArgumentOutOfRangeException: Index was out of range. Must be non-negative and less than the size of the collection.
Parameter name: startIndex
   at System.String.IndexOf(String value, Int32 startIndex, Int32 count, StringComparison comparisonType)
   at System.String.IndexOf(String value, Int32 startIndex, StringComparison comparisonType)
   at TagCreator.ProfileAttributesControl.FindAndReplace(StringBuilder output, String search, String replacement) in C:\Users\DELL\Desktop\Automation Studio\Automation Studio\TagCreator\TagCreator\EngineeringView\ProfileAttributesControl.xaml.cs:line 1035
--------
10/04/2026 2:15:30 pm: System.ArgumentOutOfRangeException: Index was out of range. Must be non-negative and less than the size of the collection.
Parameter name: startIndex
   at System.String.IndexOf(String value, Int32 startIndex, Int32 count, StringComparison comparisonType)
   at System.String.IndexOf(String value, Int32 startIndex, StringComparison comparisonType)
   at TagCreator.ProfileAttributesControl.FindAndReplace(StringBuilder output, String search, String replacement) in C:\Users\DELL\Desktop\Automation Studio\Automation Studio\TagCreator\TagCreator\EngineeringView\ProfileAttributesControl.xaml.cs:line 1035
--------
10/04/2026 2:15:30 pm: System.ArgumentOutOfRangeException: Index was out of range. Must be non-negative and less than the size of the collection.
Parameter name: startIndex
   at System.String.IndexOf(String value, Int32 startIndex, Int32 count, StringComparison comparisonType)
   at System.String.IndexOf(String value, Int32 startIndex, StringComparison comparisonType)
   at TagCreator.ProfileAttributesControl.FindAndReplace(StringBuilder output, String search, String replacement) in C:\Users\DELL\Desktop\Automation Studio\Automation Studio\TagCreator\TagCreator\EngineeringView\ProfileAttributesControl.xaml.cs:line 1035
--------
10/04/2026 2:15:30 pm: System.ArgumentOutOfRangeException: Index was out of range. Must be non-negative and less than the size of the collection.
Parameter name: startIndex
   at System.String.IndexOf(String value, Int32 startIndex, Int32 count, StringComparison comparisonType)
   at System.String.IndexOf(String value, Int32 startIndex, StringComparison comparisonType)
   at TagCreator.ProfileAttributesControl.FindAndReplace(StringBuilder output, String search, String replacement) in C:\Users\DELL\Desktop\Automation Studio\Automation Studio\TagCreator\TagCreator\EngineeringView\ProfileAttributesControl.xaml.cs:line 1035
--------
10/04/2026 2:15:30 pm: System.ArgumentOutOfRangeException: Index was out of range. Must be non-negative and less than the size of the collection.
Parameter name: startIndex
   at System.String.IndexOf(String value, Int32 startIndex, Int32 count, StringComparison comparisonType)
   at System.String.IndexOf(String value, Int32 startIndex, StringComparison comparisonType)
   at TagCreator.ProfileAttributesControl.FindAndReplace(StringBuilder output, String search, String replacement) in C:\Users\DELL\Desktop\Automation Studio\Automation Studio\TagCreator\TagCreator\EngineeringView\ProfileAttributesControl.xaml.cs:line 1035
--------
10/04/2026 2:15:30 pm: System.ArgumentOutOfRangeException: Index was out of range. Must be non-negative and less than the size of the collection.
Parameter name: startIndex
   at System.String.IndexOf(String value, Int32 startIndex, Int32 count, StringComparison comparisonType)
   at System.String.IndexOf(String value, Int32 startIndex, StringComparison comparisonType)
   at TagCreator.ProfileAttributesControl.FindAndReplace(StringBuilder output, String search, String replacement) in C:\Users\DELL\Desktop\Automation Studio\Automation Studio\TagCreator\TagCreator\EngineeringView\ProfileAttributesControl.xaml.cs:line 1035
--------
10/04/2026 2:15:30 pm: System.ArgumentOutOfRangeException: Index was out of range. Must be non-negative and less than the size of the collection.
Parameter name: startIndex
   at System.String.IndexOf(String value, Int32 startIndex, Int32 count, StringComparison comparisonType)
   at System.String.IndexOf(String value, Int32 startIndex, StringComparison comparisonType)
   at TagCreator.ProfileAttributesControl.FindAndReplace(StringBuilder output, String search, String replacement) in C:\Users\DELL\Desktop\Automation Studio\Automation Studio\TagCreator\TagCreator\EngineeringView\ProfileAttributesControl.xaml.cs:line 1035
--------
10/04/2026 2:15:30 pm: System.ArgumentOutOfRangeException: Index was out of range. Must be non-negative and less than the size of the collection.
Parameter name: startIndex
   at System.String.IndexOf(String value, Int32 startIndex, Int32 count, StringComparison comparisonType)
   at System.String.IndexOf(String value, Int32 startIndex, StringComparison comparisonType)
   at TagCreator.ProfileAttributesControl.FindAndReplace(StringBuilder output, String search, String replacement) in C:\Users\DELL\Desktop\Automation Studio\Automation Studio\TagCreator\TagCreator\EngineeringView\ProfileAttributesControl.xaml.cs:line 1035
--------
10/04/2026 2:15:30 pm: System.ArgumentOutOfRangeException: Index was out of range. Must be non-negative and less than the size of the collection.
Parameter name: startIndex
   at System.String.IndexOf(String value, Int32 startIndex, Int32 count, StringComparison comparisonType)
   at System.String.IndexOf(String value, Int32 startIndex, StringComparison comparisonType)
   at TagCreator.ProfileAttributesControl.FindAndReplace(StringBuilder output, String search, String replacement) in C:\Users\DELL\Desktop\Automation Studio\Automation Studio\TagCreator\TagCreator\EngineeringView\ProfileAttributesControl.xaml.cs:line 1035
--------
10/04/2026 2:15:30 pm: System.ArgumentOutOfRangeException: Index was out of range. Must be non-negative and less than the size of the collection.
Parameter name: startIndex
   at System.String.IndexOf(String value, Int32 startIndex, Int32 count, StringComparison comparisonType)
   at System.String.IndexOf(String value, Int32 startIndex, StringComparison comparisonType)
   at TagCreator.ProfileAttributesControl.FindAndReplace(StringBuilder output, String search, String replacement) in C:\Users\DELL\Desktop\Automation Studio\Automation Studio\TagCreator\TagCreator\EngineeringView\ProfileAttributesControl.xaml.cs:line 1035
--------
10/04/2026 2:15:30 pm: System.ArgumentOutOfRangeException: Index was out of range. Must be non-negative and less than the size of the collection.
Parameter name: startIndex
   at System.String.IndexOf(String value, Int32 startIndex, Int32 count, StringComparison comparisonType)
   at System.String.IndexOf(String value, Int32 startIndex, StringComparison comparisonType)
   at TagCreator.ProfileAttributesControl.FindAndReplace(StringBuilder output, String search, String replacement) in C:\Users\DELL\Desktop\Automation Studio\Automation Studio\TagCreator\TagCreator\EngineeringView\ProfileAttributesControl.xaml.cs:line 1035
--------
10/04/2026 2:15:30 pm: System.ArgumentOutOfRangeException: Index was out of range. Must be non-negative and less than the size of the collection.
Parameter name: startIndex
   at System.String.IndexOf(String value, Int32 startIndex, Int32 count, StringComparison comparisonType)
   at System.String.IndexOf(String value, Int32 startIndex, StringComparison comparisonType)
   at TagCreator.ProfileAttributesControl.FindAndReplace(StringBuilder output, String search, String replacement) in C:\Users\DELL\Desktop\Automation Studio\Automation Studio\TagCreator\TagCreator\EngineeringView\ProfileAttributesControl.xaml.cs:line 1035
--------
10/04/2026 2:15:30 pm: System.ArgumentOutOfRangeException: Index was out of range. Must be non-negative and less than the size of the collection.
Parameter name: startIndex
   at System.String.IndexOf(String value, Int32 startIndex, Int32 count, StringComparison comparisonType)
   at System.String.IndexOf(String value, Int32 startIndex, StringComparison comparisonType)
   at TagCreator.ProfileAttributesControl.FindAndReplace(StringBuilder output, String search, String replacement) in C:\Users\DELL\Desktop\Automation Studio\Automation Studio\TagCreator\TagCreator\EngineeringView\ProfileAttributesControl.xaml.cs:line 1035
--------
10/04/2026 2:15:30 pm: System.ArgumentOutOfRangeException: Index was out of range. Must be non-negative and less than the size of the collection.
Parameter name: startIndex
   at System.String.IndexOf(String value, Int32 startIndex, Int32 count, StringComparison comparisonType)
   at System.String.IndexOf(String value, Int32 startIndex, StringComparison comparisonType)
   at TagCreator.ProfileAttributesControl.FindAndReplace(StringBuilder output, String search, String replacement) in C:\Users\DELL\Desktop\Automation Studio\Automation Studio\TagCreator\TagCreator\EngineeringView\ProfileAttributesControl.xaml.cs:line 1035
--------
10/04/2026 2:15:30 pm: System.ArgumentOutOfRangeException: Index was out of range. Must be non-negative and less than the size of the collection.
Parameter name: startIndex
   at System.String.IndexOf(String value, Int32 startIndex, Int32 count, StringComparison comparisonType)
   at System.String.IndexOf(String value, Int32 startIndex, StringComparison comparisonType)
   at TagCreator.ProfileAttributesControl.FindAndReplace(StringBuilder output, String search, String replacement) in C:\Users\DELL\Desktop\Automation Studio\Automation Studio\TagCreator\TagCreator\EngineeringView\ProfileAttributesControl.xaml.cs:line 1035
--------
10/04/2026 2:15:30 pm: System.ArgumentOutOfRangeException: Index was out of range. Must be non-negative and less than the size of the collection.
Parameter name: startIndex
   at System.String.IndexOf(String value, Int32 startIndex, Int32 count, StringComparison comparisonType)
   at System.String.IndexOf(String value, Int32 startIndex, StringComparison comparisonType)
   at TagCreator.ProfileAttributesControl.FindAndReplace(StringBuilder output, String search, String replacement) in C:\Users\DELL\Desktop\Automation Studio\Automation Studio\TagCreator\TagCreator\EngineeringView\ProfileAttributesControl.xaml.cs:line 1035
--------
10/04/2026 2:15:30 pm: System.ArgumentOutOfRangeException: Index was out of range. Must be non-negative and less than the size of the collection.
Parameter name: startIndex
   at System.String.IndexOf(String value, Int32 startIndex, Int32 count, StringComparison comparisonType)
   at System.String.IndexOf(String value, Int32 startIndex, StringComparison comparisonType)
   at TagCreator.ProfileAttributesControl.FindAndReplace(StringBuilder output, String search, String replacement) in C:\Users\DELL\Desktop\Automation Studio\Automation Studio\TagCreator\TagCreator\EngineeringView\ProfileAttributesControl.xaml.cs:line 1035
--------
10/04/2026 2:15:30 pm: System.ArgumentOutOfRangeException: Index was out of range. Must be non-negative and less than the size of the collection.
Parameter name: startIndex
   at System.String.IndexOf(String value, Int32 startIndex, Int32 count, StringComparison comparisonType)
   at System.String.IndexOf(String value, Int32 startIndex, StringComparison comparisonType)
   at TagCreator.ProfileAttributesControl.FindAndReplace(StringBuilder output, String search, String replacement) in C:\Users\DELL\Desktop\Automation Studio\Automation Studio\TagCreator\TagCreator\EngineeringView\ProfileAttributesControl.xaml.cs:line 1035
--------
10/04/2026 2:15:30 pm: System.ArgumentOutOfRangeException: Index was out of range. Must be non-negative and less than the size of the collection.
Parameter name: startIndex
   at System.String.IndexOf(String value, Int32 startIndex, Int32 count, StringComparison comparisonType)
   at System.String.IndexOf(String value, Int32 startIndex, StringComparison comparisonType)
   at TagCreator.ProfileAttributesControl.FindAndReplace(StringBuilder output, String search, String replacement) in C:\Users\DELL\Desktop\Automation Studio\Automation Studio\TagCreator\TagCreator\EngineeringView\ProfileAttributesControl.xaml.cs:line 1035
--------
10/04/2026 2:15:30 pm: System.ArgumentOutOfRangeException: Index was out of range. Must be non-negative and less than the size of the collection.
Parameter name: startIndex
   at System.String.IndexOf(String value, Int32 startIndex, Int32 count, StringComparison comparisonType)
   at System.String.IndexOf(String value, Int32 startIndex, StringComparison comparisonType)
   at TagCreator.ProfileAttributesControl.FindAndReplace(StringBuilder output, String search, String replacement) in C:\Users\DELL\Desktop\Automation Studio\Automation Studio\TagCreator\TagCreator\EngineeringView\ProfileAttributesControl.xaml.cs:line 1035
--------
10/04/2026 2:15:30 pm: System.ArgumentOutOfRangeException: Index was out of range. Must be non-negative and less than the size of the collection.
Parameter name: startIndex
   at System.String.IndexOf(String value, Int32 startIndex, Int32 count, StringComparison comparisonType)
   at System.String.IndexOf(String value, Int32 startIndex, StringComparison comparisonType)
   at TagCreator.ProfileAttributesControl.FindAndReplace(StringBuilder output, String search, String replacement) in C:\Users\DELL\Desktop\Automation Studio\Automation Studio\TagCreator\TagCreator\EngineeringView\ProfileAttributesControl.xaml.cs:line 1035
--------
10/04/2026 2:15:30 pm: System.ArgumentOutOfRangeException: Index was out of range. Must be non-negative and less than the size of the collection.
Parameter name: startIndex
   at System.String.IndexOf(String value, Int32 startIndex, Int32 count, StringComparison comparisonType)
   at System.String.IndexOf(String value, Int32 startIndex, StringComparison comparisonType)
   at TagCreator.ProfileAttributesControl.FindAndReplace(StringBuilder output, String search, String replacement) in C:\Users\DELL\Desktop\Automation Studio\Automation Studio\TagCreator\TagCreator\EngineeringView\ProfileAttributesControl.xaml.cs:line 1035
--------
10/04/2026 2:15:30 pm: System.ArgumentOutOfRangeException: Index was out of range. Must be non-negative and less than the size of the collection.
Parameter name: startIndex
   at System.String.IndexOf(String value, Int32 startIndex, Int32 count, StringComparison comparisonType)
   at System.String.IndexOf(String value, Int32 startIndex, StringComparison comparisonType)
   at TagCreator.ProfileAttributesControl.FindAndReplace(StringBuilder output, String search, String replacement) in C:\Users\DELL\Desktop\Automation Studio\Automation Studio\TagCreator\TagCreator\EngineeringView\ProfileAttributesControl.xaml.cs:line 1035
--------
10/04/2026 2:15:30 pm: System.ArgumentOutOfRangeException: Index was out of range. Must be non-negative and less than the size of the collection.
Parameter name: startIndex
   at System.String.IndexOf(String value, Int32 startIndex, Int32 count, StringComparison comparisonType)
   at System.String.IndexOf(String value, Int32 startIndex, StringComparison comparisonType)
   at TagCreator.ProfileAttributesControl.FindAndReplace(StringBuilder output, String search, String replacement) in C:\Users\DELL\Desktop\Automation Studio\Automation Studio\TagCreator\TagCreator\EngineeringView\ProfileAttributesControl.xaml.cs:line 1035
--------
10/04/2026 2:15:30 pm: System.ArgumentOutOfRangeException: Index was out of range. Must be non-negative and less than the size of the collection.
Parameter name: startIndex
   at System.String.IndexOf(String value, Int32 startIndex, Int32 count, StringComparison comparisonType)
   at System.String.IndexOf(String value, Int32 startIndex, StringComparison comparisonType)
   at TagCreator.ProfileAttributesControl.FindAndReplace(StringBuilder output, String search, String replacement) in C:\Users\DELL\Desktop\Automation Studio\Automation Studio\TagCreator\TagCreator\EngineeringView\ProfileAttributesControl.xaml.cs:line 1035
--------
10/04/2026 2:15:30 pm: System.ArgumentOutOfRangeException: Index was out of range. Must be non-negative and less than the size of the collection.
Parameter name: startIndex
   at System.String.IndexOf(String value, Int32 startIndex, Int32 count, StringComparison comparisonType)
   at System.String.IndexOf(String value, Int32 startIndex, StringComparison comparisonType)
   at TagCreator.ProfileAttributesControl.FindAndReplace(StringBuilder output, String search, String replacement) in C:\Users\DELL\Desktop\Automation Studio\Automation Studio\TagCreator\TagCreator\EngineeringView\ProfileAttributesControl.xaml.cs:line 1035
--------
10/04/2026 2:15:30 pm: System.ArgumentOutOfRangeException: Index was out of range. Must be non-negative and less than the size of the collection.
Parameter name: startIndex
   at System.String.IndexOf(String value, Int32 startIndex, Int32 count, StringComparison comparisonType)
   at System.String.IndexOf(String value, Int32 startIndex, StringComparison comparisonType)
   at TagCreator.ProfileAttributesControl.FindAndReplace(StringBuilder output, String search, String replacement) in C:\Users\DELL\Desktop\Automation Studio\Automation Studio\TagCreator\TagCreator\EngineeringView\ProfileAttributesControl.xaml.cs:line 1035
--------
10/04/2026 2:15:30 pm: System.ArgumentOutOfRangeException: Index was out of range. Must be non-negative and less than the size of the collection.
Parameter name: startIndex
   at System.String.IndexOf(String value, Int32 startIndex, Int32 count, StringComparison comparisonType)
   at System.String.IndexOf(String value, Int32 startIndex, StringComparison comparisonType)
   at TagCreator.ProfileAttributesControl.FindAndReplace(StringBuilder output, String search, String replacement) in C:\Users\DELL\Desktop\Automation Studio\Automation Studio\TagCreator\TagCreator\EngineeringView\ProfileAttributesControl.xaml.cs:line 1035
--------
10/04/2026 2:15:30 pm: System.ArgumentOutOfRangeException: Index was out of range. Must be non-negative and less than the size of the collection.
Parameter name: startIndex
   at System.String.IndexOf(String value, Int32 startIndex, Int32 count, StringComparison comparisonType)
   at System.String.IndexOf(String value, Int32 startIndex, StringComparison comparisonType)
   at TagCreator.ProfileAttributesControl.FindAndReplace(StringBuilder output, String search, String replacement) in C:\Users\DELL\Desktop\Automation Studio\Automation Studio\TagCreator\TagCreator\EngineeringView\ProfileAttributesControl.xaml.cs:line 1035
--------
10/04/2026 2:15:30 pm: System.ArgumentOutOfRangeException: Index was out of range. Must be non-negative and less than the size of the collection.
Parameter name: startIndex
   at System.String.IndexOf(String value, Int32 startIndex, Int32 count, StringComparison comparisonType)
   at System.String.IndexOf(String value, Int32 startIndex, StringComparison comparisonType)
   at TagCreator.ProfileAttributesControl.FindAndReplace(StringBuilder output, String search, String replacement) in C:\Users\DELL\Desktop\Automation Studio\Automation Studio\TagCreator\TagCreator\EngineeringView\ProfileAttributesControl.xaml.cs:line 1035
--------
10/04/2026 2:15:30 pm: System.ArgumentOutOfRangeException: Index was out of range. Must be non-negative and less than the size of the collection.
Parameter name: startIndex
   at System.String.IndexOf(String value, Int32 startIndex, Int32 count, StringComparison comparisonType)
   at System.String.IndexOf(String value, Int32 startIndex, StringComparison comparisonType)
   at TagCreator.ProfileAttributesControl.FindAndReplace(StringBuilder output, String search, String replacement) in C:\Users\DELL\Desktop\Automation Studio\Automation Studio\TagCreator\TagCreator\EngineeringView\ProfileAttributesControl.xaml.cs:line 1035
--------
10/04/2026 2:15:30 pm: System.ArgumentOutOfRangeException: Index was out of range. Must be non-negative and less than the size of the collection.
Parameter name: startIndex
   at System.String.IndexOf(String value, Int32 startIndex, Int32 count, StringComparison comparisonType)
   at System.String.IndexOf(String value, Int32 startIndex, StringComparison comparisonType)
   at TagCreator.ProfileAttributesControl.FindAndReplace(StringBuilder output, String search, String replacement) in C:\Users\DELL\Desktop\Automation Studio\Automation Studio\TagCreator\TagCreator\EngineeringView\ProfileAttributesControl.xaml.cs:line 1035
--------
10/04/2026 2:15:30 pm: System.ArgumentOutOfRangeException: Index was out of range. Must be non-negative and less than the size of the collection.
Parameter name: startIndex
   at System.String.IndexOf(String value, Int32 startIndex, Int32 count, StringComparison comparisonType)
   at System.String.IndexOf(String value, Int32 startIndex, StringComparison comparisonType)
   at TagCreator.ProfileAttributesControl.FindAndReplace(StringBuilder output, String search, String replacement) in C:\Users\DELL\Desktop\Automation Studio\Automation Studio\TagCreator\TagCreator\EngineeringView\ProfileAttributesControl.xaml.cs:line 1035
--------
10/04/2026 2:15:30 pm: System.ArgumentOutOfRangeException: Index was out of range. Must be non-negative and less than the size of the collection.
Parameter name: startIndex
   at System.String.IndexOf(String value, Int32 startIndex, Int32 count, StringComparison comparisonType)
   at System.String.IndexOf(String value, Int32 startIndex, StringComparison comparisonType)
   at TagCreator.ProfileAttributesControl.FindAndReplace(StringBuilder output, String search, String replacement) in C:\Users\DELL\Desktop\Automation Studio\Automation Studio\TagCreator\TagCreator\EngineeringView\ProfileAttributesControl.xaml.cs:line 1035
--------
10/04/2026 2:15:30 pm: System.ArgumentOutOfRangeException: Index was out of range. Must be non-negative and less than the size of the collection.
Parameter name: startIndex
   at System.String.IndexOf(String value, Int32 startIndex, Int32 count, StringComparison comparisonType)
   at System.String.IndexOf(String value, Int32 startIndex, StringComparison comparisonType)
   at TagCreator.ProfileAttributesControl.FindAndReplace(StringBuilder output, String search, String replacement) in C:\Users\DELL\Desktop\Automation Studio\Automation Studio\TagCreator\TagCreator\EngineeringView\ProfileAttributesControl.xaml.cs:line 1035
--------
10/04/2026 2:15:30 pm: System.ArgumentOutOfRangeException: Index was out of range. Must be non-negative and less than the size of the collection.
Parameter name: startIndex
   at System.String.IndexOf(String value, Int32 startIndex, Int32 count, StringComparison comparisonType)
   at System.String.IndexOf(String value, Int32 startIndex, StringComparison comparisonType)
   at TagCreator.ProfileAttributesControl.FindAndReplace(StringBuilder output, String search, String replacement) in C:\Users\DELL\Desktop\Automation Studio\Automation Studio\TagCreator\TagCreator\EngineeringView\ProfileAttributesControl.xaml.cs:line 1035
--------
10/04/2026 2:15:30 pm: System.ArgumentOutOfRangeException: Index was out of range. Must be non-negative and less than the size of the collection.
Parameter name: startIndex
   at System.String.IndexOf(String value, Int32 startIndex, Int32 count, StringComparison comparisonType)
   at System.String.IndexOf(String value, Int32 startIndex, StringComparison comparisonType)
   at TagCreator.ProfileAttributesControl.FindAndReplace(StringBuilder output, String search, String replacement) in C:\Users\DELL\Desktop\Automation Studio\Automation Studio\TagCreator\TagCreator\EngineeringView\ProfileAttributesControl.xaml.cs:line 1035
--------
10/04/2026 2:15:30 pm: System.ArgumentOutOfRangeException: Index was out of range. Must be non-negative and less than the size of the collection.
Parameter name: startIndex
   at System.String.IndexOf(String value, Int32 startIndex, Int32 count, StringComparison comparisonType)
   at System.String.IndexOf(String value, Int32 startIndex, StringComparison comparisonType)
   at TagCreator.ProfileAttributesControl.FindAndReplace(StringBuilder output, String search, String replacement) in C:\Users\DELL\Desktop\Automation Studio\Automation Studio\TagCreator\TagCreator\EngineeringView\ProfileAttributesControl.xaml.cs:line 1035
--------
10/04/2026 2:15:30 pm: System.ArgumentOutOfRangeException: Index was out of range. Must be non-negative and less than the size of the collection.
Parameter name: startIndex
   at System.String.IndexOf(String value, Int32 startIndex, Int32 count, StringComparison comparisonType)
   at System.String.IndexOf(String value, Int32 startIndex, StringComparison comparisonType)
   at TagCreator.ProfileAttributesControl.FindAndReplace(StringBuilder output, String search, String replacement) in C:\Users\DELL\Desktop\Automation Studio\Automation Studio\TagCreator\TagCreator\EngineeringView\ProfileAttributesControl.xaml.cs:line 1035
--------
10/04/2026 2:15:30 pm: System.ArgumentOutOfRangeException: Index was out of range. Must be non-negative and less than the size of the collection.
Parameter name: startIndex
   at System.String.IndexOf(String value, Int32 startIndex, Int32 count, StringComparison comparisonType)
   at System.String.IndexOf(String value, Int32 startIndex, StringComparison comparisonType)
   at TagCreator.ProfileAttributesControl.FindAndReplace(StringBuilder output, String search, String replacement) in C:\Users\DELL\Desktop\Automation Studio\Automation Studio\TagCreator\TagCreator\EngineeringView\ProfileAttributesControl.xaml.cs:line 1035
--------
10/04/2026 2:15:30 pm: System.ArgumentOutOfRangeException: Index was out of range. Must be non-negative and less than the size of the collection.
Parameter name: startIndex
   at System.String.IndexOf(String value, Int32 startIndex, Int32 count, StringComparison comparisonType)
   at System.String.IndexOf(String value, Int32 startIndex, StringComparison comparisonType)
   at TagCreator.ProfileAttributesControl.FindAndReplace(StringBuilder output, String search, String replacement) in C:\Users\DELL\Desktop\Automation Studio\Automation Studio\TagCreator\TagCreator\EngineeringView\ProfileAttributesControl.xaml.cs:line 1035
--------
10/04/2026 2:15:30 pm: System.ArgumentOutOfRangeException: Index was out of range. Must be non-negative and less than the size of the collection.
Parameter name: startIndex
   at System.String.IndexOf(String value, Int32 startIndex, Int32 count, StringComparison comparisonType)
   at System.String.IndexOf(String value, Int32 startIndex, StringComparison comparisonType)
   at TagCreator.ProfileAttributesControl.FindAndReplace(StringBuilder output, String search, String replacement) in C:\Users\DELL\Desktop\Automation Studio\Automation Studio\TagCreator\TagCreator\EngineeringView\ProfileAttributesControl.xaml.cs:line 1035
--------
10/04/2026 2:15:30 pm: System.ArgumentOutOfRangeException: Index was out of range. Must be non-negative and less than the size of the collection.
Parameter name: startIndex
   at System.String.IndexOf(String value, Int32 startIndex, Int32 count, StringComparison comparisonType)
   at System.String.IndexOf(String value, Int32 startIndex, StringComparison comparisonType)
   at TagCreator.ProfileAttributesControl.FindAndReplace(StringBuilder output, String search, String replacement) in C:\Users\DELL\Desktop\Automation Studio\Automation Studio\TagCreator\TagCreator\EngineeringView\ProfileAttributesControl.xaml.cs:line 1035
--------
10/04/2026 2:15:30 pm: System.ArgumentOutOfRangeException: Index was out of range. Must be non-negative and less than the size of the collection.
Parameter name: startIndex
   at System.String.IndexOf(String value, Int32 startIndex, Int32 count, StringComparison comparisonType)
   at System.String.IndexOf(String value, Int32 startIndex, StringComparison comparisonType)
   at TagCreator.ProfileAttributesControl.FindAndReplace(StringBuilder output, String search, String replacement) in C:\Users\DELL\Desktop\Automation Studio\Automation Studio\TagCreator\TagCreator\EngineeringView\ProfileAttributesControl.xaml.cs:line 1035
--------
10/04/2026 2:15:30 pm: System.ArgumentOutOfRangeException: Index was out of range. Must be non-negative and less than the size of the collection.
Parameter name: startIndex
   at System.String.IndexOf(String value, Int32 startIndex, Int32 count, StringComparison comparisonType)
   at System.String.IndexOf(String value, Int32 startIndex, StringComparison comparisonType)
   at TagCreator.ProfileAttributesControl.FindAndReplace(StringBuilder output, String search, String replacement) in C:\Users\DELL\Desktop\Automation Studio\Automation Studio\TagCreator\TagCreator\EngineeringView\ProfileAttributesControl.xaml.cs:line 1035
--------
10/04/2026 2:15:30 pm: System.ArgumentOutOfRangeException: Index was out of range. Must be non-negative and less than the size of the collection.
Parameter name: startIndex
   at System.String.IndexOf(String value, Int32 startIndex, Int32 count, StringComparison comparisonType)
   at System.String.IndexOf(String value, Int32 startIndex, StringComparison comparisonType)
   at TagCreator.ProfileAttributesControl.FindAndReplace(StringBuilder output, String search, String replacement) in C:\Users\DELL\Desktop\Automation Studio\Automation Studio\TagCreator\TagCreator\EngineeringView\ProfileAttributesControl.xaml.cs:line 1035
--------
10/04/2026 2:15:30 pm: System.ArgumentOutOfRangeException: Index was out of range. Must be non-negative and less than the size of the collection.
Parameter name: startIndex
   at System.String.IndexOf(String value, Int32 startIndex, Int32 count, StringComparison comparisonType)
   at System.String.IndexOf(String value, Int32 startIndex, StringComparison comparisonType)
   at TagCreator.ProfileAttributesControl.FindAndReplace(StringBuilder output, String search, String replacement) in C:\Users\DELL\Desktop\Automation Studio\Automation Studio\TagCreator\TagCreator\EngineeringView\ProfileAttributesControl.xaml.cs:line 1035
--------
10/04/2026 2:15:30 pm: System.ArgumentOutOfRangeException: Index was out of range. Must be non-negative and less than the size of the collection.
Parameter name: startIndex
   at System.String.IndexOf(String value, Int32 startIndex, Int32 count, StringComparison comparisonType)
   at System.String.IndexOf(String value, Int32 startIndex, StringComparison comparisonType)
   at TagCreator.ProfileAttributesControl.FindAndReplace(StringBuilder output, String search, String replacement) in C:\Users\DELL\Desktop\Automation Studio\Automation Studio\TagCreator\TagCreator\EngineeringView\ProfileAttributesControl.xaml.cs:line 1035
--------
10/04/2026 2:15:30 pm: System.ArgumentOutOfRangeException: Index was out of range. Must be non-negative and less than the size of the collection.
Parameter name: startIndex
   at System.String.IndexOf(String value, Int32 startIndex, Int32 count, StringComparison comparisonType)
   at System.String.IndexOf(String value, Int32 startIndex, StringComparison comparisonType)
   at TagCreator.ProfileAttributesControl.FindAndReplace(StringBuilder output, String search, String replacement) in C:\Users\DELL\Desktop\Automation Studio\Automation Studio\TagCreator\TagCreator\EngineeringView\ProfileAttributesControl.xaml.cs:line 1035
--------
10/04/2026 2:15:30 pm: System.ArgumentOutOfRangeException: Index was out of range. Must be non-negative and less than the size of the collection.
Parameter name: startIndex
   at System.String.IndexOf(String value, Int32 startIndex, Int32 count, StringComparison comparisonType)
   at System.String.IndexOf(String value, Int32 startIndex, StringComparison comparisonType)
   at TagCreator.ProfileAttributesControl.FindAndReplace(StringBuilder output, String search, String replacement) in C:\Users\DELL\Desktop\Automation Studio\Automation Studio\TagCreator\TagCreator\EngineeringView\ProfileAttributesControl.xaml.cs:line 1035
--------
10/04/2026 2:15:30 pm: System.ArgumentOutOfRangeException: Index was out of range. Must be non-negative and less than the size of the collection.
Parameter name: startIndex
   at System.String.IndexOf(String value, Int32 startIndex, Int32 count, StringComparison comparisonType)
   at System.String.IndexOf(String value, Int32 startIndex, StringComparison comparisonType)
   at TagCreator.ProfileAttributesControl.FindAndReplace(StringBuilder output, String search, String replacement) in C:\Users\DELL\Desktop\Automation Studio\Automation Studio\TagCreator\TagCreator\EngineeringView\ProfileAttributesControl.xaml.cs:line 1035
--------
10/04/2026 2:15:30 pm: System.ArgumentOutOfRangeException: Index was out of range. Must be non-negative and less than the size of the collection.
Parameter name: startIndex
   at System.String.IndexOf(String value, Int32 startIndex, Int32 count, StringComparison comparisonType)
   at System.String.IndexOf(String value, Int32 startIndex, StringComparison comparisonType)
   at TagCreator.ProfileAttributesControl.FindAndReplace(StringBuilder output, String search, String replacement) in C:\Users\DELL\Desktop\Automation Studio\Automation Studio\TagCreator\TagCreator\EngineeringView\ProfileAttributesControl.xaml.cs:line 1035
--------
10/04/2026 2:15:30 pm: System.ArgumentOutOfRangeException: Index was out of range. Must be non-negative and less than the size of the collection.
Parameter name: startIndex
   at System.String.IndexOf(String value, Int32 startIndex, Int32 count, StringComparison comparisonType)
   at System.String.IndexOf(String value, Int32 startIndex, StringComparison comparisonType)
   at TagCreator.ProfileAttributesControl.FindAndReplace(StringBuilder output, String search, String replacement) in C:\Users\DELL\Desktop\Automation Studio\Automation Studio\TagCreator\TagCreator\EngineeringView\ProfileAttributesControl.xaml.cs:line 1035
--------
10/04/2026 2:15:30 pm: System.ArgumentOutOfRangeException: Index was out of range. Must be non-negative and less than the size of the collection.
Parameter name: startIndex
   at System.String.IndexOf(String value, Int32 startIndex, Int32 count, StringComparison comparisonType)
   at System.String.IndexOf(String value, Int32 startIndex, StringComparison comparisonType)
   at TagCreator.ProfileAttributesControl.FindAndReplace(StringBuilder output, String search, String replacement) in C:\Users\DELL\Desktop\Automation Studio\Automation Studio\TagCreator\TagCreator\EngineeringView\ProfileAttributesControl.xaml.cs:line 1035
--------
10/04/2026 2:15:30 pm: System.ArgumentOutOfRangeException: Index was out of range. Must be non-negative and less than the size of the collection.
Parameter name: startIndex
   at System.String.IndexOf(String value, Int32 startIndex, Int32 count, StringComparison comparisonType)
   at System.String.IndexOf(String value, Int32 startIndex, StringComparison comparisonType)
   at TagCreator.ProfileAttributesControl.FindAndReplace(StringBuilder output, String search, String replacement) in C:\Users\DELL\Desktop\Automation Studio\Automation Studio\TagCreator\TagCreator\EngineeringView\ProfileAttributesControl.xaml.cs:line 1035
--------
10/04/2026 2:15:30 pm: System.ArgumentOutOfRangeException: Index was out of range. Must be non-negative and less than the size of the collection.
Parameter name: startIndex
   at System.String.IndexOf(String value, Int32 startIndex, Int32 count, StringComparison comparisonType)
   at System.String.IndexOf(String value, Int32 startIndex, StringComparison comparisonType)
   at TagCreator.ProfileAttributesControl.FindAndReplace(StringBuilder output, String search, String replacement) in C:\Users\DELL\Desktop\Automation Studio\Automation Studio\TagCreator\TagCreator\EngineeringView\ProfileAttributesControl.xaml.cs:line 1035
--------
10/04/2026 2:15:30 pm: System.ArgumentOutOfRangeException: Index was out of range. Must be non-negative and less than the size of the collection.
Parameter name: startIndex
   at System.String.IndexOf(String value, Int32 startIndex, Int32 count, StringComparison comparisonType)
   at System.String.IndexOf(String value, Int32 startIndex, StringComparison comparisonType)
   at TagCreator.ProfileAttributesControl.FindAndReplace(StringBuilder output, String search, String replacement) in C:\Users\DELL\Desktop\Automation Studio\Automation Studio\TagCreator\TagCreator\EngineeringView\ProfileAttributesControl.xaml.cs:line 1035
--------
10/04/2026 2:15:30 pm: System.ArgumentOutOfRangeException: Index was out of range. Must be non-negative and less than the size of the collection.
Parameter name: startIndex
   at System.String.IndexOf(String value, Int32 startIndex, Int32 count, StringComparison comparisonType)
   at System.String.IndexOf(String value, Int32 startIndex, StringComparison comparisonType)
   at TagCreator.ProfileAttributesControl.FindAndReplace(StringBuilder output, String search, String replacement) in C:\Users\DELL\Desktop\Automation Studio\Automation Studio\TagCreator\TagCreator\EngineeringView\ProfileAttributesControl.xaml.cs:line 1035
--------
10/04/2026 2:15:30 pm: System.ArgumentOutOfRangeException: Index was out of range. Must be non-negative and less than the size of the collection.
Parameter name: startIndex
   at System.String.IndexOf(String value, Int32 startIndex, Int32 count, StringComparison comparisonType)
   at System.String.IndexOf(String value, Int32 startIndex, StringComparison comparisonType)
   at TagCreator.ProfileAttributesControl.FindAndReplace(StringBuilder output, String search, String replacement) in C:\Users\DELL\Desktop\Automation Studio\Automation Studio\TagCreator\TagCreator\EngineeringView\ProfileAttributesControl.xaml.cs:line 1035
--------
10/04/2026 2:15:30 pm: System.ArgumentOutOfRangeException: Index was out of range. Must be non-negative and less than the size of the collection.
Parameter name: startIndex
   at System.String.IndexOf(String value, Int32 startIndex, Int32 count, StringComparison comparisonType)
   at System.String.IndexOf(String value, Int32 startIndex, StringComparison comparisonType)
   at TagCreator.ProfileAttributesControl.FindAndReplace(StringBuilder output, String search, String replacement) in C:\Users\DELL\Desktop\Automation Studio\Automation Studio\TagCreator\TagCreator\EngineeringView\ProfileAttributesControl.xaml.cs:line 1035
--------
30/04/2026 11:12:43 am: System.NullReferenceException: Object reference not set to an instance of an object.
   at TagCreator.EngineeringViewControl._treeView_SelectedItemChanged(Object sender, RoutedPropertyChangedEventArgs`1 e) in C:\Users\DELL\Desktop\Automation Studio\Automation Studio\TagCreator\TagCreator\EngineeringView\EngineeringViewControl.xaml.cs:line 413
--------
30/04/2026 1:05:02 pm: System.NullReferenceException: Object reference not set to an instance of an object.
   at TagCreator.EngineeringViewControl._treeView_SelectedItemChanged(Object sender, RoutedPropertyChangedEventArgs`1 e) in C:\Users\DELL\Desktop\Automation Studio\Automation Studio\TagCreator\TagCreator\EngineeringView\EngineeringViewControl.xaml.cs:line 413
--------
30/04/2026 1:13:38 pm: System.IndexOutOfRangeException: Index was outside the bounds of the array.
   at TagCreator.EngineeringViewControl.ImportTemplate(StreamReader reader) in C:\Users\DELL\Desktop\Automation Studio\Automation Studio\TagCreator\TagCreator\EngineeringView\EngineeringViewControl.xaml.cs:line 2290
--------
30/04/2026 1:13:53 pm: System.IndexOutOfRangeException: Index was outside the bounds of the array.
   at TagCreator.EngineeringViewControl.ImportTemplate(StreamReader reader) in C:\Users\DELL\Desktop\Automation Studio\Automation Studio\TagCreator\TagCreator\EngineeringView\EngineeringViewControl.xaml.cs:line 2277
--------
30/04/2026 1:13:59 pm: System.IndexOutOfRangeException: Index was outside the bounds of the array.
   at TagCreator.EngineeringViewControl.ImportTemplate(StreamReader reader) in C:\Users\DELL\Desktop\Automation Studio\Automation Studio\TagCreator\TagCreator\EngineeringView\EngineeringViewControl.xaml.cs:line 2290
--------
30/04/2026 1:14:11 pm: System.IndexOutOfRangeException: Index was outside the bounds of the array.
   at TagCreator.EngineeringViewControl.ImportTemplate(StreamReader reader) in C:\Users\DELL\Desktop\Automation Studio\Automation Studio\TagCreator\TagCreator\EngineeringView\EngineeringViewControl.xaml.cs:line 2290
--------
30/04/2026 1:14:14 pm: System.IndexOutOfRangeException: Index was outside the bounds of the array.
   at TagCreator.EngineeringViewControl.ImportTemplate(StreamReader reader) in C:\Users\DELL\Desktop\Automation Studio\Automation Studio\TagCreator\TagCreator\EngineeringView\EngineeringViewControl.xaml.cs:line 2290
--------
30/04/2026 1:14:18 pm: System.IndexOutOfRangeException: Index was outside the bounds of the array.
   at TagCreator.EngineeringViewControl.ImportTemplate(StreamReader reader) in C:\Users\DELL\Desktop\Automation Studio\Automation Studio\TagCreator\TagCreator\EngineeringView\EngineeringViewControl.xaml.cs:line 2290
--------
30/04/2026 1:14:21 pm: System.IndexOutOfRangeException: Index was outside the bounds of the array.
   at TagCreator.EngineeringViewControl.ImportTemplate(StreamReader reader) in C:\Users\DELL\Desktop\Automation Studio\Automation Studio\TagCreator\TagCreator\EngineeringView\EngineeringViewControl.xaml.cs:line 2277
--------
30/04/2026 1:14:24 pm: System.IndexOutOfRangeException: Index was outside the bounds of the array.
   at TagCreator.EngineeringViewControl.ImportTemplate(StreamReader reader) in C:\Users\DELL\Desktop\Automation Studio\Automation Studio\TagCreator\TagCreator\EngineeringView\EngineeringViewControl.xaml.cs:line 2290
--------
30/04/2026 1:17:10 pm: System.IndexOutOfRangeException: Index was outside the bounds of the array.
   at TagCreator.EngineeringViewControl.ImportTemplate(StreamReader reader) in C:\Users\DELL\Desktop\Automation Studio\Automation Studio\TagCreator\TagCreator\EngineeringView\EngineeringViewControl.xaml.cs:line 2290
--------
30/04/2026 1:21:41 pm: System.IndexOutOfRangeException: Index was outside the bounds of the array.
   at TagCreator.EngineeringViewControl.ImportTemplate(StreamReader reader) in C:\Users\DELL\Desktop\Automation Studio\Automation Studio\TagCreator\TagCreator\EngineeringView\EngineeringViewControl.xaml.cs:line 2290
--------
30/04/2026 1:29:15 pm: System.IndexOutOfRangeException: Index was outside the bounds of the array.
   at TagCreator.EngineeringViewControl.ImportTemplate(StreamReader reader) in C:\Users\DELL\Desktop\Automation Studio\Automation Studio\TagCreator\TagCreator\EngineeringView\EngineeringViewControl.xaml.cs:line 2291
--------
30/04/2026 1:30:18 pm: System.IndexOutOfRangeException: Index was outside the bounds of the array.
   at TagCreator.EngineeringViewControl.ImportTemplate(StreamReader reader) in C:\Users\DELL\Desktop\Automation Studio\Automation Studio\TagCreator\TagCreator\EngineeringView\EngineeringViewControl.xaml.cs:line 2291
--------
30/04/2026 1:31:02 pm: System.NullReferenceException: Object reference not set to an instance of an object.
   at TagCreator.EngineeringViewControl._treeView_SelectedItemChanged(Object sender, RoutedPropertyChangedEventArgs`1 e) in C:\Users\DELL\Desktop\Automation Studio\Automation Studio\TagCreator\TagCreator\EngineeringView\EngineeringViewControl.xaml.cs:line 413
--------
30/04/2026 1:31:29 pm: System.IndexOutOfRangeException: Index was outside the bounds of the array.
   at TagCreator.EngineeringViewControl.ImportTemplate(StreamReader reader) in C:\Users\DELL\Desktop\Automation Studio\Automation Studio\TagCreator\TagCreator\EngineeringView\EngineeringViewControl.xaml.cs:line 2291
--------
30/04/2026 1:35:53 pm: System.IndexOutOfRangeException: Index was outside the bounds of the array.
   at TagCreator.EngineeringViewControl.ImportTemplate(StreamReader reader) in C:\Users\DELL\Desktop\Automation Studio\Automation Studio\TagCreator\TagCreator\EngineeringView\EngineeringViewControl.xaml.cs:line 2292
--------
30/04/2026 1:37:04 pm: System.NullReferenceException: Object reference not set to an instance of an object.
   at TagCreator.EngineeringViewControl._treeView_SelectedItemChanged(Object sender, RoutedPropertyChangedEventArgs`1 e) in C:\Users\DELL\Desktop\Automation Studio\Automation Studio\TagCreator\TagCreator\EngineeringView\EngineeringViewControl.xaml.cs:line 413
--------
30/04/2026 1:37:17 pm: System.IndexOutOfRangeException: Index was outside the bounds of the array.
   at TagCreator.EngineeringViewControl.ImportTemplate(StreamReader reader) in C:\Users\DELL\Desktop\Automation Studio\Automation Studio\TagCreator\TagCreator\EngineeringView\EngineeringViewControl.xaml.cs:line 2292
--------
30/04/2026 1:37:38 pm: System.IndexOutOfRangeException: Index was outside the bounds of the array.
   at TagCreator.EngineeringViewControl.ImportTemplate(StreamReader reader) in C:\Users\DELL\Desktop\Automation Studio\Automation Studio\TagCreator\TagCreator\EngineeringView\EngineeringViewControl.xaml.cs:line 2292
--------
30/04/2026 1:43:41 pm: System.NullReferenceException: Object reference not set to an instance of an object.
   at TagCreator.EngineeringViewControl._treeView_SelectedItemChanged(Object sender, RoutedPropertyChangedEventArgs`1 e) in C:\Users\DELL\Desktop\Automation Studio\Automation Studio\TagCreator\TagCreator\EngineeringView\EngineeringViewControl.xaml.cs:line 413
--------
30/04/2026 1:43:46 pm: System.IndexOutOfRangeException: Index was outside the bounds of the array.
   at TagCreator.EngineeringViewControl.ImportTemplate(StreamReader reader) in C:\Users\DELL\Desktop\Automation Studio\Automation Studio\TagCreator\TagCreator\EngineeringView\EngineeringViewControl.xaml.cs:line 2292
--------
30/04/2026 1:46:45 pm: System.IndexOutOfRangeException: Index was outside the bounds of the array.
   at TagCreator.EngineeringViewControl.ImportTemplate(StreamReader reader) in C:\Users\DELL\Desktop\Automation Studio\Automation Studio\TagCreator\TagCreator\EngineeringView\EngineeringViewControl.xaml.cs:line 2291
--------
30/04/2026 1:57:26 pm: System.IndexOutOfRangeException: Index was outside the bounds of the array.
   at TagCreator.EngineeringViewControl.ImportTemplate(StreamReader reader) in C:\Users\DELL\Desktop\Automation Studio\Automation Studio\TagCreator\TagCreator\EngineeringView\EngineeringViewControl.xaml.cs:line 2292
--------
30/04/2026 1:57:26 pm: System.IndexOutOfRangeException: Index was outside the bounds of the array.
   at TagCreator.EngineeringViewControl.ImportTemplate(StreamReader reader) in C:\Users\DELL\Desktop\Automation Studio\Automation Studio\TagCreator\TagCreator\EngineeringView\EngineeringViewControl.xaml.cs:line 2292
--------
30/04/2026 1:57:26 pm: System.IndexOutOfRangeException: Index was outside the bounds of the array.
   at TagCreator.EngineeringViewControl.ImportTemplate(StreamReader reader) in C:\Users\DELL\Desktop\Automation Studio\Automation Studio\TagCreator\TagCreator\EngineeringView\EngineeringViewControl.xaml.cs:line 2292
--------
30/04/2026 1:57:26 pm: System.IndexOutOfRangeException: Index was outside the bounds of the array.
   at TagCreator.EngineeringViewControl.ImportTemplate(StreamReader reader) in C:\Users\DELL\Desktop\Automation Studio\Automation Studio\TagCreator\TagCreator\EngineeringView\EngineeringViewControl.xaml.cs:line 2292
--------
30/04/2026 1:57:26 pm: System.IndexOutOfRangeException: Index was outside the bounds of the array.
   at TagCreator.EngineeringViewControl.ImportTemplate(StreamReader reader) in C:\Users\DELL\Desktop\Automation Studio\Automation Studio\TagCreator\TagCreator\EngineeringView\EngineeringViewControl.xaml.cs:line 2292
--------
30/04/2026 1:57:26 pm: System.IndexOutOfRangeException: Index was outside the bounds of the array.
   at TagCreator.EngineeringViewControl.ImportTemplate(StreamReader reader) in C:\Users\DELL\Desktop\Automation Studio\Automation Studio\TagCreator\TagCreator\EngineeringView\EngineeringViewControl.xaml.cs:line 2292
--------
30/04/2026 1:57:26 pm: System.IndexOutOfRangeException: Index was outside the bounds of the array.
   at TagCreator.EngineeringViewControl.ImportTemplate(StreamReader reader) in C:\Users\DELL\Desktop\Automation Studio\Automation Studio\TagCreator\TagCreator\EngineeringView\EngineeringViewControl.xaml.cs:line 2292
--------
30/04/2026 1:57:26 pm: System.IndexOutOfRangeException: Index was outside the bounds of the array.
   at TagCreator.EngineeringViewControl.ImportTemplate(StreamReader reader) in C:\Users\DELL\Desktop\Automation Studio\Automation Studio\TagCreator\TagCreator\EngineeringView\EngineeringViewControl.xaml.cs:line 2292
--------
30/04/2026 1:57:26 pm: System.IndexOutOfRangeException: Index was outside the bounds of the array.
   at TagCreator.EngineeringViewControl.ImportTemplate(StreamReader reader) in C:\Users\DELL\Desktop\Automation Studio\Automation Studio\TagCreator\TagCreator\EngineeringView\EngineeringViewControl.xaml.cs:line 2292
--------
30/04/2026 1:57:26 pm: System.IndexOutOfRangeException: Index was outside the bounds of the array.
   at TagCreator.EngineeringViewControl.ImportTemplate(StreamReader reader) in C:\Users\DELL\Desktop\Automation Studio\Automation Studio\TagCreator\TagCreator\EngineeringView\EngineeringViewControl.xaml.cs:line 2292
--------
30/04/2026 1:57:26 pm: System.IndexOutOfRangeException: Index was outside the bounds of the array.
   at TagCreator.EngineeringViewControl.ImportTemplate(StreamReader reader) in C:\Users\DELL\Desktop\Automation Studio\Automation Studio\TagCreator\TagCreator\EngineeringView\EngineeringViewControl.xaml.cs:line 2292
--------
30/04/2026 1:57:26 pm: System.IndexOutOfRangeException: Index was outside the bounds of the array.
   at TagCreator.EngineeringViewControl.ImportTemplate(StreamReader reader) in C:\Users\DELL\Desktop\Automation Studio\Automation Studio\TagCreator\TagCreator\EngineeringView\EngineeringViewControl.xaml.cs:line 2292
--------
30/04/2026 1:57:26 pm: System.IndexOutOfRangeException: Index was outside the bounds of the array.
   at TagCreator.EngineeringViewControl.ImportTemplate(StreamReader reader) in C:\Users\DELL\Desktop\Automation Studio\Automation Studio\TagCreator\TagCreator\EngineeringView\EngineeringViewControl.xaml.cs:line 2292
--------
30/04/2026 1:57:26 pm: System.IndexOutOfRangeException: Index was outside the bounds of the array.
   at TagCreator.EngineeringViewControl.ImportTemplate(StreamReader reader) in C:\Users\DELL\Desktop\Automation Studio\Automation Studio\TagCreator\TagCreator\EngineeringView\EngineeringViewControl.xaml.cs:line 2292
--------
30/04/2026 1:57:26 pm: System.IndexOutOfRangeException: Index was outside the bounds of the array.
   at TagCreator.EngineeringViewControl.ImportTemplate(StreamReader reader) in C:\Users\DELL\Desktop\Automation Studio\Automation Studio\TagCreator\TagCreator\EngineeringView\EngineeringViewControl.xaml.cs:line 2292
--------
30/04/2026 1:57:26 pm: System.IndexOutOfRangeException: Index was outside the bounds of the array.
   at TagCreator.EngineeringViewControl.ImportTemplate(StreamReader reader) in C:\Users\DELL\Desktop\Automation Studio\Automation Studio\TagCreator\TagCreator\EngineeringView\EngineeringViewControl.xaml.cs:line 2292
--------
30/04/2026 1:57:26 pm: System.IndexOutOfRangeException: Index was outside the bounds of the array.
   at TagCreator.EngineeringViewControl.ImportTemplate(StreamReader reader) in C:\Users\DELL\Desktop\Automation Studio\Automation Studio\TagCreator\TagCreator\EngineeringView\EngineeringViewControl.xaml.cs:line 2292
--------
30/04/2026 1:57:26 pm: System.IndexOutOfRangeException: Index was outside the bounds of the array.
   at TagCreator.EngineeringViewControl.ImportTemplate(StreamReader reader) in C:\Users\DELL\Desktop\Automation Studio\Automation Studio\TagCreator\TagCreator\EngineeringView\EngineeringViewControl.xaml.cs:line 2292
--------
30/04/2026 1:57:26 pm: System.IndexOutOfRangeException: Index was outside the bounds of the array.
   at TagCreator.EngineeringViewControl.ImportTemplate(StreamReader reader) in C:\Users\DELL\Desktop\Automation Studio\Automation Studio\TagCreator\TagCreator\EngineeringView\EngineeringViewControl.xaml.cs:line 2292
--------
30/04/2026 1:57:26 pm: System.IndexOutOfRangeException: Index was outside the bounds of the array.
   at TagCreator.EngineeringViewControl.ImportTemplate(StreamReader reader) in C:\Users\DELL\Desktop\Automation Studio\Automation Studio\TagCreator\TagCreator\EngineeringView\EngineeringViewControl.xaml.cs:line 2292
--------
30/04/2026 1:57:26 pm: System.IndexOutOfRangeException: Index was outside the bounds of the array.
   at TagCreator.EngineeringViewControl.ImportTemplate(StreamReader reader) in C:\Users\DELL\Desktop\Automation Studio\Automation Studio\TagCreator\TagCreator\EngineeringView\EngineeringViewControl.xaml.cs:line 2292
--------
30/04/2026 1:57:26 pm: System.IndexOutOfRangeException: Index was outside the bounds of the array.
   at TagCreator.EngineeringViewControl.ImportTemplate(StreamReader reader) in C:\Users\DELL\Desktop\Automation Studio\Automation Studio\TagCreator\TagCreator\EngineeringView\EngineeringViewControl.xaml.cs:line 2292
--------
30/04/2026 1:57:26 pm: System.IndexOutOfRangeException: Index was outside the bounds of the array.
   at TagCreator.EngineeringViewControl.ImportTemplate(StreamReader reader) in C:\Users\DELL\Desktop\Automation Studio\Automation Studio\TagCreator\TagCreator\EngineeringView\EngineeringViewControl.xaml.cs:line 2292
--------
30/04/2026 1:57:26 pm: System.IndexOutOfRangeException: Index was outside the bounds of the array.
   at TagCreator.EngineeringViewControl.ImportTemplate(StreamReader reader) in C:\Users\DELL\Desktop\Automation Studio\Automation Studio\TagCreator\TagCreator\EngineeringView\EngineeringViewControl.xaml.cs:line 2292
--------
30/04/2026 1:57:26 pm: System.IndexOutOfRangeException: Index was outside the bounds of the array.
   at TagCreator.EngineeringViewControl.ImportTemplate(StreamReader reader) in C:\Users\DELL\Desktop\Automation Studio\Automation Studio\TagCreator\TagCreator\EngineeringView\EngineeringViewControl.xaml.cs:line 2292
--------
30/04/2026 1:57:26 pm: System.IndexOutOfRangeException: Index was outside the bounds of the array.
   at TagCreator.EngineeringViewControl.ImportTemplate(StreamReader reader) in C:\Users\DELL\Desktop\Automation Studio\Automation Studio\TagCreator\TagCreator\EngineeringView\EngineeringViewControl.xaml.cs:line 2292
--------
30/04/2026 1:57:26 pm: System.IndexOutOfRangeException: Index was outside the bounds of the array.
   at TagCreator.EngineeringViewControl.ImportTemplate(StreamReader reader) in C:\Users\DELL\Desktop\Automation Studio\Automation Studio\TagCreator\TagCreator\EngineeringView\EngineeringViewControl.xaml.cs:line 2292
--------
30/04/2026 1:57:26 pm: System.IndexOutOfRangeException: Index was outside the bounds of the array.
   at TagCreator.EngineeringViewControl.ImportTemplate(StreamReader reader) in C:\Users\DELL\Desktop\Automation Studio\Automation Studio\TagCreator\TagCreator\EngineeringView\EngineeringViewControl.xaml.cs:line 2292
--------
30/04/2026 1:57:26 pm: System.IndexOutOfRangeException: Index was outside the bounds of the array.
   at TagCreator.EngineeringViewControl.ImportTemplate(StreamReader reader) in C:\Users\DELL\Desktop\Automation Studio\Automation Studio\TagCreator\TagCreator\EngineeringView\EngineeringViewControl.xaml.cs:line 2292
--------
30/04/2026 1:57:26 pm: System.IndexOutOfRangeException: Index was outside the bounds of the array.
   at TagCreator.EngineeringViewControl.ImportTemplate(StreamReader reader) in C:\Users\DELL\Desktop\Automation Studio\Automation Studio\TagCreator\TagCreator\EngineeringView\EngineeringViewControl.xaml.cs:line 2292
--------
30/04/2026 1:57:26 pm: System.IndexOutOfRangeException: Index was outside the bounds of the array.
   at TagCreator.EngineeringViewControl.ImportTemplate(StreamReader reader) in C:\Users\DELL\Desktop\Automation Studio\Automation Studio\TagCreator\TagCreator\EngineeringView\EngineeringViewControl.xaml.cs:line 2292
--------
30/04/2026 1:57:26 pm: System.IndexOutOfRangeException: Index was outside the bounds of the array.
   at TagCreator.EngineeringViewControl.ImportTemplate(StreamReader reader) in C:\Users\DELL\Desktop\Automation Studio\Automation Studio\TagCreator\TagCreator\EngineeringView\EngineeringViewControl.xaml.cs:line 2292
--------
30/04/2026 1:59:25 pm: System.IndexOutOfRangeException: Index was outside the bounds of the array.
   at TagCreator.EngineeringViewControl.ImportTemplate(StreamReader reader) in C:\Users\DELL\Desktop\Automation Studio\Automation Studio\TagCreator\TagCreator\EngineeringView\EngineeringViewControl.xaml.cs:line 2292
--------
30/04/2026 1:59:25 pm: System.IndexOutOfRangeException: Index was outside the bounds of the array.
   at TagCreator.EngineeringViewControl.ImportTemplate(StreamReader reader) in C:\Users\DELL\Desktop\Automation Studio\Automation Studio\TagCreator\TagCreator\EngineeringView\EngineeringViewControl.xaml.cs:line 2292
--------
30/04/2026 1:59:25 pm: System.IndexOutOfRangeException: Index was outside the bounds of the array.
   at TagCreator.EngineeringViewControl.ImportTemplate(StreamReader reader) in C:\Users\DELL\Desktop\Automation Studio\Automation Studio\TagCreator\TagCreator\EngineeringView\EngineeringViewControl.xaml.cs:line 2292
--------
30/04/2026 1:59:25 pm: System.IndexOutOfRangeException: Index was outside the bounds of the array.
   at TagCreator.EngineeringViewControl.ImportTemplate(StreamReader reader) in C:\Users\DELL\Desktop\Automation Studio\Automation Studio\TagCreator\TagCreator\EngineeringView\EngineeringViewControl.xaml.cs:line 2292
--------
30/04/2026 1:59:25 pm: System.IndexOutOfRangeException: Index was outside the bounds of the array.
   at TagCreator.EngineeringViewControl.ImportTemplate(StreamReader reader) in C:\Users\DELL\Desktop\Automation Studio\Automation Studio\TagCreator\TagCreator\EngineeringView\EngineeringViewControl.xaml.cs:line 2292
--------
30/04/2026 1:59:25 pm: System.IndexOutOfRangeException: Index was outside the bounds of the array.
   at TagCreator.EngineeringViewControl.ImportTemplate(StreamReader reader) in C:\Users\DELL\Desktop\Automation Studio\Automation Studio\TagCreator\TagCreator\EngineeringView\EngineeringViewControl.xaml.cs:line 2292
--------
30/04/2026 1:59:25 pm: System.IndexOutOfRangeException: Index was outside the bounds of the array.
   at TagCreator.EngineeringViewControl.ImportTemplate(StreamReader reader) in C:\Users\DELL\Desktop\Automation Studio\Automation Studio\TagCreator\TagCreator\EngineeringView\EngineeringViewControl.xaml.cs:line 2292
--------
30/04/2026 1:59:25 pm: System.IndexOutOfRangeException: Index was outside the bounds of the array.
   at TagCreator.EngineeringViewControl.ImportTemplate(StreamReader reader) in C:\Users\DELL\Desktop\Automation Studio\Automation Studio\TagCreator\TagCreator\EngineeringView\EngineeringViewControl.xaml.cs:line 2292
--------
30/04/2026 1:59:25 pm: System.IndexOutOfRangeException: Index was outside the bounds of the array.
   at TagCreator.EngineeringViewControl.ImportTemplate(StreamReader reader) in C:\Users\DELL\Desktop\Automation Studio\Automation Studio\TagCreator\TagCreator\EngineeringView\EngineeringViewControl.xaml.cs:line 2292
--------
30/04/2026 1:59:25 pm: System.IndexOutOfRangeException: Index was outside the bounds of the array.
   at TagCreator.EngineeringViewControl.ImportTemplate(StreamReader reader) in C:\Users\DELL\Desktop\Automation Studio\Automation Studio\TagCreator\TagCreator\EngineeringView\EngineeringViewControl.xaml.cs:line 2292
--------
30/04/2026 1:59:25 pm: System.IndexOutOfRangeException: Index was outside the bounds of the array.
   at TagCreator.EngineeringViewControl.ImportTemplate(StreamReader reader) in C:\Users\DELL\Desktop\Automation Studio\Automation Studio\TagCreator\TagCreator\EngineeringView\EngineeringViewControl.xaml.cs:line 2292
--------
30/04/2026 1:59:25 pm: System.IndexOutOfRangeException: Index was outside the bounds of the array.
   at TagCreator.EngineeringViewControl.ImportTemplate(StreamReader reader) in C:\Users\DELL\Desktop\Automation Studio\Automation Studio\TagCreator\TagCreator\EngineeringView\EngineeringViewControl.xaml.cs:line 2292
--------
30/04/2026 1:59:25 pm: System.IndexOutOfRangeException: Index was outside the bounds of the array.
   at TagCreator.EngineeringViewControl.ImportTemplate(StreamReader reader) in C:\Users\DELL\Desktop\Automation Studio\Automation Studio\TagCreator\TagCreator\EngineeringView\EngineeringViewControl.xaml.cs:line 2292
--------
30/04/2026 1:59:25 pm: System.IndexOutOfRangeException: Index was outside the bounds of the array.
   at TagCreator.EngineeringViewControl.ImportTemplate(StreamReader reader) in C:\Users\DELL\Desktop\Automation Studio\Automation Studio\TagCreator\TagCreator\EngineeringView\EngineeringViewControl.xaml.cs:line 2292
--------
30/04/2026 1:59:25 pm: System.IndexOutOfRangeException: Index was outside the bounds of the array.
   at TagCreator.EngineeringViewControl.ImportTemplate(StreamReader reader) in C:\Users\DELL\Desktop\Automation Studio\Automation Studio\TagCreator\TagCreator\EngineeringView\EngineeringViewControl.xaml.cs:line 2292
--------
30/04/2026 1:59:25 pm: System.IndexOutOfRangeException: Index was outside the bounds of the array.
   at TagCreator.EngineeringViewControl.ImportTemplate(StreamReader reader) in C:\Users\DELL\Desktop\Automation Studio\Automation Studio\TagCreator\TagCreator\EngineeringView\EngineeringViewControl.xaml.cs:line 2292
--------
30/04/2026 1:59:25 pm: System.IndexOutOfRangeException: Index was outside the bounds of the array.
   at TagCreator.EngineeringViewControl.ImportTemplate(StreamReader reader) in C:\Users\DELL\Desktop\Automation Studio\Automation Studio\TagCreator\TagCreator\EngineeringView\EngineeringViewControl.xaml.cs:line 2292
--------
30/04/2026 1:59:25 pm: System.IndexOutOfRangeException: Index was outside the bounds of the array.
   at TagCreator.EngineeringViewControl.ImportTemplate(StreamReader reader) in C:\Users\DELL\Desktop\Automation Studio\Automation Studio\TagCreator\TagCreator\EngineeringView\EngineeringViewControl.xaml.cs:line 2292
--------
30/04/2026 1:59:25 pm: System.IndexOutOfRangeException: Index was outside the bounds of the array.
   at TagCreator.EngineeringViewControl.ImportTemplate(StreamReader reader) in C:\Users\DELL\Desktop\Automation Studio\Automation Studio\TagCreator\TagCreator\EngineeringView\EngineeringViewControl.xaml.cs:line 2292
--------
30/04/2026 1:59:25 pm: System.IndexOutOfRangeException: Index was outside the bounds of the array.
   at TagCreator.EngineeringViewControl.ImportTemplate(StreamReader reader) in C:\Users\DELL\Desktop\Automation Studio\Automation Studio\TagCreator\TagCreator\EngineeringView\EngineeringViewControl.xaml.cs:line 2292
--------
30/04/2026 1:59:25 pm: System.IndexOutOfRangeException: Index was outside the bounds of the array.
   at TagCreator.EngineeringViewControl.ImportTemplate(StreamReader reader) in C:\Users\DELL\Desktop\Automation Studio\Automation Studio\TagCreator\TagCreator\EngineeringView\EngineeringViewControl.xaml.cs:line 2292
--------
30/04/2026 1:59:25 pm: System.IndexOutOfRangeException: Index was outside the bounds of the array.
   at TagCreator.EngineeringViewControl.ImportTemplate(StreamReader reader) in C:\Users\DELL\Desktop\Automation Studio\Automation Studio\TagCreator\TagCreator\EngineeringView\EngineeringViewControl.xaml.cs:line 2292
--------
30/04/2026 1:59:25 pm: System.IndexOutOfRangeException: Index was outside the bounds of the array.
   at TagCreator.EngineeringViewControl.ImportTemplate(StreamReader reader) in C:\Users\DELL\Desktop\Automation Studio\Automation Studio\TagCreator\TagCreator\EngineeringView\EngineeringViewControl.xaml.cs:line 2292
--------
30/04/2026 1:59:25 pm: System.IndexOutOfRangeException: Index was outside the bounds of the array.
   at TagCreator.EngineeringViewControl.ImportTemplate(StreamReader reader) in C:\Users\DELL\Desktop\Automation Studio\Automation Studio\TagCreator\TagCreator\EngineeringView\EngineeringViewControl.xaml.cs:line 2292
--------
30/04/2026 1:59:25 pm: System.IndexOutOfRangeException: Index was outside the bounds of the array.
   at TagCreator.EngineeringViewControl.ImportTemplate(StreamReader reader) in C:\Users\DELL\Desktop\Automation Studio\Automation Studio\TagCreator\TagCreator\EngineeringView\EngineeringViewControl.xaml.cs:line 2292
--------
30/04/2026 1:59:25 pm: System.IndexOutOfRangeException: Index was outside the bounds of the array.
   at TagCreator.EngineeringViewControl.ImportTemplate(StreamReader reader) in C:\Users\DELL\Desktop\Automation Studio\Automation Studio\TagCreator\TagCreator\EngineeringView\EngineeringViewControl.xaml.cs:line 2292
--------
30/04/2026 1:59:25 pm: System.IndexOutOfRangeException: Index was outside the bounds of the array.
   at TagCreator.EngineeringViewControl.ImportTemplate(StreamReader reader) in C:\Users\DELL\Desktop\Automation Studio\Automation Studio\TagCreator\TagCreator\EngineeringView\EngineeringViewControl.xaml.cs:line 2292
--------
30/04/2026 1:59:25 pm: System.IndexOutOfRangeException: Index was outside the bounds of the array.
   at TagCreator.EngineeringViewControl.ImportTemplate(StreamReader reader) in C:\Users\DELL\Desktop\Automation Studio\Automation Studio\TagCreator\TagCreator\EngineeringView\EngineeringViewControl.xaml.cs:line 2292
--------
30/04/2026 1:59:25 pm: System.IndexOutOfRangeException: Index was outside the bounds of the array.
   at TagCreator.EngineeringViewControl.ImportTemplate(StreamReader reader) in C:\Users\DELL\Desktop\Automation Studio\Automation Studio\TagCreator\TagCreator\EngineeringView\EngineeringViewControl.xaml.cs:line 2292
--------
30/04/2026 1:59:25 pm: System.IndexOutOfRangeException: Index was outside the bounds of the array.
   at TagCreator.EngineeringViewControl.ImportTemplate(StreamReader reader) in C:\Users\DELL\Desktop\Automation Studio\Automation Studio\TagCreator\TagCreator\EngineeringView\EngineeringViewControl.xaml.cs:line 2292
--------
30/04/2026 1:59:25 pm: System.IndexOutOfRangeException: Index was outside the bounds of the array.
   at TagCreator.EngineeringViewControl.ImportTemplate(StreamReader reader) in C:\Users\DELL\Desktop\Automation Studio\Automation Studio\TagCreator\TagCreator\EngineeringView\EngineeringViewControl.xaml.cs:line 2292
--------
30/04/2026 1:59:25 pm: System.IndexOutOfRangeException: Index was outside the bounds of the array.
   at TagCreator.EngineeringViewControl.ImportTemplate(StreamReader reader) in C:\Users\DELL\Desktop\Automation Studio\Automation Studio\TagCreator\TagCreator\EngineeringView\EngineeringViewControl.xaml.cs:line 2292
--------
30/04/2026 2:09:31 pm: System.NullReferenceException: Object reference not set to an instance of an object.
   at TagCreator.EngineeringViewControl._treeView_SelectedItemChanged(Object sender, RoutedPropertyChangedEventArgs`1 e) in C:\Users\DELL\Desktop\Automation Studio\Automation Studio\TagCreator\TagCreator\EngineeringView\EngineeringViewControl.xaml.cs:line 413
--------
30/04/2026 2:13:44 pm: System.InvalidOperationException: Sequence contains no elements
   at System.Linq.Enumerable.Single[TSource](IEnumerable`1 source)
   at TagCreator.EngineeringViewControl._treeView_SelectedItemChanged(Object sender, RoutedPropertyChangedEventArgs`1 e) in C:\Users\DELL\Desktop\Automation Studio\Automation Studio\TagCreator\TagCreator\EngineeringView\EngineeringViewControl.xaml.cs:line 465
--------
30/04/2026 2:13:46 pm: System.InvalidOperationException: Sequence contains no elements
   at System.Linq.Enumerable.Single[TSource](IEnumerable`1 source)
   at TagCreator.EngineeringViewControl._treeView_SelectedItemChanged(Object sender, RoutedPropertyChangedEventArgs`1 e) in C:\Users\DELL\Desktop\Automation Studio\Automation Studio\TagCreator\TagCreator\EngineeringView\EngineeringViewControl.xaml.cs:line 465
--------
30/04/2026 2:13:53 pm: System.InvalidOperationException: Sequence contains no elements
   at System.Linq.Enumerable.Single[TSource](IEnumerable`1 source)
   at TagCreator.EngineeringViewControl._treeView_SelectedItemChanged(Object sender, RoutedPropertyChangedEventArgs`1 e) in C:\Users\DELL\Desktop\Automation Studio\Automation Studio\TagCreator\TagCreator\EngineeringView\EngineeringViewControl.xaml.cs:line 465
--------
30/04/2026 2:13:53 pm: System.InvalidOperationException: Sequence contains no elements
   at System.Linq.Enumerable.Single[TSource](IEnumerable`1 source)
   at TagCreator.EngineeringViewControl._treeView_SelectedItemChanged(Object sender, RoutedPropertyChangedEventArgs`1 e) in C:\Users\DELL\Desktop\Automation Studio\Automation Studio\TagCreator\TagCreator\EngineeringView\EngineeringViewControl.xaml.cs:line 465
--------
30/04/2026 2:13:54 pm: System.InvalidOperationException: Sequence contains no elements
   at System.Linq.Enumerable.Single[TSource](IEnumerable`1 source)
   at TagCreator.EngineeringViewControl._treeView_SelectedItemChanged(Object sender, RoutedPropertyChangedEventArgs`1 e) in C:\Users\DELL\Desktop\Automation Studio\Automation Studio\TagCreator\TagCreator\EngineeringView\EngineeringViewControl.xaml.cs:line 465
--------
30/04/2026 2:13:54 pm: System.InvalidOperationException: Sequence contains no elements
   at System.Linq.Enumerable.Single[TSource](IEnumerable`1 source)
   at TagCreator.EngineeringViewControl._treeView_SelectedItemChanged(Object sender, RoutedPropertyChangedEventArgs`1 e) in C:\Users\DELL\Desktop\Automation Studio\Automation Studio\TagCreator\TagCreator\EngineeringView\EngineeringViewControl.xaml.cs:line 465
--------
30/04/2026 2:13:54 pm: System.InvalidOperationException: Sequence contains no elements
   at System.Linq.Enumerable.Single[TSource](IEnumerable`1 source)
   at TagCreator.EngineeringViewControl._treeView_SelectedItemChanged(Object sender, RoutedPropertyChangedEventArgs`1 e) in C:\Users\DELL\Desktop\Automation Studio\Automation Studio\TagCreator\TagCreator\EngineeringView\EngineeringViewControl.xaml.cs:line 465
--------
30/04/2026 2:13:56 pm: System.InvalidOperationException: Sequence contains no elements
   at System.Linq.Enumerable.Single[TSource](IEnumerable`1 source)
   at TagCreator.EngineeringViewControl._treeView_SelectedItemChanged(Object sender, RoutedPropertyChangedEventArgs`1 e) in C:\Users\DELL\Desktop\Automation Studio\Automation Studio\TagCreator\TagCreator\EngineeringView\EngineeringViewControl.xaml.cs:line 465
--------
30/04/2026 2:13:57 pm: System.InvalidOperationException: Sequence contains no elements
   at System.Linq.Enumerable.Single[TSource](IEnumerable`1 source)
   at TagCreator.EngineeringViewControl._treeView_SelectedItemChanged(Object sender, RoutedPropertyChangedEventArgs`1 e) in C:\Users\DELL\Desktop\Automation Studio\Automation Studio\TagCreator\TagCreator\EngineeringView\EngineeringViewControl.xaml.cs:line 465
--------
30/04/2026 2:13:57 pm: System.InvalidOperationException: Sequence contains no elements
   at System.Linq.Enumerable.Single[TSource](IEnumerable`1 source)
   at TagCreator.EngineeringViewControl._treeView_SelectedItemChanged(Object sender, RoutedPropertyChangedEventArgs`1 e) in C:\Users\DELL\Desktop\Automation Studio\Automation Studio\TagCreator\TagCreator\EngineeringView\EngineeringViewControl.xaml.cs:line 465
--------
30/04/2026 2:13:57 pm: System.InvalidOperationException: Sequence contains no elements
   at System.Linq.Enumerable.Single[TSource](IEnumerable`1 source)
   at TagCreator.EngineeringViewControl._treeView_SelectedItemChanged(Object sender, RoutedPropertyChangedEventArgs`1 e) in C:\Users\DELL\Desktop\Automation Studio\Automation Studio\TagCreator\TagCreator\EngineeringView\EngineeringViewControl.xaml.cs:line 465
--------
30/04/2026 2:13:58 pm: System.InvalidOperationException: Sequence contains no elements
   at System.Linq.Enumerable.Single[TSource](IEnumerable`1 source)
   at TagCreator.EngineeringViewControl._treeView_SelectedItemChanged(Object sender, RoutedPropertyChangedEventArgs`1 e) in C:\Users\DELL\Desktop\Automation Studio\Automation Studio\TagCreator\TagCreator\EngineeringView\EngineeringViewControl.xaml.cs:line 465
--------
30/04/2026 2:13:58 pm: System.InvalidOperationException: Sequence contains no elements
   at System.Linq.Enumerable.Single[TSource](IEnumerable`1 source)
   at TagCreator.EngineeringViewControl._treeView_SelectedItemChanged(Object sender, RoutedPropertyChangedEventArgs`1 e) in C:\Users\DELL\Desktop\Automation Studio\Automation Studio\TagCreator\TagCreator\EngineeringView\EngineeringViewControl.xaml.cs:line 465
--------
30/04/2026 2:13:59 pm: System.InvalidOperationException: Sequence contains no elements
   at System.Linq.Enumerable.Single[TSource](IEnumerable`1 source)
   at TagCreator.EngineeringViewControl._treeView_SelectedItemChanged(Object sender, RoutedPropertyChangedEventArgs`1 e) in C:\Users\DELL\Desktop\Automation Studio\Automation Studio\TagCreator\TagCreator\EngineeringView\EngineeringViewControl.xaml.cs:line 465
--------
30/04/2026 2:13:59 pm: System.InvalidOperationException: Sequence contains no elements
   at System.Linq.Enumerable.Single[TSource](IEnumerable`1 source)
   at TagCreator.EngineeringViewControl._treeView_SelectedItemChanged(Object sender, RoutedPropertyChangedEventArgs`1 e) in C:\Users\DELL\Desktop\Automation Studio\Automation Studio\TagCreator\TagCreator\EngineeringView\EngineeringViewControl.xaml.cs:line 465
--------
30/04/2026 2:13:59 pm: System.InvalidOperationException: Sequence contains no elements
   at System.Linq.Enumerable.Single[TSource](IEnumerable`1 source)
   at TagCreator.EngineeringViewControl._treeView_SelectedItemChanged(Object sender, RoutedPropertyChangedEventArgs`1 e) in C:\Users\DELL\Desktop\Automation Studio\Automation Studio\TagCreator\TagCreator\EngineeringView\EngineeringViewControl.xaml.cs:line 465
--------
30/04/2026 2:13:59 pm: System.InvalidOperationException: Sequence contains no elements
   at System.Linq.Enumerable.Single[TSource](IEnumerable`1 source)
   at TagCreator.EngineeringViewControl._treeView_SelectedItemChanged(Object sender, RoutedPropertyChangedEventArgs`1 e) in C:\Users\DELL\Desktop\Automation Studio\Automation Studio\TagCreator\TagCreator\EngineeringView\EngineeringViewControl.xaml.cs:line 465
--------
30/04/2026 2:13:59 pm: System.InvalidOperationException: Sequence contains no elements
   at System.Linq.Enumerable.Single[TSource](IEnumerable`1 source)
   at TagCreator.EngineeringViewControl._treeView_SelectedItemChanged(Object sender, RoutedPropertyChangedEventArgs`1 e) in C:\Users\DELL\Desktop\Automation Studio\Automation Studio\TagCreator\TagCreator\EngineeringView\EngineeringViewControl.xaml.cs:line 465
--------
30/04/2026 2:22:15 pm: System.InvalidOperationException: Sequence contains no elements
   at System.Linq.Enumerable.Single[TSource](IEnumerable`1 source)
   at TagCreator.EngineeringViewControl._treeView_SelectedItemChanged(Object sender, RoutedPropertyChangedEventArgs`1 e) in C:\Users\DELL\Desktop\Automation Studio\Automation Studio\TagCreator\TagCreator\EngineeringView\EngineeringViewControl.xaml.cs:line 465
--------
30/04/2026 2:22:16 pm: System.InvalidOperationException: Sequence contains no elements
   at System.Linq.Enumerable.Single[TSource](IEnumerable`1 source)
   at TagCreator.EngineeringViewControl._treeView_SelectedItemChanged(Object sender, RoutedPropertyChangedEventArgs`1 e) in C:\Users\DELL\Desktop\Automation Studio\Automation Studio\TagCreator\TagCreator\EngineeringView\EngineeringViewControl.xaml.cs:line 465
--------
30/04/2026 2:22:18 pm: System.InvalidOperationException: Sequence contains no elements
   at System.Linq.Enumerable.Single[TSource](IEnumerable`1 source)
   at TagCreator.EngineeringViewControl._treeView_SelectedItemChanged(Object sender, RoutedPropertyChangedEventArgs`1 e) in C:\Users\DELL\Desktop\Automation Studio\Automation Studio\TagCreator\TagCreator\EngineeringView\EngineeringViewControl.xaml.cs:line 465
--------
30/04/2026 2:22:25 pm: System.InvalidOperationException: Sequence contains no elements
   at System.Linq.Enumerable.Single[TSource](IEnumerable`1 source)
   at TagCreator.EngineeringViewControl._treeView_SelectedItemChanged(Object sender, RoutedPropertyChangedEventArgs`1 e) in C:\Users\DELL\Desktop\Automation Studio\Automation Studio\TagCreator\TagCreator\EngineeringView\EngineeringViewControl.xaml.cs:line 465
--------
30/04/2026 2:22:26 pm: System.InvalidOperationException: Sequence contains no elements
   at System.Linq.Enumerable.Single[TSource](IEnumerable`1 source)
   at TagCreator.EngineeringViewControl._treeView_SelectedItemChanged(Object sender, RoutedPropertyChangedEventArgs`1 e) in C:\Users\DELL\Desktop\Automation Studio\Automation Studio\TagCreator\TagCreator\EngineeringView\EngineeringViewControl.xaml.cs:line 465
--------
30/04/2026 2:22:26 pm: System.InvalidOperationException: Sequence contains no elements
   at System.Linq.Enumerable.Single[TSource](IEnumerable`1 source)
   at TagCreator.EngineeringViewControl._treeView_SelectedItemChanged(Object sender, RoutedPropertyChangedEventArgs`1 e) in C:\Users\DELL\Desktop\Automation Studio\Automation Studio\TagCreator\TagCreator\EngineeringView\EngineeringViewControl.xaml.cs:line 465
--------
30/04/2026 2:22:27 pm: System.InvalidOperationException: Sequence contains no elements
   at System.Linq.Enumerable.Single[TSource](IEnumerable`1 source)
   at TagCreator.EngineeringViewControl._treeView_SelectedItemChanged(Object sender, RoutedPropertyChangedEventArgs`1 e) in C:\Users\DELL\Desktop\Automation Studio\Automation Studio\TagCreator\TagCreator\EngineeringView\EngineeringViewControl.xaml.cs:line 465
--------
30/04/2026 2:22:27 pm: System.InvalidOperationException: Sequence contains no elements
   at System.Linq.Enumerable.Single[TSource](IEnumerable`1 source)
   at TagCreator.EngineeringViewControl._treeView_SelectedItemChanged(Object sender, RoutedPropertyChangedEventArgs`1 e) in C:\Users\DELL\Desktop\Automation Studio\Automation Studio\TagCreator\TagCreator\EngineeringView\EngineeringViewControl.xaml.cs:line 465
--------
30/04/2026 2:22:28 pm: System.InvalidOperationException: Sequence contains no elements
   at System.Linq.Enumerable.Single[TSource](IEnumerable`1 source)
   at TagCreator.EngineeringViewControl._treeView_SelectedItemChanged(Object sender, RoutedPropertyChangedEventArgs`1 e) in C:\Users\DELL\Desktop\Automation Studio\Automation Studio\TagCreator\TagCreator\EngineeringView\EngineeringViewControl.xaml.cs:line 465
--------
30/04/2026 2:22:28 pm: System.InvalidOperationException: Sequence contains no elements
   at System.Linq.Enumerable.Single[TSource](IEnumerable`1 source)
   at TagCreator.EngineeringViewControl._treeView_SelectedItemChanged(Object sender, RoutedPropertyChangedEventArgs`1 e) in C:\Users\DELL\Desktop\Automation Studio\Automation Studio\TagCreator\TagCreator\EngineeringView\EngineeringViewControl.xaml.cs:line 465
--------
30/04/2026 2:22:28 pm: System.InvalidOperationException: Sequence contains no elements
   at System.Linq.Enumerable.Single[TSource](IEnumerable`1 source)
   at TagCreator.EngineeringViewControl._treeView_SelectedItemChanged(Object sender, RoutedPropertyChangedEventArgs`1 e) in C:\Users\DELL\Desktop\Automation Studio\Automation Studio\TagCreator\TagCreator\EngineeringView\EngineeringViewControl.xaml.cs:line 465
--------
30/04/2026 2:22:29 pm: System.InvalidOperationException: Sequence contains no elements
   at System.Linq.Enumerable.Single[TSource](IEnumerable`1 source)
   at TagCreator.EngineeringViewControl._treeView_SelectedItemChanged(Object sender, RoutedPropertyChangedEventArgs`1 e) in C:\Users\DELL\Desktop\Automation Studio\Automation Studio\TagCreator\TagCreator\EngineeringView\EngineeringViewControl.xaml.cs:line 465
--------
30/04/2026 2:22:29 pm: System.InvalidOperationException: Sequence contains no elements
   at System.Linq.Enumerable.Single[TSource](IEnumerable`1 source)
   at TagCreator.EngineeringViewControl._treeView_SelectedItemChanged(Object sender, RoutedPropertyChangedEventArgs`1 e) in C:\Users\DELL\Desktop\Automation Studio\Automation Studio\TagCreator\TagCreator\EngineeringView\EngineeringViewControl.xaml.cs:line 465
--------
30/04/2026 2:22:29 pm: System.InvalidOperationException: Sequence contains no elements
   at System.Linq.Enumerable.Single[TSource](IEnumerable`1 source)
   at TagCreator.EngineeringViewControl._treeView_SelectedItemChanged(Object sender, RoutedPropertyChangedEventArgs`1 e) in C:\Users\DELL\Desktop\Automation Studio\Automation Studio\TagCreator\TagCreator\EngineeringView\EngineeringViewControl.xaml.cs:line 465
--------
30/04/2026 2:22:30 pm: System.InvalidOperationException: Sequence contains no elements
   at System.Linq.Enumerable.Single[TSource](IEnumerable`1 source)
   at TagCreator.EngineeringViewControl._treeView_SelectedItemChanged(Object sender, RoutedPropertyChangedEventArgs`1 e) in C:\Users\DELL\Desktop\Automation Studio\Automation Studio\TagCreator\TagCreator\EngineeringView\EngineeringViewControl.xaml.cs:line 465
--------
30/04/2026 2:22:30 pm: System.InvalidOperationException: Sequence contains no elements
   at System.Linq.Enumerable.Single[TSource](IEnumerable`1 source)
   at TagCreator.EngineeringViewControl._treeView_SelectedItemChanged(Object sender, RoutedPropertyChangedEventArgs`1 e) in C:\Users\DELL\Desktop\Automation Studio\Automation Studio\TagCreator\TagCreator\EngineeringView\EngineeringViewControl.xaml.cs:line 465
--------
30/04/2026 2:22:30 pm: System.InvalidOperationException: Sequence contains no elements
   at System.Linq.Enumerable.Single[TSource](IEnumerable`1 source)
   at TagCreator.EngineeringViewControl._treeView_SelectedItemChanged(Object sender, RoutedPropertyChangedEventArgs`1 e) in C:\Users\DELL\Desktop\Automation Studio\Automation Studio\TagCreator\TagCreator\EngineeringView\EngineeringViewControl.xaml.cs:line 465
--------
30/04/2026 2:22:30 pm: System.InvalidOperationException: Sequence contains no elements
   at System.Linq.Enumerable.Single[TSource](IEnumerable`1 source)
   at TagCreator.EngineeringViewControl._treeView_SelectedItemChanged(Object sender, RoutedPropertyChangedEventArgs`1 e) in C:\Users\DELL\Desktop\Automation Studio\Automation Studio\TagCreator\TagCreator\EngineeringView\EngineeringViewControl.xaml.cs:line 465
--------
30/04/2026 2:22:31 pm: System.InvalidOperationException: Sequence contains no elements
   at System.Linq.Enumerable.Single[TSource](IEnumerable`1 source)
   at TagCreator.EngineeringViewControl._treeView_SelectedItemChanged(Object sender, RoutedPropertyChangedEventArgs`1 e) in C:\Users\DELL\Desktop\Automation Studio\Automation Studio\TagCreator\TagCreator\EngineeringView\EngineeringViewControl.xaml.cs:line 465
--------
30/04/2026 2:22:31 pm: System.InvalidOperationException: Sequence contains no elements
   at System.Linq.Enumerable.Single[TSource](IEnumerable`1 source)
   at TagCreator.EngineeringViewControl._treeView_SelectedItemChanged(Object sender, RoutedPropertyChangedEventArgs`1 e) in C:\Users\DELL\Desktop\Automation Studio\Automation Studio\TagCreator\TagCreator\EngineeringView\EngineeringViewControl.xaml.cs:line 465
--------
30/04/2026 2:22:32 pm: System.InvalidOperationException: Sequence contains no elements
   at System.Linq.Enumerable.Single[TSource](IEnumerable`1 source)
   at TagCreator.EngineeringViewControl._treeView_SelectedItemChanged(Object sender, RoutedPropertyChangedEventArgs`1 e) in C:\Users\DELL\Desktop\Automation Studio\Automation Studio\TagCreator\TagCreator\EngineeringView\EngineeringViewControl.xaml.cs:line 465
--------
30/04/2026 2:22:32 pm: System.InvalidOperationException: Sequence contains no elements
   at System.Linq.Enumerable.Single[TSource](IEnumerable`1 source)
   at TagCreator.EngineeringViewControl._treeView_SelectedItemChanged(Object sender, RoutedPropertyChangedEventArgs`1 e) in C:\Users\DELL\Desktop\Automation Studio\Automation Studio\TagCreator\TagCreator\EngineeringView\EngineeringViewControl.xaml.cs:line 465
--------
30/04/2026 2:22:32 pm: System.InvalidOperationException: Sequence contains no elements
   at System.Linq.Enumerable.Single[TSource](IEnumerable`1 source)
   at TagCreator.EngineeringViewControl._treeView_SelectedItemChanged(Object sender, RoutedPropertyChangedEventArgs`1 e) in C:\Users\DELL\Desktop\Automation Studio\Automation Studio\TagCreator\TagCreator\EngineeringView\EngineeringViewControl.xaml.cs:line 465
--------
30/04/2026 2:22:32 pm: System.InvalidOperationException: Sequence contains no elements
   at System.Linq.Enumerable.Single[TSource](IEnumerable`1 source)
   at TagCreator.EngineeringViewControl._treeView_SelectedItemChanged(Object sender, RoutedPropertyChangedEventArgs`1 e) in C:\Users\DELL\Desktop\Automation Studio\Automation Studio\TagCreator\TagCreator\EngineeringView\EngineeringViewControl.xaml.cs:line 465
--------
30/04/2026 2:22:32 pm: System.InvalidOperationException: Sequence contains no elements
   at System.Linq.Enumerable.Single[TSource](IEnumerable`1 source)
   at TagCreator.EngineeringViewControl._treeView_SelectedItemChanged(Object sender, RoutedPropertyChangedEventArgs`1 e) in C:\Users\DELL\Desktop\Automation Studio\Automation Studio\TagCreator\TagCreator\EngineeringView\EngineeringViewControl.xaml.cs:line 465
--------
30/04/2026 2:23:29 pm: System.InvalidOperationException: Sequence contains no elements
   at System.Linq.Enumerable.Single[TSource](IEnumerable`1 source)
   at TagCreator.EngineeringViewControl._treeView_SelectedItemChanged(Object sender, RoutedPropertyChangedEventArgs`1 e) in C:\Users\DELL\Desktop\Automation Studio\Automation Studio\TagCreator\TagCreator\EngineeringView\EngineeringViewControl.xaml.cs:line 465
--------
30/04/2026 2:23:32 pm: System.InvalidOperationException: Sequence contains no elements
   at System.Linq.Enumerable.Single[TSource](IEnumerable`1 source)
   at TagCreator.EngineeringViewControl._treeView_SelectedItemChanged(Object sender, RoutedPropertyChangedEventArgs`1 e) in C:\Users\DELL\Desktop\Automation Studio\Automation Studio\TagCreator\TagCreator\EngineeringView\EngineeringViewControl.xaml.cs:line 465
--------
30/04/2026 2:23:37 pm: System.InvalidOperationException: Sequence contains no elements
   at System.Linq.Enumerable.Single[TSource](IEnumerable`1 source)
   at TagCreator.EngineeringViewControl._treeView_SelectedItemChanged(Object sender, RoutedPropertyChangedEventArgs`1 e) in C:\Users\DELL\Desktop\Automation Studio\Automation Studio\TagCreator\TagCreator\EngineeringView\EngineeringViewControl.xaml.cs:line 465
--------
30/04/2026 2:23:40 pm: System.InvalidOperationException: Sequence contains no elements
   at System.Linq.Enumerable.Single[TSource](IEnumerable`1 source)
   at TagCreator.EngineeringViewControl._treeView_SelectedItemChanged(Object sender, RoutedPropertyChangedEventArgs`1 e) in C:\Users\DELL\Desktop\Automation Studio\Automation Studio\TagCreator\TagCreator\EngineeringView\EngineeringViewControl.xaml.cs:line 465
--------
30/04/2026 2:23:45 pm: System.InvalidOperationException: Sequence contains no elements
   at System.Linq.Enumerable.Single[TSource](IEnumerable`1 source)
   at TagCreator.EngineeringViewControl._treeView_SelectedItemChanged(Object sender, RoutedPropertyChangedEventArgs`1 e) in C:\Users\DELL\Desktop\Automation Studio\Automation Studio\TagCreator\TagCreator\EngineeringView\EngineeringViewControl.xaml.cs:line 465
--------
30/04/2026 2:23:45 pm: System.InvalidOperationException: Sequence contains no elements
   at System.Linq.Enumerable.Single[TSource](IEnumerable`1 source)
   at TagCreator.EngineeringViewControl._treeView_SelectedItemChanged(Object sender, RoutedPropertyChangedEventArgs`1 e) in C:\Users\DELL\Desktop\Automation Studio\Automation Studio\TagCreator\TagCreator\EngineeringView\EngineeringViewControl.xaml.cs:line 465
--------
30/04/2026 2:23:46 pm: System.InvalidOperationException: Sequence contains no elements
   at System.Linq.Enumerable.Single[TSource](IEnumerable`1 source)
   at TagCreator.EngineeringViewControl._treeView_SelectedItemChanged(Object sender, RoutedPropertyChangedEventArgs`1 e) in C:\Users\DELL\Desktop\Automation Studio\Automation Studio\TagCreator\TagCreator\EngineeringView\EngineeringViewControl.xaml.cs:line 465
--------
30/04/2026 2:26:32 pm: System.InvalidOperationException: Sequence contains no elements
   at System.Linq.Enumerable.Single[TSource](IEnumerable`1 source)
   at TagCreator.EngineeringViewControl._treeView_SelectedItemChanged(Object sender, RoutedPropertyChangedEventArgs`1 e) in C:\Users\DELL\Desktop\Automation Studio\Automation Studio\TagCreator\TagCreator\EngineeringView\EngineeringViewControl.xaml.cs:line 465
--------
30/04/2026 2:26:35 pm: System.InvalidOperationException: Sequence contains no elements
   at System.Linq.Enumerable.Single[TSource](IEnumerable`1 source)
   at TagCreator.EngineeringViewControl._treeView_SelectedItemChanged(Object sender, RoutedPropertyChangedEventArgs`1 e) in C:\Users\DELL\Desktop\Automation Studio\Automation Studio\TagCreator\TagCreator\EngineeringView\EngineeringViewControl.xaml.cs:line 465
--------
30/04/2026 2:26:45 pm: System.InvalidOperationException: Sequence contains no elements
   at System.Linq.Enumerable.Single[TSource](IEnumerable`1 source)
   at TagCreator.EngineeringViewControl._treeView_SelectedItemChanged(Object sender, RoutedPropertyChangedEventArgs`1 e) in C:\Users\DELL\Desktop\Automation Studio\Automation Studio\TagCreator\TagCreator\EngineeringView\EngineeringViewControl.xaml.cs:line 465
--------
30/04/2026 2:26:46 pm: System.InvalidOperationException: Sequence contains no elements
   at System.Linq.Enumerable.Single[TSource](IEnumerable`1 source)
   at TagCreator.EngineeringViewControl._treeView_SelectedItemChanged(Object sender, RoutedPropertyChangedEventArgs`1 e) in C:\Users\DELL\Desktop\Automation Studio\Automation Studio\TagCreator\TagCreator\EngineeringView\EngineeringViewControl.xaml.cs:line 465
--------
30/04/2026 2:26:47 pm: System.InvalidOperationException: Sequence contains no elements
   at System.Linq.Enumerable.Single[TSource](IEnumerable`1 source)
   at TagCreator.EngineeringViewControl._treeView_SelectedItemChanged(Object sender, RoutedPropertyChangedEventArgs`1 e) in C:\Users\DELL\Desktop\Automation Studio\Automation Studio\TagCreator\TagCreator\EngineeringView\EngineeringViewControl.xaml.cs:line 465
--------
30/04/2026 2:26:47 pm: System.InvalidOperationException: Sequence contains no elements
   at System.Linq.Enumerable.Single[TSource](IEnumerable`1 source)
   at TagCreator.EngineeringViewControl._treeView_SelectedItemChanged(Object sender, RoutedPropertyChangedEventArgs`1 e) in C:\Users\DELL\Desktop\Automation Studio\Automation Studio\TagCreator\TagCreator\EngineeringView\EngineeringViewControl.xaml.cs:line 465
--------
30/04/2026 2:26:47 pm: System.InvalidOperationException: Sequence contains no elements
   at System.Linq.Enumerable.Single[TSource](IEnumerable`1 source)
   at TagCreator.EngineeringViewControl._treeView_SelectedItemChanged(Object sender, RoutedPropertyChangedEventArgs`1 e) in C:\Users\DELL\Desktop\Automation Studio\Automation Studio\TagCreator\TagCreator\EngineeringView\EngineeringViewControl.xaml.cs:line 465
--------
30/04/2026 2:26:48 pm: System.InvalidOperationException: Sequence contains no elements
   at System.Linq.Enumerable.Single[TSource](IEnumerable`1 source)
   at TagCreator.EngineeringViewControl._treeView_SelectedItemChanged(Object sender, RoutedPropertyChangedEventArgs`1 e) in C:\Users\DELL\Desktop\Automation Studio\Automation Studio\TagCreator\TagCreator\EngineeringView\EngineeringViewControl.xaml.cs:line 465
--------
30/04/2026 2:27:32 pm: System.NullReferenceException: Object reference not set to an instance of an object.
   at TagCreator.TemplateAttributesControl._dataGrid_Drop(Object sender, DragEventArgs e) in C:\Users\DELL\Desktop\Automation Studio\Automation Studio\TagCreator\TagCreator\EngineeringView\TemplateAttributesControl.xaml.cs:line 264
--------
30/04/2026 2:27:38 pm: System.NullReferenceException: Object reference not set to an instance of an object.
   at TagCreator.TemplateAttributesControl._dataGrid_Drop(Object sender, DragEventArgs e) in C:\Users\DELL\Desktop\Automation Studio\Automation Studio\TagCreator\TagCreator\EngineeringView\TemplateAttributesControl.xaml.cs:line 264
--------
30/04/2026 2:27:39 pm: System.InvalidOperationException: Sequence contains no elements
   at System.Linq.Enumerable.Single[TSource](IEnumerable`1 source)
   at TagCreator.EngineeringViewControl._treeView_SelectedItemChanged(Object sender, RoutedPropertyChangedEventArgs`1 e) in C:\Users\DELL\Desktop\Automation Studio\Automation Studio\TagCreator\TagCreator\EngineeringView\EngineeringViewControl.xaml.cs:line 465
--------
30/04/2026 2:27:46 pm: System.InvalidOperationException: Sequence contains no elements
   at System.Linq.Enumerable.Single[TSource](IEnumerable`1 source)
   at TagCreator.EngineeringViewControl._treeView_SelectedItemChanged(Object sender, RoutedPropertyChangedEventArgs`1 e) in C:\Users\DELL\Desktop\Automation Studio\Automation Studio\TagCreator\TagCreator\EngineeringView\EngineeringViewControl.xaml.cs:line 465
--------
30/04/2026 2:27:46 pm: System.InvalidOperationException: Sequence contains no elements
   at System.Linq.Enumerable.Single[TSource](IEnumerable`1 source)
   at TagCreator.EngineeringViewControl._treeView_SelectedItemChanged(Object sender, RoutedPropertyChangedEventArgs`1 e) in C:\Users\DELL\Desktop\Automation Studio\Automation Studio\TagCreator\TagCreator\EngineeringView\EngineeringViewControl.xaml.cs:line 465
--------
30/04/2026 2:27:50 pm: System.InvalidOperationException: Sequence contains no elements
   at System.Linq.Enumerable.Single[TSource](IEnumerable`1 source)
   at TagCreator.EngineeringViewControl._treeView_SelectedItemChanged(Object sender, RoutedPropertyChangedEventArgs`1 e) in C:\Users\DELL\Desktop\Automation Studio\Automation Studio\TagCreator\TagCreator\EngineeringView\EngineeringViewControl.xaml.cs:line 465
--------
30/04/2026 2:27:51 pm: System.InvalidOperationException: Sequence contains no elements
   at System.Linq.Enumerable.Single[TSource](IEnumerable`1 source)
   at TagCreator.EngineeringViewControl._treeView_SelectedItemChanged(Object sender, RoutedPropertyChangedEventArgs`1 e) in C:\Users\DELL\Desktop\Automation Studio\Automation Studio\TagCreator\TagCreator\EngineeringView\EngineeringViewControl.xaml.cs:line 465
--------
30/04/2026 2:27:55 pm: System.NullReferenceException: Object reference not set to an instance of an object.
   at TagCreator.TemplateAttributesControl._dataGrid_Drop(Object sender, DragEventArgs e) in C:\Users\DELL\Desktop\Automation Studio\Automation Studio\TagCreator\TagCreator\EngineeringView\TemplateAttributesControl.xaml.cs:line 264
--------
30/04/2026 2:33:54 pm: System.InvalidOperationException: Sequence contains no elements
   at System.Linq.Enumerable.Single[TSource](IEnumerable`1 source)
   at TagCreator.EngineeringViewControl._treeView_SelectedItemChanged(Object sender, RoutedPropertyChangedEventArgs`1 e) in C:\Users\DELL\Desktop\Automation Studio\Automation Studio\TagCreator\TagCreator\EngineeringView\EngineeringViewControl.xaml.cs:line 465
--------
30/04/2026 2:33:56 pm: System.InvalidOperationException: Sequence contains no elements
   at System.Linq.Enumerable.Single[TSource](IEnumerable`1 source)
   at TagCreator.EngineeringViewControl._treeView_SelectedItemChanged(Object sender, RoutedPropertyChangedEventArgs`1 e) in C:\Users\DELL\Desktop\Automation Studio\Automation Studio\TagCreator\TagCreator\EngineeringView\EngineeringViewControl.xaml.cs:line 465
--------
30/04/2026 2:33:58 pm: System.InvalidOperationException: Sequence contains no elements
   at System.Linq.Enumerable.Single[TSource](IEnumerable`1 source)
   at TagCreator.EngineeringViewControl._treeView_SelectedItemChanged(Object sender, RoutedPropertyChangedEventArgs`1 e) in C:\Users\DELL\Desktop\Automation Studio\Automation Studio\TagCreator\TagCreator\EngineeringView\EngineeringViewControl.xaml.cs:line 465
--------
30/04/2026 2:34:03 pm: System.InvalidOperationException: Sequence contains no elements
   at System.Linq.Enumerable.Single[TSource](IEnumerable`1 source)
   at TagCreator.EngineeringViewControl._treeView_SelectedItemChanged(Object sender, RoutedPropertyChangedEventArgs`1 e) in C:\Users\DELL\Desktop\Automation Studio\Automation Studio\TagCreator\TagCreator\EngineeringView\EngineeringViewControl.xaml.cs:line 465
--------
30/04/2026 2:34:06 pm: System.InvalidOperationException: Sequence contains no elements
   at System.Linq.Enumerable.Single[TSource](IEnumerable`1 source)
   at TagCreator.EngineeringViewControl._treeView_SelectedItemChanged(Object sender, RoutedPropertyChangedEventArgs`1 e) in C:\Users\DELL\Desktop\Automation Studio\Automation Studio\TagCreator\TagCreator\EngineeringView\EngineeringViewControl.xaml.cs:line 465
--------
30/04/2026 2:36:57 pm: System.InvalidOperationException: Sequence contains no elements
   at System.Linq.Enumerable.Single[TSource](IEnumerable`1 source)
   at TagCreator.EngineeringViewControl._treeView_SelectedItemChanged(Object sender, RoutedPropertyChangedEventArgs`1 e) in C:\Users\DELL\Desktop\Automation Studio\Automation Studio\TagCreator\TagCreator\EngineeringView\EngineeringViewControl.xaml.cs:line 465
--------
30/04/2026 3:58:49 pm: System.InvalidOperationException: Sequence contains no elements
   at System.Linq.Enumerable.Single[TSource](IEnumerable`1 source)
   at TagCreator.EngineeringViewControl._treeView_SelectedItemChanged(Object sender, RoutedPropertyChangedEventArgs`1 e) in C:\Users\DELL\Desktop\Automation Studio\Automation Studio\TagCreator\TagCreator\EngineeringView\EngineeringViewControl.xaml.cs:line 465
--------
30/04/2026 3:58:50 pm: System.InvalidOperationException: Sequence contains no elements
   at System.Linq.Enumerable.Single[TSource](IEnumerable`1 source)
   at TagCreator.EngineeringViewControl._treeView_SelectedItemChanged(Object sender, RoutedPropertyChangedEventArgs`1 e) in C:\Users\DELL\Desktop\Automation Studio\Automation Studio\TagCreator\TagCreator\EngineeringView\EngineeringViewControl.xaml.cs:line 465
--------
30/04/2026 3:58:51 pm: System.InvalidOperationException: Sequence contains no elements
   at System.Linq.Enumerable.Single[TSource](IEnumerable`1 source)
   at TagCreator.EngineeringViewControl._treeView_SelectedItemChanged(Object sender, RoutedPropertyChangedEventArgs`1 e) in C:\Users\DELL\Desktop\Automation Studio\Automation Studio\TagCreator\TagCreator\EngineeringView\EngineeringViewControl.xaml.cs:line 465
--------
30/04/2026 3:59:00 pm: System.InvalidOperationException: Sequence contains no elements
   at System.Linq.Enumerable.Single[TSource](IEnumerable`1 source)
   at TagCreator.EngineeringViewControl._treeView_SelectedItemChanged(Object sender, RoutedPropertyChangedEventArgs`1 e) in C:\Users\DELL\Desktop\Automation Studio\Automation Studio\TagCreator\TagCreator\EngineeringView\EngineeringViewControl.xaml.cs:line 465
--------
30/04/2026 3:59:02 pm: System.InvalidOperationException: Sequence contains no elements
   at System.Linq.Enumerable.Single[TSource](IEnumerable`1 source)
   at TagCreator.EngineeringViewControl._treeView_SelectedItemChanged(Object sender, RoutedPropertyChangedEventArgs`1 e) in C:\Users\DELL\Desktop\Automation Studio\Automation Studio\TagCreator\TagCreator\EngineeringView\EngineeringViewControl.xaml.cs:line 465
--------
30/04/2026 4:00:16 pm: System.InvalidOperationException: Sequence contains no elements
   at System.Linq.Enumerable.Single[TSource](IEnumerable`1 source)
   at TagCreator.EngineeringViewControl._treeView_SelectedItemChanged(Object sender, RoutedPropertyChangedEventArgs`1 e) in C:\Users\DELL\Desktop\Automation Studio\Automation Studio\TagCreator\TagCreator\EngineeringView\EngineeringViewControl.xaml.cs:line 465
--------
30/04/2026 4:00:17 pm: System.InvalidOperationException: Sequence contains no elements
   at System.Linq.Enumerable.Single[TSource](IEnumerable`1 source)
   at TagCreator.EngineeringViewControl._treeView_SelectedItemChanged(Object sender, RoutedPropertyChangedEventArgs`1 e) in C:\Users\DELL\Desktop\Automation Studio\Automation Studio\TagCreator\TagCreator\EngineeringView\EngineeringViewControl.xaml.cs:line 465
--------
30/04/2026 4:00:18 pm: System.InvalidOperationException: Sequence contains no elements
   at System.Linq.Enumerable.Single[TSource](IEnumerable`1 source)
   at TagCreator.EngineeringViewControl._treeView_SelectedItemChanged(Object sender, RoutedPropertyChangedEventArgs`1 e) in C:\Users\DELL\Desktop\Automation Studio\Automation Studio\TagCreator\TagCreator\EngineeringView\EngineeringViewControl.xaml.cs:line 465
--------
30/04/2026 4:00:19 pm: System.InvalidOperationException: Sequence contains no elements
   at System.Linq.Enumerable.Single[TSource](IEnumerable`1 source)
   at TagCreator.EngineeringViewControl._treeView_SelectedItemChanged(Object sender, RoutedPropertyChangedEventArgs`1 e) in C:\Users\DELL\Desktop\Automation Studio\Automation Studio\TagCreator\TagCreator\EngineeringView\EngineeringViewControl.xaml.cs:line 465
--------
30/04/2026 4:22:10 pm: System.FormatException: Input string was not in a correct format.
   at System.Text.StringBuilder.FormatError()
   at System.Text.StringBuilder.AppendFormatHelper(IFormatProvider provider, String format, ParamsArray args)
   at System.String.FormatHelper(IFormatProvider provider, String format, ParamsArray args)
   at System.String.Format(String format, Object[] args)
   at TagCreator.MainWindow.ShowMessage(String format, Object[] arg) in C:\Users\DELL\Desktop\Automation Studio\Automation Studio\TagCreator\TagCreator\MainWindow.xaml.cs:line 299
   at TagCreator.EngineeringViewControl.ImportInstance(StreamReader reader, Template template) in C:\Users\DELL\Desktop\Automation Studio\Automation Studio\TagCreator\TagCreator\EngineeringView\EngineeringViewControl.xaml.cs:line 2357
--------
30/04/2026 4:28:32 pm: System.InvalidOperationException: Sequence contains no elements
   at System.Linq.Enumerable.Single[TSource](IEnumerable`1 source)
   at TagCreator.EngineeringViewControl._treeView_SelectedItemChanged(Object sender, RoutedPropertyChangedEventArgs`1 e) in C:\Users\DELL\Desktop\Automation Studio\Automation Studio\TagCreator\TagCreator\EngineeringView\EngineeringViewControl.xaml.cs:line 465
--------
30/04/2026 4:28:33 pm: System.InvalidOperationException: Sequence contains no elements
   at System.Linq.Enumerable.Single[TSource](IEnumerable`1 source)
   at TagCreator.EngineeringViewControl._treeView_SelectedItemChanged(Object sender, RoutedPropertyChangedEventArgs`1 e) in C:\Users\DELL\Desktop\Automation Studio\Automation Studio\TagCreator\TagCreator\EngineeringView\EngineeringViewControl.xaml.cs:line 465
--------
30/04/2026 4:28:35 pm: System.InvalidOperationException: Sequence contains no elements
   at System.Linq.Enumerable.Single[TSource](IEnumerable`1 source)
   at TagCreator.EngineeringViewControl._treeView_SelectedItemChanged(Object sender, RoutedPropertyChangedEventArgs`1 e) in C:\Users\DELL\Desktop\Automation Studio\Automation Studio\TagCreator\TagCreator\EngineeringView\EngineeringViewControl.xaml.cs:line 465
--------
30/04/2026 4:28:36 pm: System.InvalidOperationException: Sequence contains no elements
   at System.Linq.Enumerable.Single[TSource](IEnumerable`1 source)
   at TagCreator.EngineeringViewControl._treeView_SelectedItemChanged(Object sender, RoutedPropertyChangedEventArgs`1 e) in C:\Users\DELL\Desktop\Automation Studio\Automation Studio\TagCreator\TagCreator\EngineeringView\EngineeringViewControl.xaml.cs:line 465
--------
30/04/2026 4:34:58 pm: System.InvalidOperationException: Sequence contains no elements
   at System.Linq.Enumerable.Single[TSource](IEnumerable`1 source)
   at TagCreator.EngineeringViewControl._treeView_SelectedItemChanged(Object sender, RoutedPropertyChangedEventArgs`1 e) in C:\Users\DELL\Desktop\Automation Studio\Automation Studio\TagCreator\TagCreator\EngineeringView\EngineeringViewControl.xaml.cs:line 465
--------
30/04/2026 4:34:59 pm: System.InvalidOperationException: Sequence contains no elements
   at System.Linq.Enumerable.Single[TSource](IEnumerable`1 source)
   at TagCreator.EngineeringViewControl._treeView_SelectedItemChanged(Object sender, RoutedPropertyChangedEventArgs`1 e) in C:\Users\DELL\Desktop\Automation Studio\Automation Studio\TagCreator\TagCreator\EngineeringView\EngineeringViewControl.xaml.cs:line 465
--------
30/04/2026 4:35:00 pm: System.InvalidOperationException: Sequence contains no elements
   at System.Linq.Enumerable.Single[TSource](IEnumerable`1 source)
   at TagCreator.EngineeringViewControl._treeView_SelectedItemChanged(Object sender, RoutedPropertyChangedEventArgs`1 e) in C:\Users\DELL\Desktop\Automation Studio\Automation Studio\TagCreator\TagCreator\EngineeringView\EngineeringViewControl.xaml.cs:line 465
--------
30/04/2026 4:35:01 pm: System.InvalidOperationException: Sequence contains no elements
   at System.Linq.Enumerable.Single[TSource](IEnumerable`1 source)
   at TagCreator.EngineeringViewControl._treeView_SelectedItemChanged(Object sender, RoutedPropertyChangedEventArgs`1 e) in C:\Users\DELL\Desktop\Automation Studio\Automation Studio\TagCreator\TagCreator\EngineeringView\EngineeringViewControl.xaml.cs:line 465
--------
30/04/2026 4:35:02 pm: System.InvalidOperationException: Sequence contains no elements
   at System.Linq.Enumerable.Single[TSource](IEnumerable`1 source)
   at TagCreator.EngineeringViewControl._treeView_SelectedItemChanged(Object sender, RoutedPropertyChangedEventArgs`1 e) in C:\Users\DELL\Desktop\Automation Studio\Automation Studio\TagCreator\TagCreator\EngineeringView\EngineeringViewControl.xaml.cs:line 465
--------
30/04/2026 4:35:06 pm: System.InvalidOperationException: Sequence contains no elements
   at System.Linq.Enumerable.Single[TSource](IEnumerable`1 source)
   at TagCreator.EngineeringViewControl._treeView_SelectedItemChanged(Object sender, RoutedPropertyChangedEventArgs`1 e) in C:\Users\DELL\Desktop\Automation Studio\Automation Studio\TagCreator\TagCreator\EngineeringView\EngineeringViewControl.xaml.cs:line 465
--------
30/04/2026 4:35:09 pm: System.InvalidOperationException: Sequence contains no elements
   at System.Linq.Enumerable.Single[TSource](IEnumerable`1 source)
   at TagCreator.EngineeringViewControl._treeView_SelectedItemChanged(Object sender, RoutedPropertyChangedEventArgs`1 e) in C:\Users\DELL\Desktop\Automation Studio\Automation Studio\TagCreator\TagCreator\EngineeringView\EngineeringViewControl.xaml.cs:line 465
--------
30/04/2026 4:35:10 pm: System.InvalidOperationException: Sequence contains no elements
   at System.Linq.Enumerable.Single[TSource](IEnumerable`1 source)
   at TagCreator.EngineeringViewControl._treeView_SelectedItemChanged(Object sender, RoutedPropertyChangedEventArgs`1 e) in C:\Users\DELL\Desktop\Automation Studio\Automation Studio\TagCreator\TagCreator\EngineeringView\EngineeringViewControl.xaml.cs:line 465
--------
30/04/2026 4:35:10 pm: System.InvalidOperationException: Sequence contains no elements
   at System.Linq.Enumerable.Single[TSource](IEnumerable`1 source)
   at TagCreator.EngineeringViewControl._treeView_SelectedItemChanged(Object sender, RoutedPropertyChangedEventArgs`1 e) in C:\Users\DELL\Desktop\Automation Studio\Automation Studio\TagCreator\TagCreator\EngineeringView\EngineeringViewControl.xaml.cs:line 465
--------
30/04/2026 4:35:11 pm: System.InvalidOperationException: Sequence contains no elements
   at System.Linq.Enumerable.Single[TSource](IEnumerable`1 source)
   at TagCreator.EngineeringViewControl._treeView_SelectedItemChanged(Object sender, RoutedPropertyChangedEventArgs`1 e) in C:\Users\DELL\Desktop\Automation Studio\Automation Studio\TagCreator\TagCreator\EngineeringView\EngineeringViewControl.xaml.cs:line 465
--------
30/04/2026 4:35:13 pm: System.InvalidOperationException: Sequence contains no elements
   at System.Linq.Enumerable.Single[TSource](IEnumerable`1 source)
   at TagCreator.EngineeringViewControl._treeView_SelectedItemChanged(Object sender, RoutedPropertyChangedEventArgs`1 e) in C:\Users\DELL\Desktop\Automation Studio\Automation Studio\TagCreator\TagCreator\EngineeringView\EngineeringViewControl.xaml.cs:line 465
--------
30/04/2026 4:35:13 pm: System.InvalidOperationException: Sequence contains no elements
   at System.Linq.Enumerable.Single[TSource](IEnumerable`1 source)
   at TagCreator.EngineeringViewControl._treeView_SelectedItemChanged(Object sender, RoutedPropertyChangedEventArgs`1 e) in C:\Users\DELL\Desktop\Automation Studio\Automation Studio\TagCreator\TagCreator\EngineeringView\EngineeringViewControl.xaml.cs:line 465
--------
30/04/2026 4:35:15 pm: System.InvalidOperationException: Sequence contains no elements
   at System.Linq.Enumerable.Single[TSource](IEnumerable`1 source)
   at TagCreator.EngineeringViewControl._treeView_SelectedItemChanged(Object sender, RoutedPropertyChangedEventArgs`1 e) in C:\Users\DELL\Desktop\Automation Studio\Automation Studio\TagCreator\TagCreator\EngineeringView\EngineeringViewControl.xaml.cs:line 465
--------
30/04/2026 4:35:15 pm: System.InvalidOperationException: Sequence contains no elements
   at System.Linq.Enumerable.Single[TSource](IEnumerable`1 source)
   at TagCreator.EngineeringViewControl._treeView_SelectedItemChanged(Object sender, RoutedPropertyChangedEventArgs`1 e) in C:\Users\DELL\Desktop\Automation Studio\Automation Studio\TagCreator\TagCreator\EngineeringView\EngineeringViewControl.xaml.cs:line 465
--------
30/04/2026 4:35:17 pm: System.InvalidOperationException: Sequence contains no elements
   at System.Linq.Enumerable.Single[TSource](IEnumerable`1 source)
   at TagCreator.EngineeringViewControl._treeView_SelectedItemChanged(Object sender, RoutedPropertyChangedEventArgs`1 e) in C:\Users\DELL\Desktop\Automation Studio\Automation Studio\TagCreator\TagCreator\EngineeringView\EngineeringViewControl.xaml.cs:line 465
--------
30/04/2026 4:35:20 pm: System.InvalidOperationException: Sequence contains no elements
   at System.Linq.Enumerable.Single[TSource](IEnumerable`1 source)
   at TagCreator.EngineeringViewControl._treeView_SelectedItemChanged(Object sender, RoutedPropertyChangedEventArgs`1 e) in C:\Users\DELL\Desktop\Automation Studio\Automation Studio\TagCreator\TagCreator\EngineeringView\EngineeringViewControl.xaml.cs:line 465
--------
30/04/2026 4:35:21 pm: System.InvalidOperationException: Sequence contains no elements
   at System.Linq.Enumerable.Single[TSource](IEnumerable`1 source)
   at TagCreator.EngineeringViewControl._treeView_SelectedItemChanged(Object sender, RoutedPropertyChangedEventArgs`1 e) in C:\Users\DELL\Desktop\Automation Studio\Automation Studio\TagCreator\TagCreator\EngineeringView\EngineeringViewControl.xaml.cs:line 465
--------
30/04/2026 4:35:22 pm: System.InvalidOperationException: Sequence contains no elements
   at System.Linq.Enumerable.Single[TSource](IEnumerable`1 source)
   at TagCreator.EngineeringViewControl._treeView_SelectedItemChanged(Object sender, RoutedPropertyChangedEventArgs`1 e) in C:\Users\DELL\Desktop\Automation Studio\Automation Studio\TagCreator\TagCreator\EngineeringView\EngineeringViewControl.xaml.cs:line 465
--------
30/04/2026 4:35:24 pm: System.InvalidOperationException: Sequence contains no elements
   at System.Linq.Enumerable.Single[TSource](IEnumerable`1 source)
   at TagCreator.EngineeringViewControl._treeView_SelectedItemChanged(Object sender, RoutedPropertyChangedEventArgs`1 e) in C:\Users\DELL\Desktop\Automation Studio\Automation Studio\TagCreator\TagCreator\EngineeringView\EngineeringViewControl.xaml.cs:line 465
--------
30/04/2026 4:35:24 pm: System.InvalidOperationException: Sequence contains no elements
   at System.Linq.Enumerable.Single[TSource](IEnumerable`1 source)
   at TagCreator.EngineeringViewControl._treeView_SelectedItemChanged(Object sender, RoutedPropertyChangedEventArgs`1 e) in C:\Users\DELL\Desktop\Automation Studio\Automation Studio\TagCreator\TagCreator\EngineeringView\EngineeringViewControl.xaml.cs:line 465
--------
30/04/2026 4:35:25 pm: System.InvalidOperationException: Sequence contains no elements
   at System.Linq.Enumerable.Single[TSource](IEnumerable`1 source)
   at TagCreator.EngineeringViewControl._treeView_SelectedItemChanged(Object sender, RoutedPropertyChangedEventArgs`1 e) in C:\Users\DELL\Desktop\Automation Studio\Automation Studio\TagCreator\TagCreator\EngineeringView\EngineeringViewControl.xaml.cs:line 465
--------
30/04/2026 4:35:29 pm: System.InvalidOperationException: Sequence contains no elements
   at System.Linq.Enumerable.Single[TSource](IEnumerable`1 source)
   at TagCreator.EngineeringViewControl._treeView_SelectedItemChanged(Object sender, RoutedPropertyChangedEventArgs`1 e) in C:\Users\DELL\Desktop\Automation Studio\Automation Studio\TagCreator\TagCreator\EngineeringView\EngineeringViewControl.xaml.cs:line 465
--------
30/04/2026 4:35:29 pm: System.InvalidOperationException: Sequence contains no elements
   at System.Linq.Enumerable.Single[TSource](IEnumerable`1 source)
   at TagCreator.EngineeringViewControl._treeView_SelectedItemChanged(Object sender, RoutedPropertyChangedEventArgs`1 e) in C:\Users\DELL\Desktop\Automation Studio\Automation Studio\TagCreator\TagCreator\EngineeringView\EngineeringViewControl.xaml.cs:line 465
--------
30/04/2026 4:35:30 pm: System.InvalidOperationException: Sequence contains no elements
   at System.Linq.Enumerable.Single[TSource](IEnumerable`1 source)
   at TagCreator.EngineeringViewControl._treeView_SelectedItemChanged(Object sender, RoutedPropertyChangedEventArgs`1 e) in C:\Users\DELL\Desktop\Automation Studio\Automation Studio\TagCreator\TagCreator\EngineeringView\EngineeringViewControl.xaml.cs:line 465
--------
1/05/2026 8:17:10 am: System.InvalidOperationException: Sequence contains no elements
   at System.Linq.Enumerable.Single[TSource](IEnumerable`1 source)
   at TagCreator.EngineeringViewControl._treeView_SelectedItemChanged(Object sender, RoutedPropertyChangedEventArgs`1 e) in C:\Users\DELL\Desktop\Automation Studio\Automation Studio\TagCreator\TagCreator\EngineeringView\EngineeringViewControl.xaml.cs:line 465
--------
1/05/2026 8:17:11 am: System.InvalidOperationException: Sequence contains no elements
   at System.Linq.Enumerable.Single[TSource](IEnumerable`1 source)
   at TagCreator.EngineeringViewControl._treeView_SelectedItemChanged(Object sender, RoutedPropertyChangedEventArgs`1 e) in C:\Users\DELL\Desktop\Automation Studio\Automation Studio\TagCreator\TagCreator\EngineeringView\EngineeringViewControl.xaml.cs:line 465
--------
1/05/2026 8:17:12 am: System.InvalidOperationException: Sequence contains no elements
   at System.Linq.Enumerable.Single[TSource](IEnumerable`1 source)
   at TagCreator.EngineeringViewControl._treeView_SelectedItemChanged(Object sender, RoutedPropertyChangedEventArgs`1 e) in C:\Users\DELL\Desktop\Automation Studio\Automation Studio\TagCreator\TagCreator\EngineeringView\EngineeringViewControl.xaml.cs:line 465
--------
1/05/2026 8:17:13 am: System.InvalidOperationException: Sequence contains no elements
   at System.Linq.Enumerable.Single[TSource](IEnumerable`1 source)
   at TagCreator.EngineeringViewControl._treeView_SelectedItemChanged(Object sender, RoutedPropertyChangedEventArgs`1 e) in C:\Users\DELL\Desktop\Automation Studio\Automation Studio\TagCreator\TagCreator\EngineeringView\EngineeringViewControl.xaml.cs:line 465
--------
1/05/2026 8:17:14 am: System.InvalidOperationException: Sequence contains no elements
   at System.Linq.Enumerable.Single[TSource](IEnumerable`1 source)
   at TagCreator.EngineeringViewControl._treeView_SelectedItemChanged(Object sender, RoutedPropertyChangedEventArgs`1 e) in C:\Users\DELL\Desktop\Automation Studio\Automation Studio\TagCreator\TagCreator\EngineeringView\EngineeringViewControl.xaml.cs:line 465
--------
1/05/2026 8:17:15 am: System.InvalidOperationException: Sequence contains no elements
   at System.Linq.Enumerable.Single[TSource](IEnumerable`1 source)
   at TagCreator.EngineeringViewControl._treeView_SelectedItemChanged(Object sender, RoutedPropertyChangedEventArgs`1 e) in C:\Users\DELL\Desktop\Automation Studio\Automation Studio\TagCreator\TagCreator\EngineeringView\EngineeringViewControl.xaml.cs:line 465
--------
1/05/2026 8:17:16 am: System.InvalidOperationException: Sequence contains no elements
   at System.Linq.Enumerable.Single[TSource](IEnumerable`1 source)
   at TagCreator.EngineeringViewControl._treeView_SelectedItemChanged(Object sender, RoutedPropertyChangedEventArgs`1 e) in C:\Users\DELL\Desktop\Automation Studio\Automation Studio\TagCreator\TagCreator\EngineeringView\EngineeringViewControl.xaml.cs:line 465
--------
1/05/2026 8:17:59 am: System.InvalidOperationException: Sequence contains no elements
   at System.Linq.Enumerable.Single[TSource](IEnumerable`1 source)
   at TagCreator.EngineeringViewControl._treeView_SelectedItemChanged(Object sender, RoutedPropertyChangedEventArgs`1 e) in C:\Users\DELL\Desktop\Automation Studio\Automation Studio\TagCreator\TagCreator\EngineeringView\EngineeringViewControl.xaml.cs:line 465
--------
1/05/2026 8:18:00 am: System.InvalidOperationException: Sequence contains no elements
   at System.Linq.Enumerable.Single[TSource](IEnumerable`1 source)
   at TagCreator.EngineeringViewControl._treeView_SelectedItemChanged(Object sender, RoutedPropertyChangedEventArgs`1 e) in C:\Users\DELL\Desktop\Automation Studio\Automation Studio\TagCreator\TagCreator\EngineeringView\EngineeringViewControl.xaml.cs:line 465
--------
1/05/2026 8:18:00 am: System.InvalidOperationException: Sequence contains no elements
   at System.Linq.Enumerable.Single[TSource](IEnumerable`1 source)
   at TagCreator.EngineeringViewControl._treeView_SelectedItemChanged(Object sender, RoutedPropertyChangedEventArgs`1 e) in C:\Users\DELL\Desktop\Automation Studio\Automation Studio\TagCreator\TagCreator\EngineeringView\EngineeringViewControl.xaml.cs:line 465
--------
1/05/2026 8:18:01 am: System.InvalidOperationException: Sequence contains no elements
   at System.Linq.Enumerable.Single[TSource](IEnumerable`1 source)
   at TagCreator.EngineeringViewControl._treeView_SelectedItemChanged(Object sender, RoutedPropertyChangedEventArgs`1 e) in C:\Users\DELL\Desktop\Automation Studio\Automation Studio\TagCreator\TagCreator\EngineeringView\EngineeringViewControl.xaml.cs:line 465
--------
1/05/2026 8:18:02 am: System.InvalidOperationException: Sequence contains no elements
   at System.Linq.Enumerable.Single[TSource](IEnumerable`1 source)
   at TagCreator.EngineeringViewControl._treeView_SelectedItemChanged(Object sender, RoutedPropertyChangedEventArgs`1 e) in C:\Users\DELL\Desktop\Automation Studio\Automation Studio\TagCreator\TagCreator\EngineeringView\EngineeringViewControl.xaml.cs:line 465
--------
1/05/2026 8:18:03 am: System.InvalidOperationException: Sequence contains no elements
   at System.Linq.Enumerable.Single[TSource](IEnumerable`1 source)
   at TagCreator.EngineeringViewControl._treeView_SelectedItemChanged(Object sender, RoutedPropertyChangedEventArgs`1 e) in C:\Users\DELL\Desktop\Automation Studio\Automation Studio\TagCreator\TagCreator\EngineeringView\EngineeringViewControl.xaml.cs:line 465
--------
1/05/2026 8:18:03 am: System.InvalidOperationException: Sequence contains no elements
   at System.Linq.Enumerable.Single[TSource](IEnumerable`1 source)
   at TagCreator.EngineeringViewControl._treeView_SelectedItemChanged(Object sender, RoutedPropertyChangedEventArgs`1 e) in C:\Users\DELL\Desktop\Automation Studio\Automation Studio\TagCreator\TagCreator\EngineeringView\EngineeringViewControl.xaml.cs:line 465
--------
1/05/2026 8:18:06 am: System.InvalidOperationException: Sequence contains no elements
   at System.Linq.Enumerable.Single[TSource](IEnumerable`1 source)
   at TagCreator.EngineeringViewControl._treeView_SelectedItemChanged(Object sender, RoutedPropertyChangedEventArgs`1 e) in C:\Users\DELL\Desktop\Automation Studio\Automation Studio\TagCreator\TagCreator\EngineeringView\EngineeringViewControl.xaml.cs:line 465
--------
1/05/2026 8:18:07 am: System.InvalidOperationException: Sequence contains no elements
   at System.Linq.Enumerable.Single[TSource](IEnumerable`1 source)
   at TagCreator.EngineeringViewControl._treeView_SelectedItemChanged(Object sender, RoutedPropertyChangedEventArgs`1 e) in C:\Users\DELL\Desktop\Automation Studio\Automation Studio\TagCreator\TagCreator\EngineeringView\EngineeringViewControl.xaml.cs:line 465
--------
1/05/2026 8:18:07 am: System.InvalidOperationException: Sequence contains no elements
   at System.Linq.Enumerable.Single[TSource](IEnumerable`1 source)
   at TagCreator.EngineeringViewControl._treeView_SelectedItemChanged(Object sender, RoutedPropertyChangedEventArgs`1 e) in C:\Users\DELL\Desktop\Automation Studio\Automation Studio\TagCreator\TagCreator\EngineeringView\EngineeringViewControl.xaml.cs:line 465
--------
1/05/2026 8:18:08 am: System.InvalidOperationException: Sequence contains no elements
   at System.Linq.Enumerable.Single[TSource](IEnumerable`1 source)
   at TagCreator.EngineeringViewControl._treeView_SelectedItemChanged(Object sender, RoutedPropertyChangedEventArgs`1 e) in C:\Users\DELL\Desktop\Automation Studio\Automation Studio\TagCreator\TagCreator\EngineeringView\EngineeringViewControl.xaml.cs:line 465
--------
1/05/2026 8:18:09 am: System.InvalidOperationException: Sequence contains no elements
   at System.Linq.Enumerable.Single[TSource](IEnumerable`1 source)
   at TagCreator.EngineeringViewControl._treeView_SelectedItemChanged(Object sender, RoutedPropertyChangedEventArgs`1 e) in C:\Users\DELL\Desktop\Automation Studio\Automation Studio\TagCreator\TagCreator\EngineeringView\EngineeringViewControl.xaml.cs:line 465
--------
1/05/2026 8:18:09 am: System.InvalidOperationException: Sequence contains no elements
   at System.Linq.Enumerable.Single[TSource](IEnumerable`1 source)
   at TagCreator.EngineeringViewControl._treeView_SelectedItemChanged(Object sender, RoutedPropertyChangedEventArgs`1 e) in C:\Users\DELL\Desktop\Automation Studio\Automation Studio\TagCreator\TagCreator\EngineeringView\EngineeringViewControl.xaml.cs:line 465
--------
1/05/2026 8:18:10 am: System.InvalidOperationException: Sequence contains no elements
   at System.Linq.Enumerable.Single[TSource](IEnumerable`1 source)
   at TagCreator.EngineeringViewControl._treeView_SelectedItemChanged(Object sender, RoutedPropertyChangedEventArgs`1 e) in C:\Users\DELL\Desktop\Automation Studio\Automation Studio\TagCreator\TagCreator\EngineeringView\EngineeringViewControl.xaml.cs:line 465
--------
1/05/2026 8:18:35 am: System.InvalidOperationException: Sequence contains no elements
   at System.Linq.Enumerable.Single[TSource](IEnumerable`1 source)
   at TagCreator.EngineeringViewControl._treeView_SelectedItemChanged(Object sender, RoutedPropertyChangedEventArgs`1 e) in C:\Users\DELL\Desktop\Automation Studio\Automation Studio\TagCreator\TagCreator\EngineeringView\EngineeringViewControl.xaml.cs:line 465
--------
1/05/2026 8:18:35 am: System.InvalidOperationException: Sequence contains no elements
   at System.Linq.Enumerable.Single[TSource](IEnumerable`1 source)
   at TagCreator.EngineeringViewControl._treeView_SelectedItemChanged(Object sender, RoutedPropertyChangedEventArgs`1 e) in C:\Users\DELL\Desktop\Automation Studio\Automation Studio\TagCreator\TagCreator\EngineeringView\EngineeringViewControl.xaml.cs:line 465
--------
1/05/2026 8:18:45 am: System.InvalidOperationException: Sequence contains no elements
   at System.Linq.Enumerable.Single[TSource](IEnumerable`1 source)
   at TagCreator.EngineeringViewControl._treeView_SelectedItemChanged(Object sender, RoutedPropertyChangedEventArgs`1 e) in C:\Users\DELL\Desktop\Automation Studio\Automation Studio\TagCreator\TagCreator\EngineeringView\EngineeringViewControl.xaml.cs:line 465
--------
1/05/2026 8:18:45 am: System.InvalidOperationException: Sequence contains no elements
   at System.Linq.Enumerable.Single[TSource](IEnumerable`1 source)
   at TagCreator.EngineeringViewControl._treeView_SelectedItemChanged(Object sender, RoutedPropertyChangedEventArgs`1 e) in C:\Users\DELL\Desktop\Automation Studio\Automation Studio\TagCreator\TagCreator\EngineeringView\EngineeringViewControl.xaml.cs:line 465
--------
1/05/2026 8:18:46 am: System.InvalidOperationException: Sequence contains no elements
   at System.Linq.Enumerable.Single[TSource](IEnumerable`1 source)
   at TagCreator.EngineeringViewControl._treeView_SelectedItemChanged(Object sender, RoutedPropertyChangedEventArgs`1 e) in C:\Users\DELL\Desktop\Automation Studio\Automation Studio\TagCreator\TagCreator\EngineeringView\EngineeringViewControl.xaml.cs:line 465
--------
1/05/2026 8:18:48 am: System.InvalidOperationException: Sequence contains no elements
   at System.Linq.Enumerable.Single[TSource](IEnumerable`1 source)
   at TagCreator.EngineeringViewControl._treeView_SelectedItemChanged(Object sender, RoutedPropertyChangedEventArgs`1 e) in C:\Users\DELL\Desktop\Automation Studio\Automation Studio\TagCreator\TagCreator\EngineeringView\EngineeringViewControl.xaml.cs:line 465
--------
1/05/2026 8:18:49 am: System.InvalidOperationException: Sequence contains no elements
   at System.Linq.Enumerable.Single[TSource](IEnumerable`1 source)
   at TagCreator.EngineeringViewControl._treeView_SelectedItemChanged(Object sender, RoutedPropertyChangedEventArgs`1 e) in C:\Users\DELL\Desktop\Automation Studio\Automation Studio\TagCreator\TagCreator\EngineeringView\EngineeringViewControl.xaml.cs:line 465
--------
1/05/2026 8:18:51 am: System.InvalidOperationException: Sequence contains no elements
   at System.Linq.Enumerable.Single[TSource](IEnumerable`1 source)
   at TagCreator.EngineeringViewControl._treeView_SelectedItemChanged(Object sender, RoutedPropertyChangedEventArgs`1 e) in C:\Users\DELL\Desktop\Automation Studio\Automation Studio\TagCreator\TagCreator\EngineeringView\EngineeringViewControl.xaml.cs:line 465
--------
1/05/2026 10:20:34 am: System.NullReferenceException: Object reference not set to an instance of an object.
   at TagCreator.EngineeringViewControl._treeView_SelectedItemChanged(Object sender, RoutedPropertyChangedEventArgs`1 e) in C:\Users\DELL\Desktop\Automation Studio\Automation Studio\TagCreator\TagCreator\EngineeringView\EngineeringViewControl.xaml.cs:line 413
--------
